id,language,text,intent,source
1,en,roofcaved in during the quake,building_collapse_report,english_dataset.csv
2,en,what is thecurrent situation,status_check_general,english_dataset.csv
3,en,what is the current situation,status_check_general,english_dataset.csv
4,en,building on firenear Lalitpur,fire_incident_report,english_dataset.csv
5,en,hey htere,greeting,english_dataset.csv
6,en,strong gas smell in the building,gas_leak_report,english_dataset.csv
7,en,hleo,greeting,english_dataset.csv
8,en,nearesst open ground for evacuation,safe_location_query,english_dataset.csv
9,en,earthquake hhit Pokhara just now,earthquake_occurring_report,english_dataset.csv
10,en,wat to do during evacuation,evacuation_guidance_query,english_dataset.csv
11,en,earthquake hit Pokhara jst now,earthquake_occurring_report,english_dataset.csv
12,en,strong tremor felt justnow,earthquake_occurring_report,english_dataset.csv
13,en,good evening!!!,greeting,english_dataset.csv
14,en,my father having chest pain pls,medical_emergency_request,english_dataset.csv
15,en,hmm,fallback_unclear,english_dataset.csv
16,en,my grandmother collapsed an dnot waking up,medical_emergency_request,english_dataset.csv
17,en,electricit is out across the neighborhood,power_outage_report,english_dataset.csv
18,en,my grandfather collapsed and not wakinng up,medical_emergency_request,english_dataset.csv
19,en,road blocked by landslide near Gorkha,road_blockage_report,english_dataset.csv
20,en,my brother has a deepwound,injury_report,english_dataset.csv
21,en,need clean drinking waetr urgently,food_water_request,english_dataset.csv
22,en,aparmtent block collapsed nearby,building_collapse_report,english_dataset.csv
23,en,critical patient needs ambulance now pls,medical_emergency_request,english_dataset.csv
24,en,how to evacuate with elderly people,evacuation_guidance_query,english_dataset.csv
25,en,found my grandfather at the relief camp asap,family_reunification_status,english_dataset.csv
26,en,nepal red cross helplinenumber,emergency_contact_request,english_dataset.csv
27,en,where is the nearest safe zone,safe_location_query,english_dataset.csv
28,en,building on fire near Kathmandu plz,fire_incident_report,english_dataset.csv
29,en,theground is shaking,earthquake_occurring_report,english_dataset.csv
30,en,where is the designated safe zone in Lalitpur???,safe_location_query,english_dataset.csv
31,en,my gradmother has been located safely,family_reunification_status,english_dataset.csv
32,en,worried abut gas leak in apartment,gas_leak_report,english_dataset.csv
33,en,my grandmotheris stuck under the roof,trapped_debris_report,english_dataset.csv
34,en,my sonn is trapped under debris,trapped_debris_report,english_dataset.csv
35,en,medical help needed urgently,medical_emergency_request,english_dataset.csv
36,en,who inspects buidling safety after earthquake,building_damage_check,english_dataset.csv
37,en,cannot reach Gorkha road is closed!!!,road_blockage_report,english_dataset.csv
38,en,entirebuilding came down in Jajarkot,building_collapse_report,english_dataset.csv
39,en,my grandfather is unconscious,medical_emergency_request,english_dataset.csv
40,en,thanks that's all,goodbye_thanks,english_dataset.csv
41,en,what to do during evacuation,evacuation_guidance_query,english_dataset.csv
42,en,steps to evacuate the building,evacuation_guidance_query,english_dataset.csv
43,en,hey QSFAE,greeting,english_dataset.csv
44,en,seend help,sos_help_request,english_dataset.csv
45,en,my brother has a deep wound,injury_report,english_dataset.csv
46,en,earthquake hit Bhaktapur just now,earthquake_occurring_report,english_dataset.csv
47,en,how to ehlp choking person,first_aid_query,english_dataset.csv
48,en,tent camp location neeedd,shelter_request,english_dataset.csv
49,en,cannot find my son after thequake,family_member_missing,english_dataset.csv
50,en,i need elp,sos_help_request,english_dataset.csv
51,en,stuck nuder a collapsed wall,trapped_debris_report,english_dataset.csv
52,en,how to register a found amily member,family_reunification_status,english_dataset.csv
53,en,evacuation instructions please,evacuation_guidance_query,english_dataset.csv
54,en,"thank you, tha helped",goodbye_thanks,english_dataset.csv
55,en,safest way to leave the building,evacuation_guidance_query,english_dataset.csv
56,en,we just felt an earthquake in Gorkha???,earthquake_occurring_report,english_dataset.csv
57,en,hey,greeting,english_dataset.csv
58,en,cannot find my son after the quake,family_member_missing,english_dataset.csv
59,en,how many aftershocks re expected,aftershock_information_query,english_dataset.csv
60,en,where is the designated safe zone in Bhaktapur,safe_location_query,english_dataset.csv
61,en,critical patient needs ambulance now,medical_emergency_request,english_dataset.csv
62,en,my brother has been olcated safely,family_reunification_status,english_dataset.csv
63,en,my father fell and hurt back???,injury_report,english_dataset.csv
64,en,can i go back inside my house now,building_damage_check,english_dataset.csv
65,en,my sister has adeep wound,injury_report,english_dataset.csv
66,en,idk???,fallback_unclear,english_dataset.csv
67,en,how to treat  cut wound,first_aid_query,english_dataset.csv
68,en,aftershock update please,aftershock_information_query,english_dataset.csv
69,en,my grandmother has been located safely,family_reunification_status,english_dataset.csv
70,en,need tents for the nnight,shelter_request,english_dataset.csv
71,en,need drinking water asap,food_water_request,english_dataset.csv
72,en,evacuation plan for Gorkha,evacuation_guidance_query,english_dataset.csv
73,en,child helpline number urgent pls,emergency_contact_request,english_dataset.csv
74,en,is it safe to sleep indoors after aftershocks pls,aftershock_information_query,english_dataset.csv
75,en,my father is trapped under debris,trapped_debris_report,english_dataset.csv
76,en,is aonther earthquake coming,aftershock_information_query,english_dataset.csv
77,en,tell me what to do immediately,status_check_general,english_dataset.csv
78,en,this is not related to earhtquake,fallback_unclear,english_dataset.csv
79,en,"gas elak, please advise",gas_leak_report,english_dataset.csv
80,en,help pls,sos_help_request,english_dataset.csv
81,en,want to update status that my motheris safe,family_reunification_status,english_dataset.csv
82,en,fire spreading fast in Pokhara,fire_incident_report,english_dataset.csv
83,en,what should be in anemergency kit,preparedness_tips_query,english_dataset.csv
84,en,want to upddate status that my grandmother is safe,family_reunification_status,english_dataset.csv
85,en,my mother is stuck under the roof,trapped_debris_report,english_dataset.csv
86,en,who madeyou,fallback_unclear,english_dataset.csv
87,en,hi asap,greeting,english_dataset.csv
88,en,electricity cut off in our area,power_outage_report,english_dataset.csv
89,en,traped need rescue team,trapped_debris_report,english_dataset.csv
90,en,is my apartment structurally safe now,building_damage_check,english_dataset.csv
91,en,helloo sir,greeting,english_dataset.csv
92,en,how ol dare you,fallback_unclear,english_dataset.csv
93,en,bleedng from head,injury_report,english_dataset.csv
94,en,bye help,goodbye_thanks,english_dataset.csv
95,en,power lines dow nin Pokhara,power_outage_report,english_dataset.csv
96,en,trapped in thecollapsed house,trapped_debris_report,english_dataset.csv
97,en,broken ram need help,injury_report,english_dataset.csv
98,en,head injury from falling debris,injury_report,english_dataset.csv
99,en,want to update status that my grandmother is safe,family_reunification_status,english_dataset.csv
100,en,cananyone help,sos_help_request,english_dataset.csv
101,en,we just felt an earthquake in Gorkha,earthquake_occurring_report,english_dataset.csv
102,en,how to prepare an earthquake go bag plz,preparedness_tips_query,english_dataset.csv
103,en,ok thanks bye plz,goodbye_thanks,english_dataset.csv
104,en,evacuation pla nfor Gorkha,evacuation_guidance_query,english_dataset.csv
105,en,my sister is unconscious,medical_emergency_request,english_dataset.csv
106,en,cannot reach Pokhararoad is closed,road_blockage_report,english_dataset.csv
107,en,earthquake alert,earthquake_occurring_report,english_dataset.csv
108,en,safeplace kaha xa near Gorkha,safe_location_query,english_dataset.csv
109,en,building collapsed in Pokhara,building_collapse_report,english_dataset.csv
110,en,tell me what to do immeidately,status_check_general,english_dataset.csv
111,en,good orning,greeting,english_dataset.csv
112,en,help now,sos_help_request,english_dataset.csv
113,en,lost contact with my mother,family_member_missing,english_dataset.csv
114,en,weneed help,sos_help_request,english_dataset.csv
115,en,tent camp location needed,shelter_request,english_dataset.csv
116,en,my grandfather is stuck under the roof???,trapped_debris_report,english_dataset.csv
117,en,gas stove caused fire,fire_incident_report,english_dataset.csv
118,en,my sister hasbeen located safely,family_reunification_status,english_dataset.csv
119,en,earthquake preparedness tips please pls,preparedness_tips_query,english_dataset.csv
120,en,how many fatershocks are expected,aftershock_information_query,english_dataset.csv
121,en,bridge collapsed near Gorkha,road_blockage_report,english_dataset.csv
122,en,woh made you,fallback_unclear,english_dataset.csv
123,en,are you a real person,fallback_unclear,english_dataset.csv
124,en,my grandmother has eben located safely,family_reunification_status,english_dataset.csv
125,en,medical help needed urgently now,medical_emergency_request,english_dataset.csv
126,en,need shelter for myy family,shelter_request,english_dataset.csv
127,en,road blocked by landslide near Lalitpur asap,road_blockage_report,english_dataset.csv
128,en,which open area is saf eto gather,safe_location_query,english_dataset.csv
129,en,cooll thanks,goodbye_thanks,english_dataset.csv
130,en,cannot reach Jajarkot road is closed,road_blockage_report,english_dataset.csv
131,en,give me next steps please???,status_check_general,english_dataset.csv
132,en,help requuired,sos_help_request,english_dataset.csv
133,en,what's the weatherl ike,fallback_unclear,english_dataset.csv
134,en,electricity is out across the neighborhood urgent pls,power_outage_report,english_dataset.csv
135,en,building ollapsed in Bhaktapur,building_collapse_report,english_dataset.csv
136,en,test,fallback_unclear,english_dataset.csv
137,en,what is th eevacuation route,evacuation_guidance_query,english_dataset.csv
138,en,small firein the kitchen,fire_incident_report,english_dataset.csv
139,en,reunited with my brothe rnow,family_reunification_status,english_dataset.csv
140,en,yo help,greeting,english_dataset.csv
141,en,nepal red cross helpline nummber,emergency_contact_request,english_dataset.csv
142,en,my brother is stuck under the roof now,trapped_debris_report,english_dataset.csv
143,en,how to prepare kids for earthquake drills,preparedness_tips_query,english_dataset.csv
144,en,power outage in Lalitpur,power_outage_report,english_dataset.csv
145,en,greetinngs,greeting,english_dataset.csv
146,en,first aid for a broken arm,first_aid_query,english_dataset.csv
147,en,need ambulance at Gorkha now,medical_emergency_request,english_dataset.csv
148,en,where is the designnated safe zone in Kathmandu,safe_location_query,english_dataset.csv
149,en,can you sing a song urgent pls,fallback_unclear,english_dataset.csv
150,en,need tnts for the night,shelter_request,english_dataset.csv
151,en,my fathe fell and hurt back,injury_report,english_dataset.csv
152,en,best practices for earthquake preparedness at home,preparedness_tips_query,english_dataset.csv
153,en,anyonethere help,sos_help_request,english_dataset.csv
154,en,my mother has been located safely,family_reunification_status,english_dataset.csv
155,en,safe place nearr me,safe_location_query,english_dataset.csv
156,en,aftershock warning for Kathmandu,aftershock_information_query,english_dataset.csv
157,en,themain road is blocked,road_blockage_report,english_dataset.csv
158,en,shoul we evacuate now,evacuation_guidance_query,english_dataset.csv
159,en,reunited with my mtoher now,family_reunification_status,english_dataset.csv
160,en,123456,fallback_unclear,english_dataset.csv
161,en,tell me what to do immedaitely,status_check_general,english_dataset.csv
162,en,the house is shaking badly,earthquake_occurring_report,english_dataset.csv
163,en,roof caved in during the quake,building_collapse_report,english_dataset.csv
164,en,cannot reach Kathmandu road is closed,road_blockage_report,english_dataset.csv
165,en,no food since yesterday,food_water_request,english_dataset.csv
166,en,my grandmother needs ambulance urgently,medical_emergency_request,english_dataset.csv
167,en,searching for my sister in Kathmandu!!!,family_member_missing,english_dataset.csv
168,en,evacuation plan for Pokhara,evacuation_guidance_query,english_dataset.csv
169,en,my mother is stuckunder the roof,trapped_debris_report,english_dataset.csv
170,en,any relief camp nearby,shelter_request,english_dataset.csv
171,en,thanks a lot,goodbye_thanks,english_dataset.csv
172,en,no house to stay need shelterurgently,shelter_request,english_dataset.csv
173,en,nearest open ground ofr evacuation,safe_location_query,english_dataset.csv
174,en,need baby formula and water,food_water_request,english_dataset.csv
175,en,aftershock warning for Pokhara,aftershock_information_query,english_dataset.csv
176,en,my grandmother having chest pain,medical_emergency_request,english_dataset.csv
177,en,what hsould be in an emergency kit,preparedness_tips_query,english_dataset.csv
178,en,we need help,sos_help_request,english_dataset.csv
179,en,my grandfather is stuck under the roof,trapped_debris_report,english_dataset.csv
180,en,howto make my house earthquake safe,preparedness_tips_query,english_dataset.csv
181,en,my grandmother needs ambulnce urgently,medical_emergency_request,english_dataset.csv
182,en,my father phone not reachable ince quake,family_member_missing,english_dataset.csv
183,en,hurt my leg during earthquake asap,injury_report,english_dataset.csv
184,en,hi bot,greeting,english_dataset.csv
185,en,searchingfor my brother in Lalitpur,family_member_missing,english_dataset.csv
186,en,where is the nearest relief camp,shelter_request,english_dataset.csv
187,en,tentcamp location needed,shelter_request,english_dataset.csv
188,en,help,sos_help_request,english_dataset.csv
189,en,electricity is out across the neighborhood,power_outage_report,english_dataset.csv
190,en,severe bleedingneed medic,medical_emergency_request,english_dataset.csv
191,en,evacuatoin plan for Pokhara,evacuation_guidance_query,english_dataset.csv
192,en,how to stop bleeding,first_aid_query,english_dataset.csv
193,en,my mother collapsed and not waking up,medical_emergency_request,english_dataset.csv
194,en,is this ane arthquake,earthquake_occurring_report,english_dataset.csv
195,en,earthquake hit Gorkha 5 minutes ago,earthquake_occurring_report,english_dataset.csv
196,en,is it safe to stay in this house,building_damage_check,english_dataset.csv
197,en,safe place kaha xa near Bhaktapur,safe_location_query,english_dataset.csv
198,en,power lines down in Gorka,power_outage_report,english_dataset.csv
199,en,thanks for the hhelp,goodbye_thanks,english_dataset.csv
200,en,earthquake inLalitpur,earthquake_occurring_report,english_dataset.csv
201,en,no house to stay need shelter urgently,shelter_request,english_dataset.csv
202,en,my grandmother collapsed and no waking up,medical_emergency_request,english_dataset.csv
203,en,shelter needed for my brother and kids pls,shelter_request,english_dataset.csv
204,en,how to help chokingg person,first_aid_query,english_dataset.csv
205,en,need ration for my mother,food_water_request,english_dataset.csv
206,en,hey there now,greeting,english_dataset.csv
207,en,steps to evacuate the buillding,evacuation_guidance_query,english_dataset.csv
208,en,safe place kaha xa near Lalitpur pls,safe_location_query,english_dataset.csv
209,en,our house collappsed completely,building_collapse_report,english_dataset.csv
210,en,massive shaking right now,earthquake_occurring_report,english_dataset.csv
211,en,power outage in Gorkha,power_outage_report,english_dataset.csv
212,en,123456 pls,fallback_unclear,english_dataset.csv
213,en,building collapsed in Lalitpur,building_collapse_report,english_dataset.csv
214,en,cannot reach Jajarkot roadis closed,road_blockage_report,english_dataset.csv
215,en,gas leak please advise,gas_leak_report,english_dataset.csv
216,en,help ow,sos_help_request,english_dataset.csv
217,en,fire spreading fast in Kathmandu!!!,fire_incident_report,english_dataset.csv
218,en,buuilding tilted slightly is it dangerous,building_damage_check,english_dataset.csv
219,en,my grandmotheris unconscious,medical_emergency_request,english_dataset.csv
220,en,thankks,goodbye_thanks,english_dataset.csv
221,en,road blocked by landslide near Jajarkot,road_blockage_report,english_dataset.csv
222,en,reunited with my mother now,family_reunification_status,english_dataset.csv
223,en,"thankyou, that helped",goodbye_thanks,english_dataset.csv
224,en,cut on my leg bleeding now,injury_report,english_dataset.csv
225,en,heart attack symptoms need doctor,medical_emergency_request,english_dataset.csv
226,en,what should i do right now,status_check_general,english_dataset.csv
227,en,much aappreciated,goodbye_thanks,english_dataset.csv
228,en,how to stoop bleeding,first_aid_query,english_dataset.csv
229,en,how do i know if my building is safe,building_damage_check,english_dataset.csv
230,en,we are stuck inside walls collapsed,trapped_debris_report,english_dataset.csv
231,en,building on fire near Kathmandu,fire_incident_report,english_dataset.csv
232,en,fire spreadng fast in Jajarkot,fire_incident_report,english_dataset.csv
233,en,my grandfathe rdid not come home yet,family_member_missing,english_dataset.csv
234,en,small fire in the kitchen,fire_incident_report,english_dataset.csv
235,en,hoow to help someone who fainted,first_aid_query,english_dataset.csv
236,en,ok bye,goodbye_thanks,english_dataset.csv
237,en,apartment block collapsed nearby,building_collapse_report,english_dataset.csv
238,en,my motheris stuck under the roof,trapped_debris_report,english_dataset.csv
239,en,iddk,fallback_unclear,english_dataset.csv
240,en,trapped need rescueteam,trapped_debris_report,english_dataset.csv
241,en,how to prepare kids foor earthquake drills,preparedness_tips_query,english_dataset.csv
242,en,fire spreading fast in BBhaktapur,fire_incident_report,english_dataset.csv
243,en,strong gas smell in the building now,gas_leak_report,english_dataset.csv
244,en,aftershock warinng for Lalitpur,aftershock_information_query,english_dataset.csv
245,en,help ls,sos_help_request,english_dataset.csv
246,en,fire broke out after the earthquake,fire_incident_report,english_dataset.csv
247,en,huh,fallback_unclear,english_dataset.csv
248,en,water supply cut off need water,food_water_request,english_dataset.csv
249,en,my father needs ambulannce urgently,medical_emergency_request,english_dataset.csv
250,en,building on fire near Jajarkot,fire_incident_report,english_dataset.csv
251,en,power lines down in Laliitpur,power_outage_report,english_dataset.csv
252,en,i need help now plz,sos_help_request,english_dataset.csv
253,en,how to plana family emergency meeting point,preparedness_tips_query,english_dataset.csv
254,en,there is afire in Bhaktapur,fire_incident_report,english_dataset.csv
255,en,building on fire near Lalitpur,fire_incident_report,english_dataset.csv
256,en,reunitedwith my mother now,family_reunification_status,english_dataset.csv
257,en,fire broke out afterthe earthquake,fire_incident_report,english_dataset.csv
258,en,road damaged after eartqhuake,road_blockage_report,english_dataset.csv
259,en,cannot reach Lalitpur road is closed,road_blockage_report,english_dataset.csv
260,en,can i go back insidde my house now,building_damage_check,english_dataset.csv
261,en,gas leak near oGrkha,gas_leak_report,english_dataset.csv
262,en,where can we take shelter safely,safe_location_query,english_dataset.csv
263,en,hmmm,fallback_unclear,english_dataset.csv
264,en,anyone there help,sos_help_request,english_dataset.csv
265,en,there are cracks in the wall,building_damage_check,english_dataset.csv
266,en,random text here!!!,fallback_unclear,english_dataset.csv
267,en,thanks thats' all,goodbye_thanks,english_dataset.csv
268,en,power lines down in Jjaarkot,power_outage_report,english_dataset.csv
269,en,entire uilding came down in Lalitpur,building_collapse_report,english_dataset.csv
270,en,can you sing a song,fallback_unclear,english_dataset.csv
271,en,my father having chestpain,medical_emergency_request,english_dataset.csv
272,en,where is the designated safe zone in Gorkha,safe_location_query,english_dataset.csv
273,en,evacuation plan for Lalitpur,evacuation_guidance_query,english_dataset.csv
274,en,someboy help,sos_help_request,english_dataset.csv
275,en,power outagein Gorkha,power_outage_report,english_dataset.csv
276,en,someone fainted need medical help???,medical_emergency_request,english_dataset.csv
277,en,safe place kaha x anear Kathmandu,safe_location_query,english_dataset.csv
278,en,my father having chest pain,medical_emergency_request,english_dataset.csv
279,en,what actions should i take now,status_check_general,english_dataset.csv
280,en,guide me on what to do,status_check_general,english_dataset.csv
281,en,greetings,greeting,english_dataset.csv
282,en,evacuation plan for Lalitpur urgent pls,evacuation_guidance_query,english_dataset.csv
283,en,medicalemergency please help,medical_emergency_request,english_dataset.csv
284,en,where should i go for safety,safe_location_query,english_dataset.csv
285,en,help help,sos_help_request,english_dataset.csv
286,en,searching for my granfdather in Bhaktapur,family_member_missing,english_dataset.csv
287,en,highway blockeddue to debris,road_blockage_report,english_dataset.csv
288,en,should iexpect more tremors tonight,aftershock_information_query,english_dataset.csv
289,en,gas laek near Pokhara,gas_leak_report,english_dataset.csv
290,en,kitchen caught fire during quake,fire_incident_report,english_dataset.csv
291,en,"trapped, please send rescue",trapped_debris_report,english_dataset.csv
292,en,thanksbro,goodbye_thanks,english_dataset.csv
293,en,thank you,goodbye_thanks,english_dataset.csv
294,en,need ration for my sister plz,food_water_request,english_dataset.csv
295,en,earthquake hit Kathmandu justnow,earthquake_occurring_report,english_dataset.csv
296,en,stuck can't get out,trapped_debris_report,english_dataset.csv
297,en,hllp me,sos_help_request,english_dataset.csv
298,en,nearest safe assembly point,safe_location_query,english_dataset.csv
299,en,need help,sos_help_request,english_dataset.csv
300,en,cylinderleaking gas,gas_leak_report,english_dataset.csv
301,en,have not heard from my mother since morning,family_member_missing,english_dataset.csv
302,en,shelter needed for my fahter and kids,shelter_request,english_dataset.csv
303,en,somebody help,sos_help_request,english_dataset.csv
304,en,gr8 thanks,goodbye_thanks,english_dataset.csv
305,en,my mother has been located safely!!!,family_reunification_status,english_dataset.csv
306,en,fire spreading fast in Jajarkot,fire_incident_report,english_dataset.csv
307,en,no electricity since the earhquake,power_outage_report,english_dataset.csv
308,en,there are cracks in thewall,building_damage_check,english_dataset.csv
309,en,lost contact with my brother,family_member_missing,english_dataset.csv
310,en,safe place kaha xa near Lalitpur help,safe_location_query,english_dataset.csv
311,en,need rattion for my mother,food_water_request,english_dataset.csv
312,en,need tents for the night,shelter_request,english_dataset.csv
313,en,entire building came down in Bhaktapur,building_collapse_report,english_dataset.csv
314,en,searching for my grandfather iin Lalitpur,family_member_missing,english_dataset.csv
315,en,my brother has been located safely help,family_reunification_status,english_dataset.csv
316,en,what ccan you do,fallback_unclear,english_dataset.csv
317,en,gas leak nearBhaktapur,gas_leak_report,english_dataset.csv
318,en,missing eprson report for my mother,family_member_missing,english_dataset.csv
319,en,huuh,fallback_unclear,english_dataset.csv
320,en,there is a fire in Lalitpur asap,fire_incident_report,english_dataset.csv
321,en,my grandmother has a deep wonud,injury_report,english_dataset.csv
322,en,aftershockupdate please,aftershock_information_query,english_dataset.csv
323,en,hello,greeting,english_dataset.csv
324,en,my sister has been located safely,family_reunification_status,english_dataset.csv
325,en,namaste now,greeting,english_dataset.csv
326,en,fire spreading fast in Gorkha,fire_incident_report,english_dataset.csv
327,en,earthquake hit Kathmandu just now,earthquake_occurring_report,english_dataset.csv
328,en,hi bot help,greeting,english_dataset.csv
329,en,any reliefc amp nearby,shelter_request,english_dataset.csv
330,en,foudn my family member safe,family_reunification_status,english_dataset.csv
331,en,my sister collapsed adn not waking up,medical_emergency_request,english_dataset.csv
332,en,road damaged after earthquake,road_blockage_report,english_dataset.csv
333,en,earthquake just occurred 5 minutes ago,earthquake_occurring_report,english_dataset.csv
334,en,evacuation plan for Bhaktapur,evacuation_guidance_query,english_dataset.csv
335,en,hey QSAFE,greeting,english_dataset.csv
336,en,road crackd cannot pass,road_blockage_report,english_dataset.csv
337,en,hi bot plz,greeting,english_dataset.csv
338,en,found my grandmother at the relief camp,family_reunification_status,english_dataset.csv
339,en,erathquake,earthquake_occurring_report,english_dataset.csv
340,en,what to do after an earthquake pls,status_check_general,english_dataset.csv
341,en,thanks a lot plz,goodbye_thanks,english_dataset.csv
342,en,therre is a fire in Kathmandu,fire_incident_report,english_dataset.csv
343,en,tourist poilce number please,emergency_contact_request,english_dataset.csv
344,en,where is the designated safe zone in Kathmandu,safe_location_query,english_dataset.csv
345,en,i dont know wha tto do,status_check_general,english_dataset.csv
346,en,how to help choking person,first_aid_query,english_dataset.csv
347,en,food distribution point nearby,food_water_request,english_dataset.csv
348,en,gas pipe broke during qukae,gas_leak_report,english_dataset.csv
349,en,safe place kaha xa near Lalitpur,safe_location_query,english_dataset.csv
350,en,cannot find my brother after the quake,family_member_missing,english_dataset.csv
351,en,my father is trapped underdebris,trapped_debris_report,english_dataset.csv
352,en,how do i know f my building is safe,building_damage_check,english_dataset.csv
353,en,found my brother at the relief cap,family_reunification_status,english_dataset.csv
354,en,no electricity since theearthquake,power_outage_report,english_dataset.csv
355,en,road blocked by landslide near Bhhaktapur,road_blockage_report,english_dataset.csv
356,en,school building partially collapsed,building_collapse_report,english_dataset.csv
357,en,my sisterhas a deep wound,injury_report,english_dataset.csv
358,en,trapped in the collapsed house,trapped_debris_report,english_dataset.csv
359,en,earthquake hti Kathmandu just now,earthquake_occurring_report,english_dataset.csv
360,en,bye take care,goodbye_thanks,english_dataset.csv
361,en,heelp help,sos_help_request,english_dataset.csv
362,en,building collapsed inPokhara,building_collapse_report,english_dataset.csv
363,en,what todo for a sprained ankle,first_aid_query,english_dataset.csv
364,en,child helpline number???,emergency_contact_request,english_dataset.csv
365,en,gas leak near Pokhaa,gas_leak_report,english_dataset.csv
366,en,fire spreading fast in Kathmandu,fire_incident_report,english_dataset.csv
367,en,need ration for myb rother,food_water_request,english_dataset.csv
368,en,tanks,goodbye_thanks,english_dataset.csv
369,en,police emergency number please!!!,emergency_contact_request,english_dataset.csv
370,en,first ai for a broken arm,first_aid_query,english_dataset.csv
371,en,steps to evacuate the building pls,evacuation_guidance_query,english_dataset.csv
372,en,earthquake in Bhaktapur,earthquake_occurring_report,english_dataset.csv
373,en,cut on my leg bleeding,injury_report,english_dataset.csv
374,en,there is a fire in Kathmandu,fire_incident_report,english_dataset.csv
375,en,any relief cmap nearby,shelter_request,english_dataset.csv
376,en,power outage in Bhaktapur,power_outage_report,english_dataset.csv
377,en,safe place kaha xa near Kathmandu,safe_location_query,english_dataset.csv
378,en,my grandfather is injured badly,injury_report,english_dataset.csv
379,en,safe evacuation point near me,safe_location_query,english_dataset.csv
380,en,bridge collapsed near Lalitpur asap,road_blockage_report,english_dataset.csv
381,en,what steps should i follow now asap,status_check_general,english_dataset.csv
382,en,"can't move, trapepd under concrete",trapped_debris_report,english_dataset.csv
383,en,displaced need a place to stay,shelter_request,english_dataset.csv
384,en,burned myhand slightly,injury_report,english_dataset.csv
385,en,earthquakein Gorkha,earthquake_occurring_report,english_dataset.csv
386,en,no clean water available here???,food_water_request,english_dataset.csv
387,en,smell of gas after eaarthquake,gas_leak_report,english_dataset.csv
388,en,help me pls im scared,sos_help_request,english_dataset.csv
389,en,have not heard from my fathersince morning,family_member_missing,english_dataset.csv
390,en,cylinderl eaking gas,gas_leak_report,english_dataset.csv
391,en,firsta id for burns,first_aid_query,english_dataset.csv
392,en,what should i do now,status_check_general,english_dataset.csv
393,en,sfae place near me,safe_location_query,english_dataset.csv
394,en,gas leak near Llaitpur,gas_leak_report,english_dataset.csv
395,en,fire broke out aftert he earthquake,fire_incident_report,english_dataset.csv
396,en,please help me,sos_help_request,english_dataset.csv
397,en,help me right now,sos_help_request,english_dataset.csv
398,en,my grandfather has been lcoated safely,family_reunification_status,english_dataset.csv
399,en,want to update status that my brother is safe asap,family_reunification_status,english_dataset.csv
400,en,hello madam!!!,greeting,english_dataset.csv
401,en,my sister iis unconscious,medical_emergency_request,english_dataset.csv
402,en,brokenarm need help,injury_report,english_dataset.csv
403,en,aftershock warning for Lalitpur,aftershock_information_query,english_dataset.csv
404,en,found my sister at the relief camp,family_reunification_status,english_dataset.csv
405,en,my garndfather has been located safely,family_reunification_status,english_dataset.csv
406,en,shelter needd for my sister and kids,shelter_request,english_dataset.csv
407,en,entire building came down i nGorkha,building_collapse_report,english_dataset.csv
408,en,hlo,greeting,english_dataset.csv
409,en,hello madam,greeting,english_dataset.csv
410,en,my daughter is trapped under debris,trapped_debris_report,english_dataset.csv
411,en,found my father at the relief camp pls,family_reunification_status,english_dataset.csv
412,en,found my motherat the relief camp,family_reunification_status,english_dataset.csv
413,en,my grandfatther did not come home yet,family_member_missing,english_dataset.csv
414,en,"structure collapsed, peopl may be inside",building_collapse_report,english_dataset.csv
415,en,gas leak in the house urgent pls,gas_leak_report,english_dataset.csv
416,en,where is the designated safe zone in Lalitpur,safe_location_query,english_dataset.csv
417,en,fire alertnear market,fire_incident_report,english_dataset.csv
418,en,help!!,sos_help_request,english_dataset.csv
419,en,missing person report for my mother,family_member_missing,english_dataset.csv
420,en,my daughter is sttuck under the roof,trapped_debris_report,english_dataset.csv
421,en,hart attack symptoms need doctor,medical_emergency_request,english_dataset.csv
422,en,water supply cut offneed water,food_water_request,english_dataset.csv
423,en,my son is stuck underthe roof,trapped_debris_report,english_dataset.csv
424,en,randoom text here,fallback_unclear,english_dataset.csv
425,en,is it saef to stay in this house,building_damage_check,english_dataset.csv
426,en,good morning,greeting,english_dataset.csv
427,en,where is the designated safe zonein Pokhara,safe_location_query,english_dataset.csv
428,en,building on fire near Pokhara,fire_incident_report,english_dataset.csv
429,en,my grandmother fell and hur tback,injury_report,english_dataset.csv
430,en,power outage in Kathmandu,power_outage_report,english_dataset.csv
431,en,is my apartmnt structurally safe now,building_damage_check,english_dataset.csv
432,en,gas leak bhayo,gas_leak_report,english_dataset.csv
433,en,no foodd since yesterday,food_water_request,english_dataset.csv
434,en,head njury from falling debris,injury_report,english_dataset.csv
435,en,what should be in an emergency kit,preparedness_tips_query,english_dataset.csv
436,en,earthqauke alert,earthquake_occurring_report,english_dataset.csv
437,en,police emergency number please,emergency_contact_request,english_dataset.csv
438,en,adf,fallback_unclear,english_dataset.csv
439,en,medical emergency please help,medical_emergency_request,english_dataset.csv
440,en,cannot find my sn after the quake,family_member_missing,english_dataset.csv
441,en,fire brigade contact number,emergency_contact_request,english_dataset.csv
442,en,how to secure furniture from falling,preparedness_tips_query,english_dataset.csv
443,en,need shelter for my family,shelter_request,english_dataset.csv
444,en,heart attacksymptoms need doctor,medical_emergency_request,english_dataset.csv
445,en,want to update status that my mother is safe,family_reunification_status,english_dataset.csv
446,en,is anothr earthquake coming,aftershock_information_query,english_dataset.csv
447,en,need ambulace at Lalitpur,medical_emergency_request,english_dataset.csv
448,en,help required,sos_help_request,english_dataset.csv
449,en,smoke coming from the house now,fire_incident_report,english_dataset.csv
450,en,burned my hand slightly,injury_report,english_dataset.csv
451,en,what should i do right now now,status_check_general,english_dataset.csv
452,en,the ground i sshaking,earthquake_occurring_report,english_dataset.csv
453,en,building tlited slightly is it dangerous,building_damage_check,english_dataset.csv
454,en,good mornnig,greeting,english_dataset.csv
455,en,my mother has adeep wound,injury_report,english_dataset.csv
456,en,ran out of food and water,food_water_request,english_dataset.csv
457,en,lost contact with my brother plz,family_member_missing,english_dataset.csv
458,en,hi???,greeting,english_dataset.csv
459,en,kitchen gas leaking badly,gas_leak_report,english_dataset.csv
460,en,somebody elp,sos_help_request,english_dataset.csv
461,en,power uotage in Pokhara,power_outage_report,english_dataset.csv
462,en,aftershock warning for Bhaktapur help,aftershock_information_query,english_dataset.csv
463,en,thanks,goodbye_thanks,english_dataset.csv
464,en,my father is uconscious,medical_emergency_request,english_dataset.csv
465,en,bridge collapsed near Gorkha!!!,road_blockage_report,english_dataset.csv
466,en,where is the designated safe zone in Gorkha help,safe_location_query,english_dataset.csv
467,en,aftershock warning forBhaktapur,aftershock_information_query,english_dataset.csv
468,en,entire building came down in Kathmandu,building_collapse_report,english_dataset.csv
469,en,my sister hs been located safely,family_reunification_status,english_dataset.csv
470,en,i dont know what to do,status_check_general,english_dataset.csv
471,en,"wee are stuck inside, walls collapsed",trapped_debris_report,english_dataset.csv
472,en,how ot help someone who fainted,first_aid_query,english_dataset.csv
473,en,strong gas smell ni the building,gas_leak_report,english_dataset.csv
474,en,landslide blocking the only rooad out,road_blockage_report,english_dataset.csv
475,en,missing person report for my brother,family_member_missing,english_dataset.csv
476,en,everything is shaking,earthquake_occurring_report,english_dataset.csv
477,en,bridge collapsed near Lalitpur plz,road_blockage_report,english_dataset.csv
478,en,my mother is trappe under debris,trapped_debris_report,english_dataset.csv
479,en,entire building came down in Gorkha,building_collapse_report,english_dataset.csv
480,en,whee should i go for safety,safe_location_query,english_dataset.csv
481,en,how to treat a cut wound!!!,first_aid_query,english_dataset.csv
482,en,cannot finnd my mother after the quake,family_member_missing,english_dataset.csv
483,en,havenot heard from my grandfather since morning,family_member_missing,english_dataset.csv
484,en,searching for my father in Kathmandu,family_member_missing,english_dataset.csv
485,en,gas stove caused frie,fire_incident_report,english_dataset.csv
486,en,road blocked by landslide near Pokhara,road_blockage_report,english_dataset.csv
487,en,food distribuution point nearby,food_water_request,english_dataset.csv
488,en,landslide blocking the only road out,road_blockage_report,english_dataset.csv
489,en,gas leak nearKathmandu,gas_leak_report,english_dataset.csv
490,en,help e,sos_help_request,english_dataset.csv
491,en,pleaes help me,sos_help_request,english_dataset.csv
492,en,"structure collapsed, people may be inside",building_collapse_report,english_dataset.csv
493,en,building collapsed in Kathandu,building_collapse_report,english_dataset.csv
494,en,entire building came down in Lalitpuur,building_collapse_report,english_dataset.csv
495,en,thanks for the help,goodbye_thanks,english_dataset.csv
496,en,i need help,sos_help_request,english_dataset.csv
497,en,random text here,fallback_unclear,english_dataset.csv
498,en,highway blocked due to debris,road_blockage_report,english_dataset.csv
499,en,what is theevacuation route,evacuation_guidance_query,english_dataset.csv
500,en,wherecan we get temporary shelter,shelter_request,english_dataset.csv
501,en,help me right now now,sos_help_request,english_dataset.csv
502,en,gas leak near Kathmandu,gas_leak_report,english_dataset.csv
503,en,the house isshaking badly,earthquake_occurring_report,english_dataset.csv
504,en,my sister fell and hurt back???,injury_report,english_dataset.csv
505,en,stuck ca't get out,trapped_debris_report,english_dataset.csv
506,en,need ambulance at Gorkha,medical_emergency_request,english_dataset.csv
507,en,tell me a joke help,fallback_unclear,english_dataset.csv
508,en,safe place kaha a near Gorkha,safe_location_query,english_dataset.csv
509,en,cannot reach Pokhara road is closed,road_blockage_report,english_dataset.csv
510,en,nearest open ground for evacuation,safe_location_query,english_dataset.csv
511,en,how to regisetr a found family member,family_reunification_status,english_dataset.csv
512,en,cannot fin my brother after the quake,family_member_missing,english_dataset.csv
513,en,cracks appeared after the quake help,building_damage_check,english_dataset.csv
514,en,what can you do,fallback_unclear,english_dataset.csv
515,en,hep,sos_help_request,english_dataset.csv
516,en,pinned nuder debris,trapped_debris_report,english_dataset.csv
517,en,my grandmother has a deep wound,injury_report,english_dataset.csv
518,en,power lines dow nin Bhaktapur,power_outage_report,english_dataset.csv
519,en,eveything is shaking,earthquake_occurring_report,english_dataset.csv
520,en,cool thanks,goodbye_thanks,english_dataset.csv
521,en,give menext steps please,status_check_general,english_dataset.csv
522,en,i need hlep,sos_help_request,english_dataset.csv
523,en,there is a fire in Pokhara pls,fire_incident_report,english_dataset.csv
524,en,have not heard from my father since morning,family_member_missing,english_dataset.csv
525,en,missing person report for my brother plz,family_member_missing,english_dataset.csv
526,en,my father needs ambulanceurgently,medical_emergency_request,english_dataset.csv
527,en,minorinjury on hand,injury_report,english_dataset.csv
528,en,fire spreading fast in Bhaktapur,fire_incident_report,english_dataset.csv
529,en,gas leak near Lalitpur,gas_leak_report,english_dataset.csv
530,en,no food since yesterday???,food_water_request,english_dataset.csv
531,en,good afternoon,greeting,english_dataset.csv
532,en,cannot find my mother after the quake,family_member_missing,english_dataset.csv
533,en,searching for my grandfather in Lalitpur,family_member_missing,english_dataset.csv
534,en,want to update status that my grandfather issafe,family_reunification_status,english_dataset.csv
535,en,evacuation planfor Bhaktapur,evacuation_guidance_query,english_dataset.csv
536,en,do we need to evacuate immediately,evacuation_guidance_query,english_dataset.csv
537,en,have not heard from my grandfather since morning,family_member_missing,english_dataset.csv
538,en,are you a real person urgent pls,fallback_unclear,english_dataset.csv
539,en,hp me,sos_help_request,english_dataset.csv
540,en,my father fell and hurt back,injury_report,english_dataset.csv
541,en,trapped under rubble,trapped_debris_report,english_dataset.csv
542,en,ok got it thanks???,goodbye_thanks,english_dataset.csv
543,en,what''s your favorite food,fallback_unclear,english_dataset.csv
544,en,thank you so much for helping,goodbye_thanks,english_dataset.csv
545,en,bleeding from had,injury_report,english_dataset.csv
546,en,help me,sos_help_request,english_dataset.csv
547,en,gas leak in the house,gas_leak_report,english_dataset.csv
548,en,appreciat eit,goodbye_thanks,english_dataset.csv
549,en,how longd o aftershocks continue,aftershock_information_query,english_dataset.csv
550,en,my father phone not reachable since quake,family_member_missing,english_dataset.csv
551,en,best pracitces for earthquake preparedness at home,preparedness_tips_query,english_dataset.csv
552,en,need baby formula aand water,food_water_request,english_dataset.csv
553,en,smoke coming from the house,fire_incident_report,english_dataset.csv
554,en,road blocked by landslid near Bhaktapur,road_blockage_report,english_dataset.csv
555,en,my brother collapsed and not waking up pls,medical_emergency_request,english_dataset.csv
556,en,power lines down in Kathmandu,power_outage_report,english_dataset.csv
557,en,this is not related to earthquake,fallback_unclear,english_dataset.csv
558,en,reunited with my grandmothernow,family_reunification_status,english_dataset.csv
559,en,buildinng on fire near Gorkha,fire_incident_report,english_dataset.csv
560,en,i needhelp now,sos_help_request,english_dataset.csv
561,en,gas leak nar Gorkha,gas_leak_report,english_dataset.csv
562,en,gr8 thanks???,goodbye_thanks,english_dataset.csv
563,en,smell of gas after earthqauke,gas_leak_report,english_dataset.csv
564,en,what is the current situation pls,status_check_general,english_dataset.csv
565,en,child helpline number,emergency_contact_request,english_dataset.csv
566,en,aftreshock update please,aftershock_information_query,english_dataset.csv
567,en,safest way to leave the building pls,evacuation_guidance_query,english_dataset.csv
568,en,eatrhquake,earthquake_occurring_report,english_dataset.csv
569,en,"structure collapsed, people may be inside!!!",building_collapse_report,english_dataset.csv
570,en,tnhx,goodbye_thanks,english_dataset.csv
571,en,should we evacuate now,evacuation_guidance_query,english_dataset.csv
572,en,stuck under a collapsed wall,trapped_debris_report,english_dataset.csv
573,en,help me pls im scared pls,sos_help_request,english_dataset.csv
574,en,do we need to evacuateimmediately,evacuation_guidance_query,english_dataset.csv
575,en,help???,sos_help_request,english_dataset.csv
576,en,building collapsed in Lalitpur plz,building_collapse_report,english_dataset.csv
577,en,found my father at the relief camp,family_reunification_status,english_dataset.csv
578,en,hlep now,sos_help_request,english_dataset.csv
579,en,my grandmother is injured badly,injury_report,english_dataset.csv
580,en,strong tremor felt just now,earthquake_occurring_report,english_dataset.csv
581,en,building on fire near Jajarkot???,fire_incident_report,english_dataset.csv
582,en,gas leak near Bhaktapuur,gas_leak_report,english_dataset.csv
583,en,cannot reach Bhaktapur road is closed,road_blockage_report,english_dataset.csv
584,en,searching for my sister inKathmandu,family_member_missing,english_dataset.csv
585,en,wall collapsed onthe street,building_collapse_report,english_dataset.csv
586,en,my father ismissing since the earthquake,family_member_missing,english_dataset.csv
587,en,"thank you, that helped",goodbye_thanks,english_dataset.csv
588,en,cannot reach Gorkha road is closed,road_blockage_report,english_dataset.csv
589,en,earthquake hit Grkha 5 minutes ago,earthquake_occurring_report,english_dataset.csv
590,en,does this thing work,fallback_unclear,english_dataset.csv
591,en,natiional emergency operation center number,emergency_contact_request,english_dataset.csv
592,en,hlepp,sos_help_request,english_dataset.csv
593,en,aftershockwarning for Lalitpur,aftershock_information_query,english_dataset.csv
594,en,please ehlp me,sos_help_request,english_dataset.csv
595,en,mnior injury on hand,injury_report,english_dataset.csv
596,en,bridge collapsed near Pokhara plz,road_blockage_report,english_dataset.csv
597,en,we are trapped inside the bilding,trapped_debris_report,english_dataset.csv
598,en,are you a real perosn,fallback_unclear,english_dataset.csv
599,en,what should i do righ now,status_check_general,english_dataset.csv
600,en,power outage in Jjaarkot,power_outage_report,english_dataset.csv
601,en,my grandmohter is stuck under the roof,trapped_debris_report,english_dataset.csv
602,en,hello madaam,greeting,english_dataset.csv
603,en,everythign is shaking,earthquake_occurring_report,english_dataset.csv
604,en,will there be aftershocks???,aftershock_information_query,english_dataset.csv
605,en,frst aid kit items needed,first_aid_query,english_dataset.csv
606,en,thnak you,goodbye_thanks,english_dataset.csv
607,en,how to preprae kids for earthquake drills,preparedness_tips_query,english_dataset.csv
608,en,helllo,greeting,english_dataset.csv
609,en,building collapsed in ajarkot,building_collapse_report,english_dataset.csv
610,en,no power for two adys now,power_outage_report,english_dataset.csv
611,en,my father is injured badly,injury_report,english_dataset.csv
612,en,asdf urgent pls,fallback_unclear,english_dataset.csv
613,en,ran out of food and water now,food_water_request,english_dataset.csv
614,en,hey SQAFE,greeting,english_dataset.csv
615,en,my sister flel and hurt back,injury_report,english_dataset.csv
616,en,worried about gas leak in aapartment,gas_leak_report,english_dataset.csv
617,en,hello sir,greeting,english_dataset.csv
618,en,power outagein Lalitpur,power_outage_report,english_dataset.csv
619,en,cannot rech Kathmandu road is closed,road_blockage_report,english_dataset.csv
620,en,my brother fell and hurt back,injury_report,english_dataset.csv
621,en,minor injury on hand,injury_report,english_dataset.csv
622,en,reunited with my grandmother now,family_reunification_status,english_dataset.csv
623,en,bridge cllapsed near Kathmandu,road_blockage_report,english_dataset.csv
624,en,what's your favorite food,fallback_unclear,english_dataset.csv
625,en,howstrong will aftershocks be,aftershock_information_query,english_dataset.csv
626,en,lost contact withmy mother,family_member_missing,english_dataset.csv
627,en,head injury from falling debris!!!,injury_report,english_dataset.csv
628,en,the house has completely collapsed,building_collapse_report,english_dataset.csv
629,en,my motheris injured badly,injury_report,english_dataset.csv
630,en,road cracked cannotpass,road_blockage_report,english_dataset.csv
631,en,my brother has a deepw ound,injury_report,english_dataset.csv
632,en,safe place near me,safe_location_query,english_dataset.csv
633,en,earthquake hit Gorkha 5 minutes ago help,earthquake_occurring_report,english_dataset.csv
634,en,ran out of foodand water,food_water_request,english_dataset.csv
635,en,bridge collapsed near Lalitpur,road_blockage_report,english_dataset.csv
636,en,my grandfater is injured badly,injury_report,english_dataset.csv
637,en,road cracked cannot pass,road_blockage_report,english_dataset.csv
638,en,first aid for burns,first_aid_query,english_dataset.csv
639,en,what to do after an earthquake,status_check_general,english_dataset.csv
640,en,best practices for earthquake preparednessat home,preparedness_tips_query,english_dataset.csv
641,en,naamste,greeting,english_dataset.csv
642,en,bridge collapsed nearr Bhaktapur,road_blockage_report,english_dataset.csv
643,en,want to updatestatus that my sister is safe,family_reunification_status,english_dataset.csv
644,en,found my grandfather at the relief camp,family_reunification_status,english_dataset.csv
645,en,power lines down in oGrkha,power_outage_report,english_dataset.csv
646,en,when will power be restored,power_outage_report,english_dataset.csv
647,en,where is the designated safe zone in Kathmandu!!!,safe_location_query,english_dataset.csv
648,en,my mother fell and hurt back asap,injury_report,english_dataset.csv
649,en,can anyone help,sos_help_request,english_dataset.csv
650,en,safeplace kaha xa near Jajarkot,safe_location_query,english_dataset.csv
651,en,whe will power be restored,power_outage_report,english_dataset.csv
652,en,ground shaking very hard,earthquake_occurring_report,english_dataset.csv
653,en,found my mother at the relief camp,family_reunification_status,english_dataset.csv
654,en,gas leak in the house pls,gas_leak_report,english_dataset.csv
655,en,what tokeep ready before an earthquake,preparedness_tips_query,english_dataset.csv
656,en,help requied,sos_help_request,english_dataset.csv
657,en,my mther collapsed and not waking up,medical_emergency_request,english_dataset.csv
658,en,hello there,greeting,english_dataset.csv
659,en,asdkkjasd,fallback_unclear,english_dataset.csv
660,en,trapped need rescue team,trapped_debris_report,english_dataset.csv
661,en,disaster reporting hotline,emergency_contact_request,english_dataset.csv
662,en,roof caved in during the quake help,building_collapse_report,english_dataset.csv
663,en,need clean drinking water urgently,food_water_request,english_dataset.csv
664,en,massive hsaking right now,earthquake_occurring_report,english_dataset.csv
665,en,road blocked by landslide near Lalitpur pls,road_blockage_report,english_dataset.csv
666,en,how to help someone who fainted,first_aid_query,english_dataset.csv
667,en,evacuation planf or Kathmandu,evacuation_guidance_query,english_dataset.csv
668,en,entire building came down in Jajarkot,building_collapse_report,english_dataset.csv
669,en,helol sir,greeting,english_dataset.csv
670,en,our house is unsafeneed shelter,shelter_request,english_dataset.csv
671,en,cannot reach Jajarkot roda is closed,road_blockage_report,english_dataset.csv
672,en,how often should i check emergency supplies,preparedness_tips_query,english_dataset.csv
673,en,want to update status that my brother is safe,family_reunification_status,english_dataset.csv
674,en,help me right now urgent pls,sos_help_request,english_dataset.csv
675,en,hey app!!!,greeting,english_dataset.csv
676,en,where is the designated safee zone in Jajarkot,safe_location_query,english_dataset.csv
677,en,there is a fire in Pokhara,fire_incident_report,english_dataset.csv
678,en,hi,greeting,english_dataset.csv
679,en,my brother collapsed and nto waking up,medical_emergency_request,english_dataset.csv
680,en,aftershokc warning for Pokhara,aftershock_information_query,english_dataset.csv
681,en,my sister has a deep wound,injury_report,english_dataset.csv
682,en,safe place kaha xa near Gorkha,safe_location_query,english_dataset.csv
683,en,my son is trapped under debris,trapped_debris_report,english_dataset.csv
684,en,we just felt an earthquake in Bhaktapur,earthquake_occurring_report,english_dataset.csv
685,en,my mother fell aand hurt back,injury_report,english_dataset.csv
686,en,my grandmother having chest pain urgent pls,medical_emergency_request,english_dataset.csv
687,en,need help pls,sos_help_request,english_dataset.csv
688,en,safest wy to leave the building,evacuation_guidance_query,english_dataset.csv
689,en,what plz,fallback_unclear,english_dataset.csv
690,en,does this thing owrk,fallback_unclear,english_dataset.csv
691,en,i dont know whatto do,status_check_general,english_dataset.csv
692,en,power outgae in Bhaktapur,power_outage_report,english_dataset.csv
693,en,earthquake in Lalitpur,earthquake_occurring_report,english_dataset.csv
694,en,have not heard from my grandfahter since morning,family_member_missing,english_dataset.csv
695,en,can you sing a song now,fallback_unclear,english_dataset.csv
696,en,gas leak near Gorkha,gas_leak_report,english_dataset.csv
697,en,this is not related to eearthquake,fallback_unclear,english_dataset.csv
698,en,the house has completely collapssed,building_collapse_report,english_dataset.csv
699,en,want to update statu sthat my brother is safe,family_reunification_status,english_dataset.csv
700,en,there isa fire in Gorkha,fire_incident_report,english_dataset.csv
701,en,bye urgent pls,goodbye_thanks,english_dataset.csv
702,en,found my brother at the relief camp pls,family_reunification_status,english_dataset.csv
703,en,road bloccked by landslide near Gorkha,road_blockage_report,english_dataset.csv
704,en,evacuation plan for Pokhara plz,evacuation_guidance_query,english_dataset.csv
705,en,thanks rbo,goodbye_thanks,english_dataset.csv
706,en,safe place kaha xa near Bhaktapur plz,safe_location_query,english_dataset.csv
707,en,earthquake hit Pokhara just now,earthquake_occurring_report,english_dataset.csv
708,en,burned my hand slightly urgent pls,injury_report,english_dataset.csv
709,en,power lines downin Bhaktapur,power_outage_report,english_dataset.csv
710,en,gas leak near Bhaktapur,gas_leak_report,english_dataset.csv
711,en,aftershock warning for Kathmandu pls,aftershock_information_query,english_dataset.csv
712,en,frie spreading fast in Jajarkot,fire_incident_report,english_dataset.csv
713,en,the house is shaking badly pls,earthquake_occurring_report,english_dataset.csv
714,en,tourist police number please,emergency_contact_request,english_dataset.csv
715,en,earthquake in Bhaktpaur,earthquake_occurring_report,english_dataset.csv
716,en,hello there???,greeting,english_dataset.csv
717,en,god evening,greeting,english_dataset.csv
718,en,my sister is trapped under debris???,trapped_debris_report,english_dataset.csv
719,en,there is a firein Pokhara,fire_incident_report,english_dataset.csv
720,en,found my family member safe asap,family_reunification_status,english_dataset.csv
721,en,what to do duringevacuation,evacuation_guidance_query,english_dataset.csv
722,en,found my grandmother at hte relief camp,family_reunification_status,english_dataset.csv
723,en,how to make my house earthquake safe,preparedness_tips_query,english_dataset.csv
724,en,need cleandrinking water urgently,food_water_request,english_dataset.csv
725,en,test urgent pls,fallback_unclear,english_dataset.csv
726,en,we just felt an earthquake in Kathmandu help,earthquake_occurring_report,english_dataset.csv
727,en,national emergency peration center number,emergency_contact_request,english_dataset.csv
728,en,my gradfather collapsed and not waking up,medical_emergency_request,english_dataset.csv
729,en,shelter needed for my sister and kids,shelter_request,english_dataset.csv
730,en,my mother is missing since the eaarthquake,family_member_missing,english_dataset.csv
731,en,we are trapped inside the building help,trapped_debris_report,english_dataset.csv
732,en,what steps should i follow now,status_check_general,english_dataset.csv
733,en,asdkajsd,fallback_unclear,english_dataset.csv
734,en,neaest safe assembly point,safe_location_query,english_dataset.csv
735,en,searching for my fathe rin Kathmandu,family_member_missing,english_dataset.csv
736,en,where is the nearest safe zone plz,safe_location_query,english_dataset.csv
737,en,what's your favorite food plz,fallback_unclear,english_dataset.csv
738,en,wht can you do,fallback_unclear,english_dataset.csv
739,en,should i expect more tremors tonight,aftershock_information_query,english_dataset.csv
740,en,my father is unconscious,medical_emergency_request,english_dataset.csv
741,en,gas stove cause fire,fire_incident_report,english_dataset.csv
742,en,road damaged after earthqauke,road_blockage_report,english_dataset.csv
743,en,what is hte ambulance number,emergency_contact_request,english_dataset.csv
744,en,please soomeone help,sos_help_request,english_dataset.csv
745,en,bleeding from head,injury_report,english_dataset.csv
746,en,whatis the ambulance number,emergency_contact_request,english_dataset.csv
747,en,myf ather is trapped under debris,trapped_debris_report,english_dataset.csv
748,en,power outage in Pokhara,power_outage_report,english_dataset.csv
749,en,reunited with my brother now,family_reunification_status,english_dataset.csv
750,en,how to prepare an earthquake go bag???,preparedness_tips_query,english_dataset.csv
751,en,thannk u so much,goodbye_thanks,english_dataset.csv
752,en,no clean water available ehre,food_water_request,english_dataset.csv
753,en,no electricity since the earthquake,power_outage_report,english_dataset.csv
754,en,someone fainted need medical help,medical_emergency_request,english_dataset.csv
755,en,thank you ery much,goodbye_thanks,english_dataset.csv
756,en,power lines down in Lalitpur???,power_outage_report,english_dataset.csv
757,en,appreciate it,goodbye_thanks,english_dataset.csv
758,en,much appreciated help,goodbye_thanks,english_dataset.csv
759,en,he app,greeting,english_dataset.csv
760,en,road blocke dby landslide near Pokhara,road_blockage_report,english_dataset.csv
761,en,need ration for myfather,food_water_request,english_dataset.csv
762,en,my mother is injuerd badly,injury_report,english_dataset.csv
763,en,apartment blockcollapsed nearby,building_collapse_report,english_dataset.csv
764,en,building collapsed in Bhaktapur,building_collapse_report,english_dataset.csv
765,en,how to plan a family emergency meeting point plz,preparedness_tips_query,english_dataset.csv
766,en,road blocked by landslide near Lalitpur,road_blockage_report,english_dataset.csv
767,en,searching for my sister in Kathmandu,family_member_missing,english_dataset.csv
768,en,need foodsupplies for family,food_water_request,english_dataset.csv
769,en,my sister fell and hurt back,injury_report,english_dataset.csv
770,en,where is the designated safe zone in Pokhara,safe_location_query,english_dataset.csv
771,en,where can we get temporary shelter,shelter_request,english_dataset.csv
772,en,gr8 thanks urgent pls,goodbye_thanks,english_dataset.csv
773,en,shelter needed for my brother and kids help,shelter_request,english_dataset.csv
774,en,building on fire near Pokhara help,fire_incident_report,english_dataset.csv
775,en,medical emergency please help!!!,medical_emergency_request,english_dataset.csv
776,en,my mother has a dep wound,injury_report,english_dataset.csv
777,en,evacuaton instructions please,evacuation_guidance_query,english_dataset.csv
778,en,thaank you,goodbye_thanks,english_dataset.csv
779,en,my daughter is stuck under the roof,trapped_debris_report,english_dataset.csv
780,en,thank you so much for helping!!!,goodbye_thanks,english_dataset.csv
781,en,kitchen caught fire durin quake,fire_incident_report,english_dataset.csv
782,en,my sister is trapped under debris,trapped_debris_report,english_dataset.csv
783,en,my mother is injured badly,injury_report,english_dataset.csv
784,en,earthquake in Bhaktapur now,earthquake_occurring_report,english_dataset.csv
785,en,aftershock warning for Gorkha???,aftershock_information_query,english_dataset.csv
786,en,wall collapsed on thestreet,building_collapse_report,english_dataset.csv
787,en,building collapsed in oPkhara,building_collapse_report,english_dataset.csv
788,en,hmm!!!,fallback_unclear,english_dataset.csv
789,en,ground shaknig very hard,earthquake_occurring_report,english_dataset.csv
790,en,highway blocked deu to debris,road_blockage_report,english_dataset.csv
791,en,want to update satus that my grandfather is safe,family_reunification_status,english_dataset.csv
792,en,should we evacuate now plz,evacuation_guidance_query,english_dataset.csv
793,en,our house collapsed completely,building_collapse_report,english_dataset.csv
794,en,guide me on whatt to do,status_check_general,english_dataset.csv
795,en,bridge collapsednear Jajarkot,road_blockage_report,english_dataset.csv
796,en,power lines down in Pokhara,power_outage_report,english_dataset.csv
797,en,my father is unconscous,medical_emergency_request,english_dataset.csv
798,en,hiii pls,greeting,english_dataset.csv
799,en,how long do aftershocks cntinue,aftershock_information_query,english_dataset.csv
800,en,mygrandmother has a deep wound,injury_report,english_dataset.csv
801,en,someone fainted need medicalhelp,medical_emergency_request,english_dataset.csv
802,en,my sister is trapped under dberis,trapped_debris_report,english_dataset.csv
803,en,"trapped, please send rrescue",trapped_debris_report,english_dataset.csv
804,en,safe place kaha xa nearPokhara,safe_location_query,english_dataset.csv
805,en,gas pipe broke during quake,gas_leak_report,english_dataset.csv
806,en,how to plan a family emergency meeting point,preparedness_tips_query,english_dataset.csv
807,en,heey,greeting,english_dataset.csv
808,en,cannot reach Pokhara roadi s closed,road_blockage_report,english_dataset.csv
809,en,send help,sos_help_request,english_dataset.csv
810,en,how to prepare an earthquake go bag,preparedness_tips_query,english_dataset.csv
811,en,severe bleeding need medic,medical_emergency_request,english_dataset.csv
812,en,need baby fformula and water,food_water_request,english_dataset.csv
813,en,my father is injured badly???,injury_report,english_dataset.csv
814,en,thnnx,goodbye_thanks,english_dataset.csv
815,en,how strong will aftershocks be!!!,aftershock_information_query,english_dataset.csv
816,en,hurt my leg during earthquake,injury_report,english_dataset.csv
817,en,how often sholud i check emergency supplies,preparedness_tips_query,english_dataset.csv
818,en,have not heard from my father since morning???,family_member_missing,english_dataset.csv
819,en,earthquake inn Pokhara,earthquake_occurring_report,english_dataset.csv
820,en,need ration for my mother asap,food_water_request,english_dataset.csv
821,en,my mother collapsed aand not waking up,medical_emergency_request,english_dataset.csv
822,en,no houe to stay need shelter urgently,shelter_request,english_dataset.csv
823,en,we just felt an earthquake in Kathmandu,earthquake_occurring_report,english_dataset.csv
824,en,cylinder leaking gas,gas_leak_report,english_dataset.csv
825,en,what is the evacuation route,evacuation_guidance_query,english_dataset.csv
826,en,buied under rubble,trapped_debris_report,english_dataset.csv
827,en,want to update status that my sister is safe,family_reunification_status,english_dataset.csv
828,en,whereis the nearest safe zone,safe_location_query,english_dataset.csv
829,en,small fire i nthe kitchen,fire_incident_report,english_dataset.csv
830,en,my mother has a deep wound,injury_report,english_dataset.csv
831,en,what should i do now asap,status_check_general,english_dataset.csv
832,en,where can we take sheltter safely,safe_location_query,english_dataset.csv
833,en,who do i callfor rescue,emergency_contact_request,english_dataset.csv
834,en,power outage in Jajarkot,power_outage_report,english_dataset.csv
835,en,earthquakea lert,earthquake_occurring_report,english_dataset.csv
836,en,building tilted slightly is it dangerous,building_damage_check,english_dataset.csv
837,en,pinned under debris,trapped_debris_report,english_dataset.csv
838,en,helpp me,sos_help_request,english_dataset.csv
839,en,is this na earthquake,earthquake_occurring_report,english_dataset.csv
840,en,my grandmother is unconscious pls,medical_emergency_request,english_dataset.csv
841,en,hiii,greeting,english_dataset.csv
842,en,my sister collapsed and not waking up,medical_emergency_request,english_dataset.csv
843,en,searching for my grandfather in Bhaktapur,family_member_missing,english_dataset.csv
844,en,there is a fire in Lalitpur,fire_incident_report,english_dataset.csv
845,en,found my grandmother at the relief camp asap,family_reunification_status,english_dataset.csv
846,en,searching for my brother in Kathmandu,family_member_missing,english_dataset.csv
847,en,need ambulance at Lalitpur,medical_emergency_request,english_dataset.csv
848,en,my father hsa a deep wound,injury_report,english_dataset.csv
849,en,hlo!!!,greeting,english_dataset.csv
850,en,entire building came down in Gorkha asap,building_collapse_report,english_dataset.csv
851,en,how to bandage a wound properly,first_aid_query,english_dataset.csv
852,en,we just felt an earthquakein Bhaktapur,earthquake_occurring_report,english_dataset.csv
853,en,have not heard from my brother since morning,family_member_missing,english_dataset.csv
854,en,my grandfather has been located safely,family_reunification_status,english_dataset.csv
855,en,entire building came down in Lalitpur,building_collapse_report,english_dataset.csv
856,en,my house has cracks is it safe,building_damage_check,english_dataset.csv
857,en,first aid kit items needed,first_aid_query,english_dataset.csv
858,en,who inspects building safety after earthquake,building_damage_check,english_dataset.csv
859,en,my grandmother needs mabulance urgently,medical_emergency_request,english_dataset.csv
860,en,shelter needed for my mother andd kids,shelter_request,english_dataset.csv
861,en,disasterreporting hotline,emergency_contact_request,english_dataset.csv
862,en,process to report a family memberfound,family_reunification_status,english_dataset.csv
863,en,will there beaftershocks,aftershock_information_query,english_dataset.csv
864,en,need ration for my sister,food_water_request,english_dataset.csv
865,en,gas pipe bbroke during quake,gas_leak_report,english_dataset.csv
866,en,tset,fallback_unclear,english_dataset.csv
867,en,entire building came downin Kathmandu,building_collapse_report,english_dataset.csv
868,en,my mother has beenlocated safely,family_reunification_status,english_dataset.csv
869,en,the main roadis blocked,road_blockage_report,english_dataset.csv
870,en,hlp me,sos_help_request,english_dataset.csv
871,en,thank you so much forhelping,goodbye_thanks,english_dataset.csv
872,en,cpr stepps please,first_aid_query,english_dataset.csv
873,en,road blockked by landslide near Jajarkot,road_blockage_report,english_dataset.csv
874,en,my garndfather is stuck under the roof,trapped_debris_report,english_dataset.csv
875,en,shelter needed for my sister and kids now,shelter_request,english_dataset.csv
876,en,my brother is inured badly,injury_report,english_dataset.csv
877,en,helpp,sos_help_request,english_dataset.csv
878,en,need ration for my brother,food_water_request,english_dataset.csv
879,en,helo,greeting,english_dataset.csv
880,en,my father needs ambulance urgently,medical_emergency_request,english_dataset.csv
881,en,help me pls im scared plz,sos_help_request,english_dataset.csv
882,en,fire spreading fast inP okhara,fire_incident_report,english_dataset.csv
883,en,aftershock warning fr Pokhara,aftershock_information_query,english_dataset.csv
884,en,thanksa lot,goodbye_thanks,english_dataset.csv
885,en,thanks bro,goodbye_thanks,english_dataset.csv
886,en,frist aid for a broken arm,first_aid_query,english_dataset.csv
887,en,cracks appeared after the quake,building_damage_check,english_dataset.csv
888,en,blah blah blah???,fallback_unclear,english_dataset.csv
889,en,my father is innjured badly,injury_report,english_dataset.csv
890,en,hel!!,sos_help_request,english_dataset.csv
891,en,where isthe designated safe zone in Pokhara,safe_location_query,english_dataset.csv
892,en,powe rlines down in Kathmandu,power_outage_report,english_dataset.csv
893,en,evacuationplan for Gorkha,evacuation_guidance_query,english_dataset.csv
894,en,entire building came down in Bhatkapur,building_collapse_report,english_dataset.csv
895,en,my brother is injured badly,injury_report,english_dataset.csv
896,en,how to secure furniture from falling asap,preparedness_tips_query,english_dataset.csv
897,en,school buildingpartially collapsed,building_collapse_report,english_dataset.csv
898,en,need ration for my father,food_water_request,english_dataset.csv
899,en,emergency help neeedd,sos_help_request,english_dataset.csv
900,en,do we need to evacuate immediately now,evacuation_guidance_query,english_dataset.csv
901,en,gas leak near Kathmandu now,gas_leak_report,english_dataset.csv
902,en,ok got it thanks pls,goodbye_thanks,english_dataset.csv
903,en,who do i call for rescue,emergency_contact_request,english_dataset.csv
904,en,wall collapsed on the street,building_collapse_report,english_dataset.csv
905,en,fire spreading fast in Lalitpur,fire_incident_report,english_dataset.csv
906,en,earthquakepreparedness tips please,preparedness_tips_query,english_dataset.csv
907,en,bye ake care,goodbye_thanks,english_dataset.csv
908,en,reunited with my gandmother now,family_reunification_status,english_dataset.csv
909,en,cannot reachBhaktapur road is closed,road_blockage_report,english_dataset.csv
910,en,how to bandage a wound proprely,first_aid_query,english_dataset.csv
911,en,good aftenroon,greeting,english_dataset.csv
912,en,we are trapped inside the building,trapped_debris_report,english_dataset.csv
913,en,should i re-enter the building,building_damage_check,english_dataset.csv
914,en,our house collapsed completelly,building_collapse_report,english_dataset.csv
915,en,much appreciated,goodbye_thanks,english_dataset.csv
916,en,should i re-enter the uilding,building_damage_check,english_dataset.csv
917,en,bridge collapsed near Jajarkot,road_blockage_report,english_dataset.csv
918,en,my sister having chest pain,medical_emergency_request,english_dataset.csv
919,en,need ration for my broter,food_water_request,english_dataset.csv
920,en,lost contact with my brother help,family_member_missing,english_dataset.csv
921,en,emergency helpneeded,sos_help_request,english_dataset.csv
922,en,safe place kaha xa near Pokhara,safe_location_query,english_dataset.csv
923,en,need food supplies for family,food_water_request,english_dataset.csv
924,en,should i expect more tremorstonight,aftershock_information_query,english_dataset.csv
925,en,gretings,greeting,english_dataset.csv
926,en,bridge collapsed near Bhaktapur,road_blockage_report,english_dataset.csv
927,en,shelter needed for my brother and kids,shelter_request,english_dataset.csv
928,en,evacuatoin instructions please,evacuation_guidance_query,english_dataset.csv
929,en,help hellp,sos_help_request,english_dataset.csv
930,en,my mother is trapped under debris,trapped_debris_report,english_dataset.csv
931,en,want to update stats that my grandmother is safe,family_reunification_status,english_dataset.csv
932,en,my mother is missing since the earthquake,family_member_missing,english_dataset.csv
933,en,ok thanks bye,goodbye_thanks,english_dataset.csv
934,en,building on fire nea Gorkha,fire_incident_report,english_dataset.csv
935,en,how to treat a cut wound,first_aid_query,english_dataset.csv
936,en,how doi evacuate safely,evacuation_guidance_query,english_dataset.csv
937,en,fire spreeading fast in Lalitpur,fire_incident_report,english_dataset.csv
938,en,no clean water available here,food_water_request,english_dataset.csv
939,en,building collapsed in Kathmandu!!!,building_collapse_report,english_dataset.csv
940,en,my hous ehas cracks is it safe,building_damage_check,english_dataset.csv
941,en,need food supplies for familly,food_water_request,english_dataset.csv
942,en,what actions shouldi take now,status_check_general,english_dataset.csv
943,en,"trapped, please send rescue plz",trapped_debris_report,english_dataset.csv
944,en,building collapsed in Jajarkot,building_collapse_report,english_dataset.csv
945,en,what to keep ready before an earthquake,preparedness_tips_query,english_dataset.csv
946,en,stuck can'tget out,trapped_debris_report,english_dataset.csv
947,en,trappe dunder rubble,trapped_debris_report,english_dataset.csv
948,en,there is a fire in Gorkha,fire_incident_report,english_dataset.csv
949,en,our house is unsafe need shelter help,shelter_request,english_dataset.csv
950,en,grouund shaking very hard,earthquake_occurring_report,english_dataset.csv
951,en,my sister having chest pain urgent pls,medical_emergency_request,english_dataset.csv
952,en,the main road is blocked,road_blockage_report,english_dataset.csv
953,en,emergency contact numbers list,emergency_contact_request,english_dataset.csv
954,en,thank you very much,goodbye_thanks,english_dataset.csv
955,en,displaced nede a place to stay,shelter_request,english_dataset.csv
956,en,my brother has been located safely,family_reunification_status,english_dataset.csv
957,en,fire alert near market,fire_incident_report,english_dataset.csv
958,en,earthquake in Pokhara,earthquake_occurring_report,english_dataset.csv
959,en,how old are you!!!,fallback_unclear,english_dataset.csv
960,en,can i go back inside my hosue now,building_damage_check,english_dataset.csv
961,en,my father phone not rachable since quake,family_member_missing,english_dataset.csv
962,en,food distribution pointnearby,food_water_request,english_dataset.csv
963,en,is my apartment structurally safe now!!!,building_damage_check,english_dataset.csv
964,en,how strong will aftershocks be,aftershock_information_query,english_dataset.csv
965,en,my grandmother is injure badly,injury_report,english_dataset.csv
966,en,cannot reeach Lalitpur road is closed,road_blockage_report,english_dataset.csv
967,en,wall has big cracks should i evacuate,building_damage_check,english_dataset.csv
968,en,hey app,greeting,english_dataset.csv
969,en,earthquake hit Bhaktapur justn ow,earthquake_occurring_report,english_dataset.csv
970,en,earthquake just occurred 5 minutes ago!!!,earthquake_occurring_report,english_dataset.csv
971,en,cpr steps please,first_aid_query,english_dataset.csv
972,en,my grandfather is injuredbadly,injury_report,english_dataset.csv
973,en,gas leak bhyo,gas_leak_report,english_dataset.csv
974,en,strong ttremor felt just now,earthquake_occurring_report,english_dataset.csv
975,en,found my brother at the relief camp,family_reunification_status,english_dataset.csv
976,en,send hlep,sos_help_request,english_dataset.csv
977,en,where can we get tempoary shelter,shelter_request,english_dataset.csv
978,en,emergency help needed,sos_help_request,english_dataset.csv
979,en,kitchen gas leakingg badly,gas_leak_report,english_dataset.csv
980,en,reunited with my brother nw,family_reunification_status,english_dataset.csv
981,en,who made you,fallback_unclear,english_dataset.csv
982,en,where should i gofor safety,safe_location_query,english_dataset.csv
983,en,my house has cracks is it sae,building_damage_check,english_dataset.csv
984,en,o bye,goodbye_thanks,english_dataset.csv
985,en,what is the ambulance number,emergency_contact_request,english_dataset.csv
986,en,missing person report for my brother???,family_member_missing,english_dataset.csv
987,en,we just felt an earthquake in GGorkha,earthquake_occurring_report,english_dataset.csv
988,en,evacuationplan for Kathmandu,evacuation_guidance_query,english_dataset.csv
989,en,landsllide blocking the only road out,road_blockage_report,english_dataset.csv
990,en,thank u somuch,goodbye_thanks,english_dataset.csv
991,en,my sisetr having chest pain,medical_emergency_request,english_dataset.csv
992,en,building on fire near Gorkha,fire_incident_report,english_dataset.csv
993,en,bye take acre,goodbye_thanks,english_dataset.csv
994,en,broken arm need help,injury_report,english_dataset.csv
995,en,power outage in Kathmndu,power_outage_report,english_dataset.csv
996,en,ok got it thanks,goodbye_thanks,english_dataset.csv
997,en,whho inspects building safety after earthquake,building_damage_check,english_dataset.csv
998,en,apprecciate it,goodbye_thanks,english_dataset.csv
999,en,have not heard from my rother since morning,family_member_missing,english_dataset.csv
1000,en,cool thaanks,goodbye_thanks,english_dataset.csv
1001,en,my father has a deep wound???,injury_report,english_dataset.csv
1002,en,what steps sshould i follow now,status_check_general,english_dataset.csv
1003,en,nepal red cross helpline number,emergency_contact_request,english_dataset.csv
1004,en,electricity cut off in our area asap,power_outage_report,english_dataset.csv
1005,en,aftershock warning for Gorkha,aftershock_information_query,english_dataset.csv
1006,en,entire building came down in Pokhara,building_collapse_report,english_dataset.csv
1007,en,pollice emergency number please,emergency_contact_request,english_dataset.csv
1008,en,nearest safe assembly pont,safe_location_query,english_dataset.csv
1009,en,thnx,goodbye_thanks,english_dataset.csv
1010,en,need drinkingwater,food_water_request,english_dataset.csv
1011,en,what to do fora sprained ankle,first_aid_query,english_dataset.csv
1012,en,powre outage in Jajarkot,power_outage_report,english_dataset.csv
1013,en,smoke coming fromthe house,fire_incident_report,english_dataset.csv
1014,en,give me next steps please,status_check_general,english_dataset.csv
1015,en,road bloccked by landslide near Jajarkot,road_blockage_report,english_dataset.csv
1016,en,how many aftershocks are expected,aftershock_information_query,english_dataset.csv
1017,en,my brotheris injured badly,injury_report,english_dataset.csv
1018,en,my grandmother collapsed and not waking up,medical_emergency_request,english_dataset.csv
1019,en,good evening,greeting,english_dataset.csv
1020,en,entire bulding came down in Kathmandu,building_collapse_report,english_dataset.csv
1021,en,how long do aftershocks continue,aftershock_information_query,english_dataset.csv
1022,en,earthquake hit Lalitpur 5minutes ago,earthquake_occurring_report,english_dataset.csv
1023,en,bridge collapsed near Pokhara???,road_blockage_report,english_dataset.csv
1024,en,my dauughter is stuck under the roof,trapped_debris_report,english_dataset.csv
1025,en,bridge collapsed near Jajakot,road_blockage_report,english_dataset.csv
1026,en,diasster reporting hotline,emergency_contact_request,english_dataset.csv
1027,en,please someone heelp,sos_help_request,english_dataset.csv
1028,en,earthquake in Gorka,earthquake_occurring_report,english_dataset.csv
1029,en,asdkjasd,fallback_unclear,english_dataset.csv
1030,en,thank u so much,goodbye_thanks,english_dataset.csv
1031,en,heello,greeting,english_dataset.csv
1032,en,kitchencaught fire during quake,fire_incident_report,english_dataset.csv
1033,en,my grandmoher fell and hurt back,injury_report,english_dataset.csv
1034,en,my brother is stuck under the roof,trapped_debris_report,english_dataset.csv
1035,en,emergency contactnumbers list,emergency_contact_request,english_dataset.csv
1036,en,where can wet ake shelter safely,safe_location_query,english_dataset.csv
1037,en,tell me a joke,fallback_unclear,english_dataset.csv
1038,en,shelter needed for my mother and kids,shelter_request,english_dataset.csv
1039,en,want to update status that my siser is safe,family_reunification_status,english_dataset.csv
1040,en,please someone help,sos_help_request,english_dataset.csv
1041,en,shelter needed for my father and kids,shelter_request,english_dataset.csv
1042,en,hii,greeting,english_dataset.csv
1043,en,earthquake preparedness tips please,preparedness_tips_query,english_dataset.csv
1044,en,can't move trapped under concrete,trapped_debris_report,english_dataset.csv
1045,en,thanks for the elp,goodbye_thanks,english_dataset.csv
1046,en,wha to do after an earthquake,status_check_general,english_dataset.csv
1047,en,nee dration for my sister,food_water_request,english_dataset.csv
1048,en,road blocked by ladnslide near Gorkha,road_blockage_report,english_dataset.csv
1049,en,cpr stps please,first_aid_query,english_dataset.csv
1050,en,searching for my brother in Lalitpur,family_member_missing,english_dataset.csv
1051,en,building on fire near Jajarkot asap,fire_incident_report,english_dataset.csv
1052,en,can anyonehelp,sos_help_request,english_dataset.csv
1053,en,mysister collapsed and not waking up,medical_emergency_request,english_dataset.csv
1054,en,where is the nearestrelief camp,shelter_request,english_dataset.csv
1055,en,buried under rubble now,trapped_debris_report,english_dataset.csv
1056,en,water supply ct off need water,food_water_request,english_dataset.csv
1057,en,power linesdown in Kathmandu,power_outage_report,english_dataset.csv
1058,en,electricity cut off in our area now,power_outage_report,english_dataset.csv
1059,en,my brother collapsed and not waking up,medical_emergency_request,english_dataset.csv
1060,en,how old are you,fallback_unclear,english_dataset.csv
1061,en,blah blah blah,fallback_unclear,english_dataset.csv
1062,en,which open are ais safe to gather,safe_location_query,english_dataset.csv
1063,en,cut on myleg bleeding,injury_report,english_dataset.csv
1064,en,we just felt anearthquake in Kathmandu,earthquake_occurring_report,english_dataset.csv
1065,en,how do i evacuate safely,evacuation_guidance_query,english_dataset.csv
1066,en,my sister did not come home yet,family_member_missing,english_dataset.csv
1067,en,process to reporta  family member found,family_reunification_status,english_dataset.csv
1068,en,myson is trapped under debris,trapped_debris_report,english_dataset.csv
1069,en,my mother fell and hurt back,injury_report,english_dataset.csv
1070,en,wha'ts the weather like,fallback_unclear,english_dataset.csv
1071,en,my father has a deep wound,injury_report,english_dataset.csv
1072,en,building collapsedin Jajarkot,building_collapse_report,english_dataset.csv
1073,en,ga leak near Lalitpur,gas_leak_report,english_dataset.csv
1074,en,my grandmother having chestpain,medical_emergency_request,english_dataset.csv
1075,en,mydaughter is trapped under debris,trapped_debris_report,english_dataset.csv
1076,en,building collapsed in Gorkha,building_collapse_report,english_dataset.csv
1077,en,earthquake hit Lalitpur 5 minutes ago,earthquake_occurring_report,english_dataset.csv
1078,en,fire sperading fast in Gorkha,fire_incident_report,english_dataset.csv
1079,en,searching for my grandfather inBhaktapur,family_member_missing,english_dataset.csv
1080,en,power lines down in Lalitpur,power_outage_report,english_dataset.csv
1081,en,massiveshaking right now,earthquake_occurring_report,english_dataset.csv
1082,en,will there be aftershocks,aftershock_information_query,english_dataset.csv
1083,en,power lines down in Gorkha,power_outage_report,english_dataset.csv
1084,en,need shelter formy family,shelter_request,english_dataset.csv
1085,en,dos this thing work,fallback_unclear,english_dataset.csv
1086,en,when will power berestored,power_outage_report,english_dataset.csv
1087,en,gas leak near Pokhara,gas_leak_report,english_dataset.csv
1088,en,hurt my leg during eaarthquake,injury_report,english_dataset.csv
1089,en,my daughter is traapped under debris,trapped_debris_report,english_dataset.csv
1090,en,earthquake,earthquake_occurring_report,english_dataset.csv
1091,en,found my family member safe,family_reunification_status,english_dataset.csv
1092,en,the ground is shaking,earthquake_occurring_report,english_dataset.csv
1093,en,firee alert near market,fire_incident_report,english_dataset.csv
1094,en,my grandmother is unconscious,medical_emergency_request,english_dataset.csv
1095,en,how to register a found family member,family_reunification_status,english_dataset.csv
1096,en,bridge collapsed near Pokhara,road_blockage_report,english_dataset.csv
1097,en,waht,fallback_unclear,english_dataset.csv
1098,en,what's the weather like,fallback_unclear,english_dataset.csv
1099,en,earthquake just occurred 5 minutesago,earthquake_occurring_report,english_dataset.csv
1100,en,thanks hat's all,goodbye_thanks,english_dataset.csv
1101,en,hey there,greeting,english_dataset.csv
1102,en,there is a fire in Bhaktapur,fire_incident_report,english_dataset.csv
1103,en,cannot find my mother after the quake help,family_member_missing,english_dataset.csv
1104,en,where is the designated safe zone in Bhaktapur now,safe_location_query,english_dataset.csv
1105,en,what to keep ready before an earthuqake,preparedness_tips_query,english_dataset.csv
1106,en,found mmy mother at the relief camp,family_reunification_status,english_dataset.csv
1107,en,helo there,greeting,english_dataset.csv
1108,en,ok thakns bye,goodbye_thanks,english_dataset.csv
1109,en,how to stop bleeding asap,first_aid_query,english_dataset.csv
1110,en,yo,greeting,english_dataset.csv
1111,en,howw to bandage a wound properly,first_aid_query,english_dataset.csv
1112,en,first aid forburns,first_aid_query,english_dataset.csv
1113,en,have not heard from my brother since morning plz,family_member_missing,english_dataset.csv
1114,en,bye,goodbye_thanks,english_dataset.csv
1115,en,hellp pls,sos_help_request,english_dataset.csv
1116,en,namaste,greeting,english_dataset.csv
1117,en,13456,fallback_unclear,english_dataset.csv
1118,en,my father is missing since the earthquake,family_member_missing,english_dataset.csv
1119,en,our house is unsafe need shelter,shelter_request,english_dataset.csv
1120,en,bridge collapsed near Kathmandu,road_blockage_report,english_dataset.csv
1121,en,my mother is trapped under dbris,trapped_debris_report,english_dataset.csv
1122,en,missing person reportfor my mother,family_member_missing,english_dataset.csv
1123,en,medical helpneeded urgently,medical_emergency_request,english_dataset.csv
1124,en,severe bleeding need medic urgent pls,medical_emergency_request,english_dataset.csv
1125,en,displaced need a plaec to stay,shelter_request,english_dataset.csv
1126,en,my grandmother is stuck under the roof,trapped_debris_report,english_dataset.csv
1127,en,how ofetn should i check emergency supplies,preparedness_tips_query,english_dataset.csv
1128,en,process to report a family member found,family_reunification_status,english_dataset.csv
1129,en,is another earthquake coming,aftershock_information_query,english_dataset.csv
1130,en,need drinking water,food_water_request,english_dataset.csv
1131,en,my brother fell and hurt back urgent pls,injury_report,english_dataset.csv
1132,en,national emergency operation center number,emergency_contact_request,english_dataset.csv
1133,en,"can't move, trapped under concrete",trapped_debris_report,english_dataset.csv
1134,en,tell me a oke,fallback_unclear,english_dataset.csv
1135,en,road blocked by landslide near Pokhara now,road_blockage_report,english_dataset.csv
1136,en,building collapsed ni Gorkha,building_collapse_report,english_dataset.csv
1137,en,what to do for a sprained ankle,first_aid_query,english_dataset.csv
1138,en,is it safe to sleep indoors after ftershocks,aftershock_information_query,english_dataset.csv
1139,en,entre building came down in Bhaktapur,building_collapse_report,english_dataset.csv
1140,en,power outagei n Kathmandu,power_outage_report,english_dataset.csv
1141,en,smell of gas after earthquake,gas_leak_report,english_dataset.csv
1142,en,gsa leak bhayo,gas_leak_report,english_dataset.csv
1143,en,have nnot heard from my mother since morning,family_member_missing,english_dataset.csv
1144,en,which open area is safe to gather,safe_location_query,english_dataset.csv
1145,en,building collapsed in Kathmandu,building_collapse_report,english_dataset.csv
1146,en,evacuation plan for Kathmandu,evacuation_guidance_query,english_dataset.csv
1147,en,aftershock warning for Bhaktapur,aftershock_information_query,english_dataset.csv
1148,en,my grandfather is nuconscious,medical_emergency_request,english_dataset.csv
1149,en,heplp,sos_help_request,english_dataset.csv
1150,en,"gas leak, please advise",gas_leak_report,english_dataset.csv
1151,en,searching for my brother in Kathmandu urgent pls,family_member_missing,english_dataset.csv
1152,en,what,fallback_unclear,english_dataset.csv
1153,en,mymother is missing since the earthquake,family_member_missing,english_dataset.csv
1154,en,power lines down in Jajarkot,power_outage_report,english_dataset.csv
1155,en,i need help now,sos_help_request,english_dataset.csv
1156,en,my sister di dnot come home yet,family_member_missing,english_dataset.csv
1157,en,my granfather is unconscious,medical_emergency_request,english_dataset.csv
1158,en,safeevacuation point near me,safe_location_query,english_dataset.csv
1159,en,thre are cracks in the wall,building_damage_check,english_dataset.csv
1160,en,my grandfather did not come home yet,family_member_missing,english_dataset.csv
1161,en,cannot reach Lalitpur road is clsoed,road_blockage_report,english_dataset.csv
1162,en,no power for two days now,power_outage_report,english_dataset.csv
1163,en,where is the designated safe zone in Jajarkot,safe_location_query,english_dataset.csv
1164,en,first aid kit items needed pls,first_aid_query,english_dataset.csv
1165,en,worried about gas leak in apartment,gas_leak_report,english_dataset.csv
1166,en,cannot find my brrother after the quake,family_member_missing,english_dataset.csv
1167,en,found my grandfather at the rlief camp,family_reunification_status,english_dataset.csv
1168,en,want to update status that my grandfather is safe,family_reunification_status,english_dataset.csv
1169,en,fire brigade contact unmber,emergency_contact_request,english_dataset.csv
1170,en,my grandfather collapsed and not waking up,medical_emergency_request,english_dataset.csv
1171,en,my brother is stck under the roof,trapped_debris_report,english_dataset.csv
1172,en,shelter needed formy father and kids,shelter_request,english_dataset.csv
1173,en,is it safe to sleep indoors after aftershocks,aftershock_information_query,english_dataset.csv
1174,en,found my father at the relief camp???,family_reunification_status,english_dataset.csv
1175,en,tarpped under rubble,trapped_debris_report,english_dataset.csv
1176,en,pinned uder debris,trapped_debris_report,english_dataset.csv
1177,en,wallhas big cracks should i evacuate,building_damage_check,english_dataset.csv
1178,en,how to evacuate with lederly people,evacuation_guidance_query,english_dataset.csv
1179,en,stuck undr a collapsed wall,trapped_debris_report,english_dataset.csv
1180,en,road blocked by landslide near Bhaktapur,road_blockage_report,english_dataset.csv
1181,en,"we are stuck inside, walls collapsed",trapped_debris_report,english_dataset.csv
1182,en,fire brigade contatc number,emergency_contact_request,english_dataset.csv
1183,en,school building partially collapsed???,building_collapse_report,english_dataset.csv
1184,en,how to make my house eearthquake safe,preparedness_tips_query,english_dataset.csv
1185,en,earthquake in Gorkha,earthquake_occurring_report,english_dataset.csv
1186,en,cracks appeaared after the quake,building_damage_check,english_dataset.csv
1187,en,bridg collapsed near Kathmandu,road_blockage_report,english_dataset.csv
1188,en,emergencycontact numbers list,emergency_contact_request,english_dataset.csv
1189,en,we needhelp,sos_help_request,english_dataset.csv
1190,en,buried under rubble,trapped_debris_report,english_dataset.csv
1191,en,searching for my grandfather inLalitpur,family_member_missing,english_dataset.csv
1192,en,my sister did not come homeyet,family_member_missing,english_dataset.csv
1193,en,safe place kaha xa near Jajarkot,safe_location_query,english_dataset.csv
1194,en,touurist police number please,emergency_contact_request,english_dataset.csv
1195,en,is this an earthquake,earthquake_occurring_report,english_dataset.csv
1196,en,power outagein Bhaktapur,power_outage_report,english_dataset.csv
1197,en,no powerfor two days now,power_outage_report,english_dataset.csv
1198,en,gude me on what to do,status_check_general,english_dataset.csv
1199,en,how do i know if my building is safe help,building_damage_check,english_dataset.csv
1200,en,critical patient needs ambulancee now,medical_emergency_request,english_dataset.csv
1201,en,the house has completly collapsed,building_collapse_report,english_dataset.csv
1202,en,my son is stuck under the roof,trapped_debris_report,english_dataset.csv
1203,en,safe place kahax a near Pokhara,safe_location_query,english_dataset.csv
1204,en,whereis the nearest relief camp,shelter_request,english_dataset.csv
1205,en,need hhelp,sos_help_request,english_dataset.csv
1206,en,lost contact with m ymother,family_member_missing,english_dataset.csv
1207,en,my sisteris unconscious,medical_emergency_request,english_dataset.csv
1208,en,nede ration for my father,food_water_request,english_dataset.csv
1209,en,how to evacuate wiith elderly people,evacuation_guidance_query,english_dataset.csv
1210,en,power lines down in Bhaktapur,power_outage_report,english_dataset.csv
1211,en,my grandmother fell and hurt back,injury_report,english_dataset.csv
1212,en,asdf,fallback_unclear,english_dataset.csv
1213,en,idk,fallback_unclear,english_dataset.csv
1214,en,hiiii,greeting,english_dataset.csv
1215,en,safe evacuationp oint near me,safe_location_query,english_dataset.csv
1216,ne,अहिले आमा सँग भेटभयो,family_reunification_status,nepali_dataset.csv
1217,ne,ग्यासकोपाइप भाँचियो भूकम्पमा,gas_leak_report,nepali_dataset.csv
1218,ne,मेडिकल इमर्जेन्सी छ मद्दत गर्नुहोस् हजुर,medical_emergency_request,nepali_dataset.csv
1219,ne,राहत शिविरमा बुबा भेटियो है,family_reunification_status,nepali_dataset.csv
1220,ne,ललितपुर मा तोकिएको सुरक्षित क्षेत्र कहाँ छ है,safe_location_query,nepali_dataset.csv
1221,ne,दिदी लाई गहिरो घाउछ,injury_report,nepali_dataset.csv
1222,ne,हाम्रो घर असुरक्षित छ आश्रयचाहियो,shelter_request,nepali_dataset.csv
1223,ne,यो भूकम्पसँग सम्बन्धित छैन प्लिज,fallback_unclear,nepali_dataset.csv
1224,ne,छत खसेर छोरा थुनिनुभयो,trapped_debris_report,nepali_dataset.csv
1225,ne,सहयोग गर्नु न प्लिज,sos_help_request,nepali_dataset.csv
1226,ne,गोडा मर्केर हिँड्न सकिँन,injury_report,nepali_dataset.csv
1227,ne,हजुरलाई नमस्कार???,greeting,nepali_dataset.csv
1228,ne,निकासाको मार्ग के हो प्लिज,evacuation_guidance_query,nepali_dataset.csv
1229,ne,सडकमा पर्खाल भत्कियो छिटो,building_collapse_report,nepali_dataset.csv
1230,ne,केम अहिले घरभित्र फर्कन सक्छु,building_damage_check,nepali_dataset.csv
1231,ne,गोर्खा को लागि पराकम्प चेतावनी प्लिज,aftershock_information_query,nepali_dataset.csv
1232,ne,घरमा भूकम्प तयारीको उत्तम अभ्यास के हो प्लिज,preparedness_tips_query,nepali_dataset.csv
1233,ne,ललितपुर मा जोडदार धक्का महसुस भयो!!,earthquake_occurring_report,nepali_dataset.csv
1234,ne,संरचना भत्कियोमानिसहरू भित्रै हुन सक्छन्,building_collapse_report,nepali_dataset.csv
1235,ne,भूकम्पदेखि हजुरबुबा बेपत्ता हुनुभएको छ,family_member_missing,nepali_dataset.csv
1236,ne,राहत शिविरमा हजुरबुबा भेटियो,family_reunification_status,nepali_dataset.csv
1237,ne,बाई???,goodbye_thanks,nepali_dataset.csv
1238,ne,छिमेकभरि बिजुली गएको छ,power_outage_report,nepali_dataset.csv
1239,ne,बुबा को लागि खाद्यान्न चाहियो,food_water_request,nepali_dataset.csv
1240,ne,घरभरि ग्यासको गन्ध छ प्लिज,gas_leak_report,nepali_dataset.csv
1241,ne,आमा लाई गम्भीरचोट लागेको छ,injury_report,nepali_dataset.csv
1242,ne,जाजरकोट मा बिजुलीको तार खसेकोछ,power_outage_report,nepali_dataset.csv
1243,ne,हामी कहाँ सुरक्षित आश्रय लिन सक्छौं प्लिज,safe_location_query,nepali_dataset.csv
1244,ne,हामीलाई मद्दत चाहियो???,sos_help_request,nepali_dataset.csv
1245,ne,पोखरा को लागि निकासा योजना,evacuation_guidance_query,nepali_dataset.csv
1246,ne,काठमाडौं मा जोडदार धक्का महसुस भयो!!,earthquake_occurring_report,nepali_dataset.csv
1247,ne,काठमाडौं मा बिजुलीकोतार खसेको छ,power_outage_report,nepali_dataset.csv
1248,ne,आज राति थप धक्का आउनसक्छ कि,aftershock_information_query,nepali_dataset.csv
1249,ne,म र हजुरआमा थुनिएका छौं,trapped_debris_report,nepali_dataset.csv
1250,ne,काठमाडौं मा आगो लागेको छ,fire_incident_report,nepali_dataset.csv
1251,ne,के पराकम्प आउने छ,aftershock_information_query,nepali_dataset.csv
1252,ne,बुबा लडेरढाडमा चोट लाग्यो!!,injury_report,nepali_dataset.csv
1253,ne,भूकम्पदेखि हजुरबुबा को फोन लाग्दैन,family_member_missing,nepali_dataset.csv
1254,ne,मद्दत गर्नुहोस् है???,sos_help_request,nepali_dataset.csv
1255,ne,हजुरबुबा लाई गहिरोघाउ छ,injury_report,nepali_dataset.csv
1256,ne,विस्थापितहरूलाई बस्ने ठाउँ चाहिन्छ,shelter_request,nepali_dataset.csv
1257,ne,नमस्ते,greeting,nepali_dataset.csv
1258,ne,भूकम्पदेखिहजुरबुबा को फोन लाग्दैन,family_member_missing,nepali_dataset.csv
1259,ne,एस ओ एस,sos_help_request,nepali_dataset.csv
1260,ne,गोर्खा मा तोकिएको सुरक्षित क्षेत्र कहाँ छ!!,safe_location_query,nepali_dataset.csv
1261,ne,भूकम्प गयो???,earthquake_occurring_report,nepali_dataset.csv
1262,ne,जाजरकोट नजिकैको घरमा आगोलागेको छ,fire_incident_report,nepali_dataset.csv
1263,ne,गोर्खाको लागि निकासा योजना,evacuation_guidance_query,nepali_dataset.csv
1264,ne,जाजरकोट मा जोडदार धक्का महसुस भयो छिटो,earthquake_occurring_report,nepali_dataset.csv
1265,ne,ललितपुर मा दिदीलाई खोजिरहेको छु,family_member_missing,nepali_dataset.csv
1266,ne,दिदी को लागि खाद्यान्न चाहियो,food_water_request,nepali_dataset.csv
1267,ne,भक्तपुर मा घर भत्कियो,building_collapse_report,nepali_dataset.csv
1268,ne,परिवारको लागि खाद्य सामग्रीचाहियो,food_water_request,nepali_dataset.csv
1269,ne,यहाँ सफा पानी उपलब्ध छैन छिटो,food_water_request,nepali_dataset.csv
1270,ne,के होयो,fallback_unclear,nepali_dataset.csv
1271,ne,छत खसेर दिदी थुनिनुभयो हजुर,trapped_debris_report,nepali_dataset.csv
1272,ne,भूकम्प भर्खरैआएको हो,earthquake_occurring_report,nepali_dataset.csv
1273,ne,नमस्ते जी है,greeting,nepali_dataset.csv
1274,ne,ललितपुर मा जोडदार धक्का महसुस भयो,earthquake_occurring_report,nepali_dataset.csv
1275,ne,दाजुअझै घर आउनुभएको छैन,family_member_missing,nepali_dataset.csv
1276,ne,भक्तपुर मा घरभत्कियो,building_collapse_report,nepali_dataset.csv
1277,ne,भान्सामा सानो आगो लागेको छ,fire_incident_report,nepali_dataset.csv
1278,ne,मद्दतको लागि धन्यवाद,goodbye_thanks,nepali_dataset.csv
1279,ne,बुबा भग्नावशेषमुनि थुनिनुभयो छिटो,trapped_debris_report,nepali_dataset.csv
1280,ne,के म भवनभित्रफेरि जान मिल्छ,building_damage_check,nepali_dataset.csv
1281,ne,बिजुली कहिले आउँछ है,power_outage_report,nepali_dataset.csv
1282,ne,काठमाडौं नजिकैको घरमा आगो लागेको छ,fire_incident_report,nepali_dataset.csv
1283,ne,जोक भन छिटो,fallback_unclear,nepali_dataset.csv
1284,ne,भक्तपुर मा तोकिएको सुरक्षित क्षेत्र कहाँ छ,safe_location_query,nepali_dataset.csv
1285,ne,तिमी कति उमेरको हौ,fallback_unclear,nepali_dataset.csv
1286,ne,भवनबाट बाहिर निस्कने सबैभन्दा सुरक्षित तरिका!!,evacuation_guidance_query,nepali_dataset.csv
1287,ne,दाजु लाई छातीमा दुखाइ भइरहेको छ,medical_emergency_request,nepali_dataset.csv
1288,ne,भवनबाट निकासा गर्ने चरणहरू!!,evacuation_guidance_query,nepali_dataset.csv
1289,ne,आदाब प्लिज,greeting,nepali_dataset.csv
1290,ne,पोखरा नजिकैको घरमा आगो लागेको छ छिटो,fire_incident_report,nepali_dataset.csv
1291,ne,छत खसेर दिदी थुनिनुभयो है,trapped_debris_report,nepali_dataset.csv
1292,ne,ठिक छ धन्यवाद,goodbye_thanks,nepali_dataset.csv
1293,ne,ललितपुर मा आगो छिट्टै फैलिँदैछ छिटो,fire_incident_report,nepali_dataset.csv
1294,ne,आमालाई गहिरो घाउ छ,injury_report,nepali_dataset.csv
1295,ne,नजिकै कुनै राहत शिविर छ कि है,shelter_request,nepali_dataset.csv
1296,ne,आमा लडेरढाडमा चोट लाग्यो,injury_report,nepali_dataset.csv
1297,ne,राहतशिविरमा हजुरबुबा भेटियो,family_reunification_status,nepali_dataset.csv
1298,ne,कोहि छैन र मद्दत गर्ने,sos_help_request,nepali_dataset.csv
1299,ne,मलबाका कारण राजमार्ग बन्द भयो???,road_blockage_report,nepali_dataset.csv
1300,ne,जाजरकोट माआगो लागेको छ,fire_incident_report,nepali_dataset.csv
1301,ne,पहिरोले एकमात्र सडक बन्द भयो प्लिज,road_blockage_report,nepali_dataset.csv
1302,ne,आमा र बालबालिकाका लागि आश्रय चाहियो छिटो,shelter_request,nepali_dataset.csv
1303,ne,के हामी तुरुन्तै निकासा गर्नुपर्छ,evacuation_guidance_query,nepali_dataset.csv
1304,ne,हिजोदेखि खानाछैन,food_water_request,nepali_dataset.csv
1305,ne,ठिक छ धन्यवाद???,goodbye_thanks,nepali_dataset.csv
1306,ne,हजुरबुबालाई एम्बुलेन्स चाहियो छिटो,medical_emergency_request,nepali_dataset.csv
1307,ne,ललितपुर मा सम्पूर्ण भवन ढल्यो,building_collapse_report,nepali_dataset.csv
1308,ne,ललितपुर मा दिदी लाई खोजिरहेको छु!!,family_member_missing,nepali_dataset.csv
1309,ne,घर भत्किएर भित्र फसियौं हजुर,trapped_debris_report,nepali_dataset.csv
1310,ne,हजुरबुबा लाईएम्बुलेन्स चाहियो छिटो,medical_emergency_request,nepali_dataset.csv
1311,ne,छत खसेर हजुरबुबा थुनिनुभयो हजुर,trapped_debris_report,nepali_dataset.csv
1312,ne,दाजु भग्नावशेषमुनिथुनिनुभयो,trapped_debris_report,nepali_dataset.csv
1313,ne,गोर्खा मा आगो लागेको छ हजुर,fire_incident_report,nepali_dataset.csv
1314,ne,म र आमा थुनिएका छौं???,trapped_debris_report,nepali_dataset.csv
1315,ne,ल ठिक छ धन्यवाद,goodbye_thanks,nepali_dataset.csv
1316,ne,पोखरा मातोकिएको सुरक्षित क्षेत्र कहाँ छ,safe_location_query,nepali_dataset.csv
1317,ne,दिदी बेहोस हुनुभयो,medical_emergency_request,nepali_dataset.csv
1318,ne,नजिकै कुनै राहत शिविर छ कि,shelter_request,nepali_dataset.csv
1319,ne,ललितपुर नजिकको पुलभत्कियो,road_blockage_report,nepali_dataset.csv
1320,ne,जाजरकोट नजिकैको घरमा आगो लागेको छ!!,fire_incident_report,nepali_dataset.csv
1321,ne,स्कूल भवन आंशिक रूपमा भत्कियो!!,building_collapse_report,nepali_dataset.csv
1322,ne,दाजुबेहोस हुनुभयो,medical_emergency_request,nepali_dataset.csv
1323,ne,काठमाडौंमा बिजुली गएको छ,power_outage_report,nepali_dataset.csv
1324,ne,काठमाडौं मा आगो छिट्टै फैलिँदैछ,fire_incident_report,nepali_dataset.csv
1325,ne,राष्ट्रिय आपतकालीनकार्य केन्द्रको नम्बर,emergency_contact_request,nepali_dataset.csv
1326,ne,निकासाको मार्गके हो,evacuation_guidance_query,nepali_dataset.csv
1327,ne,जाजरकोट नजिकको पुल भत्कियो हजुर,road_blockage_report,nepali_dataset.csv
1328,ne,काठमाडौं नजिक ग्यास चुहावट भयो,gas_leak_report,nepali_dataset.csv
1329,ne,नजिकैको राहत शिविर कहाँ छ छिटो,shelter_request,nepali_dataset.csv
1330,ne,पानीको आपूर्ति बन्द भयो पानी चाहियो हजुर,food_water_request,nepali_dataset.csv
1331,ne,भूकम्पदेखि बुबा को फोनलाग्दैन,family_member_missing,nepali_dataset.csv
1332,ne,अहिले हजुरबुबा सँगभेट भयो,family_reunification_status,nepali_dataset.csv
1333,ne,ललितपुर जान सकिँदैन सडक बन्द छ,road_blockage_report,nepali_dataset.csv
1334,ne,पोखरा मा जोडदार धक्का महसुस भयो!!,earthquake_occurring_report,nepali_dataset.csv
1335,ne,भान्सामा सानो आगो लागेको छ!!,fire_incident_report,nepali_dataset.csv
1336,ne,यो घरमा बस्न सुरक्षित छ कि छैन हजुर,building_damage_check,nepali_dataset.csv
1337,ne,यहाँ सफा पानी उपलब्ध छैन प्लिज,food_water_request,nepali_dataset.csv
1338,ne,दाजु लाई सुरक्षित फेला परेको छ???,family_reunification_status,nepali_dataset.csv
1339,ne,दुई दिनदेखि बिजुली छैन,power_outage_report,nepali_dataset.csv
1340,ne,ग्यासको पाइप भाँचियोभूकम्पमा,gas_leak_report,nepali_dataset.csv
1341,ne,हेल्लो!!,greeting,nepali_dataset.csv
1342,ne,नमस्ते जी,greeting,nepali_dataset.csv
1343,ne,जाजरकोट मा आगो लागेको छ,fire_incident_report,nepali_dataset.csv
1344,ne,भूकम्पपछिआगलागी भयो,fire_incident_report,nepali_dataset.csv
1345,ne,नमस्कार छिटो,greeting,nepali_dataset.csv
1346,ne,मुख्य सडक बन्द छ है,road_blockage_report,nepali_dataset.csv
1347,ne,दमकलको सम्पर्क नम्बर छिटो,emergency_contact_request,nepali_dataset.csv
1348,ne,काठमाडौं मा भूकम्प गयो,earthquake_occurring_report,nepali_dataset.csv
1349,ne,धन्यवादबहिनी,goodbye_thanks,nepali_dataset.csv
1350,ne,नमस्कार सर,greeting,nepali_dataset.csv
1351,ne,ललितपुर मा सम्पूर्ण भवन ढल्यो हजुर,building_collapse_report,nepali_dataset.csv
1352,ne,दिदी लाई छातीमा दुखाइ भइरहेकोछ,medical_emergency_request,nepali_dataset.csv
1353,ne,जाजरकोट मा सम्पूर्ण भवन ढल्यो,building_collapse_report,nepali_dataset.csv
1354,ne,हजुरबुबाबेहोस हुनुभयो,medical_emergency_request,nepali_dataset.csv
1355,ne,मर्केकोखुट्टाको लागि के गर्ने,first_aid_query,nepali_dataset.csv
1356,ne,साथी नमस्ते,greeting,nepali_dataset.csv
1357,ne,गोर्खा मा सम्पूर्ण भवनढल्यो,building_collapse_report,nepali_dataset.csv
1358,ne,भूकम्पपछि भवनको सुरक्षाजाँच कसले गर्छ,building_damage_check,nepali_dataset.csv
1359,ne,पोखरा मा जोडदार धक्का महसुस भयो,earthquake_occurring_report,nepali_dataset.csv
1360,ne,आमा लाई एम्बुलेन्स चाहियो छिटो,medical_emergency_request,nepali_dataset.csv
1361,ne,नमस्ते???,greeting,nepali_dataset.csv
1362,ne,जाँच्दैछु,fallback_unclear,nepali_dataset.csv
1363,ne,हजुरआमा लाई छातीमादुखाइ भइरहेको छ,medical_emergency_request,nepali_dataset.csv
1364,ne,राति बस्न पालचाहियो,shelter_request,nepali_dataset.csv
1365,ne,पोखरा को लागि पराकम्पचेतावनी,aftershock_information_query,nepali_dataset.csv
1366,ne,आमा लाई सुरक्षित फेला परेको छ,family_reunification_status,nepali_dataset.csv
1367,ne,अनि!!,fallback_unclear,nepali_dataset.csv
1368,ne,सहयोगकोलागि धन्यवाद,goodbye_thanks,nepali_dataset.csv
1369,ne,खुट्टामा घाउ भएर रगत बगिरहेको छ हजुर,injury_report,nepali_dataset.csv
1370,ne,गोर्खानजिकैको घरमा आगो लागेको छ,fire_incident_report,nepali_dataset.csv
1371,ne,के पराकम्प आउनेछ,aftershock_information_query,nepali_dataset.csv
1372,ne,वृद्धवृद्धाहरूसँग कसरी निकासा गर्ने,evacuation_guidance_query,nepali_dataset.csv
1373,ne,राति बस्न पाल चाहियो,shelter_request,nepali_dataset.csv
1374,ne,भक्तपुर नजिक ग्यास चुहावट भयो!!,gas_leak_report,nepali_dataset.csv
1375,ne,दुई दिनदेखि बिजुली छैन प्लिज,power_outage_report,nepali_dataset.csv
1376,ne,भूकम्पमा छत खस्यो है,building_collapse_report,nepali_dataset.csv
1377,ne,नमस्ते दाइ,greeting,nepali_dataset.csv
1378,ne,ओके धन्यवाद,goodbye_thanks,nepali_dataset.csv
1379,ne,बुबा लाई गम्भीर चोट लागेको छ हजुर,injury_report,nepali_dataset.csv
1380,ne,छिटोनिकाल्नुहोस् थुनिएको छु,trapped_debris_report,nepali_dataset.csv
1381,ne,दिदी लाई छातीमा दुखाइभइरहेको छ,medical_emergency_request,nepali_dataset.csv
1382,ne,फेरि भेटौंला है,goodbye_thanks,nepali_dataset.csv
1383,ne,ललितपुर को लागि निकासा योजना प्लिज,evacuation_guidance_query,nepali_dataset.csv
1384,ne,हामीलाई मद्दत चाहियो,sos_help_request,nepali_dataset.csv
1385,ne,हजुरआमा को बेपत्ता व्यक्ति रिपोर्ट प्लिज,family_member_missing,nepali_dataset.csv
1386,ne,घाउभएको ठाउँमा कसरी उपचार गर्ने,first_aid_query,nepali_dataset.csv
1387,ne,ललितपुरमा एम्बुलेन्स चाहियो,medical_emergency_request,nepali_dataset.csv
1388,ne,भक्तपुर को लागि निकासा योजना,evacuation_guidance_query,nepali_dataset.csv
1389,ne,म र दिदी थुनिएका छौं,trapped_debris_report,nepali_dataset.csv
1390,ne,जाजरकोट जानसकिँदैन सडक बन्द छ,road_blockage_report,nepali_dataset.csv
1391,ne,बुबा रबालबालिकाका लागि आश्रय चाहियो,shelter_request,nepali_dataset.csv
1392,ne,वृद्धवृद्धाहरूसँग कसरी निकासा गर्ने छिटो,evacuation_guidance_query,nepali_dataset.csv
1393,ne,ल ठिकछ धन्यवाद,goodbye_thanks,nepali_dataset.csv
1394,ne,सहयोग गर्नु न,sos_help_request,nepali_dataset.csv
1395,ne,हजुरआमा को बेपत्ता व्यक्ति रिपोर्ट,family_member_missing,nepali_dataset.csv
1396,ne,के हामी तुरुन्तै निकासा गर्नुपर्छ छिटो,evacuation_guidance_query,nepali_dataset.csv
1397,ne,घाउमा पट्टी कसरी बाँध्ने,first_aid_query,nepali_dataset.csv
1398,ne,बुबा लाईछातीमा दुखाइ भइरहेको छ,medical_emergency_request,nepali_dataset.csv
1399,ne,नजिकैको अपार्टमेन्ट भत्कियो हजुर,building_collapse_report,nepali_dataset.csv
1400,ne,एम्बुलेन्सको नम्बर के हो प्लिज,emergency_contact_request,nepali_dataset.csv
1401,ne,जाजरकोट मा सम्पूर्ण भवन ढल्यो हजुर,building_collapse_report,nepali_dataset.csv
1402,ne,ग्यासचुहियो,gas_leak_report,nepali_dataset.csv
1403,ne,के छ हाल,greeting,nepali_dataset.csv
1404,ne,शुभसाँझ,greeting,nepali_dataset.csv
1405,ne,पोखरा माघर भत्कियो,building_collapse_report,nepali_dataset.csv
1406,ne,नजिकैको अपार्टमेन्ट भत्कियो,building_collapse_report,nepali_dataset.csv
1407,ne,काठमाडौंमा सम्पूर्ण भवन ढल्यो,building_collapse_report,nepali_dataset.csv
1408,ne,ललितपुर मा दिदी लाई खोजिरहेको छु,family_member_missing,nepali_dataset.csv
1409,ne,छत खसेर बुबा थुनिनुभयो है,trapped_debris_report,nepali_dataset.csv
1410,ne,काठमाडौं को लागि पराकम्प चेतावनी प्लिज,aftershock_information_query,nepali_dataset.csv
1411,ne,आपतकालीन किटमा केके हुनुपर्छ,preparedness_tips_query,nepali_dataset.csv
1412,ne,छिमेकभरि बिजुली गएको छ प्लिज,power_outage_report,nepali_dataset.csv
1413,ne,भूकम्पपछि सडक क्षतिग्रस्तभयो,road_blockage_report,nepali_dataset.csv
1414,ne,पर्यटकप्रहरीको नम्बर दिनुहोस्,emergency_contact_request,nepali_dataset.csv
1415,ne,नजिकैको खाद्य वितरणस्थल,food_water_request,nepali_dataset.csv
1416,ne,भान्सामा ग्यासधेरै चुहिँदैछ,gas_leak_report,nepali_dataset.csv
1417,ne,अहिले बुबा सँगभेट भयो,family_reunification_status,nepali_dataset.csv
1418,ne,बुबा लाई सुरक्षित फेला परेको छ है,family_reunification_status,nepali_dataset.csv
1419,ne,अहिले आमा सँग भेट भयो???,family_reunification_status,nepali_dataset.csv
1420,ne,बालबालिकालाई भूकम्प अभ्यासको लागि कसरी तयार पार्ने छिटो,preparedness_tips_query,nepali_dataset.csv
1421,ne,कोहि छैन र मद्दत गर्ने छिटो,sos_help_request,nepali_dataset.csv
1422,ne,हाम्रोघर पूर्ण रूपमा भत्कियो,building_collapse_report,nepali_dataset.csv
1423,ne,बहिनीनमस्ते,greeting,nepali_dataset.csv
1424,ne,घर धेरै हल्लियो छिटो,earthquake_occurring_report,nepali_dataset.csv
1425,ne,अहिलेको अवस्थाके हो,status_check_general,nepali_dataset.csv
1426,ne,जोडदारभूकम्प आयो,earthquake_occurring_report,nepali_dataset.csv
1427,ne,गोर्खा को लागि निकासा योजना,evacuation_guidance_query,nepali_dataset.csv
1428,ne,शुभ साँझ,greeting,nepali_dataset.csv
1429,ne,अर्को भूकम्प आउने छ कि,aftershock_information_query,nepali_dataset.csv
1430,ne,अनि,fallback_unclear,nepali_dataset.csv
1431,ne,सबैभन्दा नजिकको सुरक्षित क्षेत्र कहाँ छ,safe_location_query,nepali_dataset.csv
1432,ne,कुन खुल्ला ठाउँभेला हुन सुरक्षित छ,safe_location_query,nepali_dataset.csv
1433,ne,गोर्खा को लागि पराकम्प चेतावनी छिटो,aftershock_information_query,nepali_dataset.csv
1434,ne,मेरो घरलाईभूकम्प प्रतिरोधी कसरी बनाउने,preparedness_tips_query,nepali_dataset.csv
1435,ne,छोरी को बेपत्ता व्यक्ति रिपोर्ट,family_member_missing,nepali_dataset.csv
1436,ne,हजुरआमा लाई छातीमा दुखाइ भइरहेको छ,medical_emergency_request,nepali_dataset.csv
1437,ne,भूकम्पपछि दाजु लाई भेट्टाउन सकिएको छैन,family_member_missing,nepali_dataset.csv
1438,ne,पराकम्पकति समयसम्म रहन्छ,aftershock_information_query,nepali_dataset.csv
1439,ne,भूकम्पले सबै हल्लियो,earthquake_occurring_report,nepali_dataset.csv
1440,ne,दाजु सुरक्षित हुनुहुन्छ भनेर स्थिति अपडेट गर्न चाहन्छु है,family_reunification_status,nepali_dataset.csv
1441,ne,परिवारको भेला हुने ठाउँकसरी योजना बनाउने,preparedness_tips_query,nepali_dataset.csv
1442,ne,अहिले बुबा सँग भेट भयो,family_reunification_status,nepali_dataset.csv
1443,ne,बुबा को लागि खाद्यान्न चाहियो???,food_water_request,nepali_dataset.csv
1444,ne,आमा लाई एम्बुलेन्स चाहियो छिटो???,medical_emergency_request,nepali_dataset.csv
1445,ne,सिलिन्डरबाट ग्यास चुहिँदैछ???,gas_leak_report,nepali_dataset.csv
1446,ne,पाल शिविरकोस्थान चाहियो,shelter_request,nepali_dataset.csv
1447,ne,बिजुलीकहिले आउँछ,power_outage_report,nepali_dataset.csv
1448,ne,हजुरआमा सुरक्षित हुनुहुन्छ भनेर स्थिति अपडेट गर्न चाहन्छु है,family_reunification_status,nepali_dataset.csv
1449,ne,अहिले दाजु सँग भेट भयो छिटो,family_reunification_status,nepali_dataset.csv
1450,ne,यति नै हो धन्यवाद!!,goodbye_thanks,nepali_dataset.csv
1451,ne,बिजुलीकोतारबाट आगो लाग्यो,fire_incident_report,nepali_dataset.csv
1452,ne,मेरो घरलाई भूकम्प प्रतिरोधी कसरी बनाउने,preparedness_tips_query,nepali_dataset.csv
1453,ne,मेरो घरमा चिरा परेको छ सुरक्षित छ कि छैन,building_damage_check,nepali_dataset.csv
1454,ne,अहिले मैले केगर्ने,status_check_general,nepali_dataset.csv
1455,ne,ग्यास चुल्होलेआगो लाग्यो,fire_incident_report,nepali_dataset.csv
1456,ne,मेरोपरिवारको सदस्य सुरक्षित भेटियो,family_reunification_status,nepali_dataset.csv
1457,ne,दाजु लाई एम्बुलेन्स चाहियो छिटो हजुर,medical_emergency_request,nepali_dataset.csv
1458,ne,भूकम्प ५ मिनेट अगाडि आएको हो है,earthquake_occurring_report,nepali_dataset.csv
1459,ne,पोखरा मा सम्पूर्ण भवन ढल्यो,building_collapse_report,nepali_dataset.csv
1460,ne,भवन अलिकतिढल्किएको छ खतरा छ कि,building_damage_check,nepali_dataset.csv
1461,ne,दिदी लडेरढाडमाचोट लाग्यो,injury_report,nepali_dataset.csv
1462,ne,पोखरा को लागि पराकम्प चेतावनी हजुर,aftershock_information_query,nepali_dataset.csv
1463,ne,ग्यास चुहावट भयो सल्लाह दिनुहोस्,gas_leak_report,nepali_dataset.csv
1464,ne,भूकम्पले सबै हल्लियो!!,earthquake_occurring_report,nepali_dataset.csv
1465,ne,जोडदार भूकम्प आयो,earthquake_occurring_report,nepali_dataset.csv
1466,ne,सहयोग गर्नुहोस्,sos_help_request,nepali_dataset.csv
1467,ne,जाजरकोट मा बिजुली गएकोछ,power_outage_report,nepali_dataset.csv
1468,ne,आमा लडेरढाडमा चोट लाग्यो हजुर,injury_report,nepali_dataset.csv
1469,ne,सहयोग चाहियो???,sos_help_request,nepali_dataset.csv
1470,ne,काठमाडौं मा घरभत्कियो,building_collapse_report,nepali_dataset.csv
1471,ne,आमा लाई सुरक्षित फेला परेको छ है,family_reunification_status,nepali_dataset.csv
1472,ne,आपतकालीन सम्पर्क नम्बरहरूको सूची हजुर,emergency_contact_request,nepali_dataset.csv
1473,ne,छिटो निकाल्नुहोस् थुनिएको छु???,trapped_debris_report,nepali_dataset.csv
1474,ne,नमस्कार,greeting,nepali_dataset.csv
1475,ne,आपतकालीन सम्पर्क नम्बरहरूको सूची???,emergency_contact_request,nepali_dataset.csv
1476,ne,जाजरकोट मा घर भत्कियो हजुर,building_collapse_report,nepali_dataset.csv
1477,ne,हजुरबुबा भग्नावशेषमुनि थुनिनुभयो,trapped_debris_report,nepali_dataset.csv
1478,ne,धन्यवाद बहिनी,goodbye_thanks,nepali_dataset.csv
1479,ne,टाउकोबाट रगत बगिरहेको छ प्लिज,injury_report,nepali_dataset.csv
1480,ne,नमस्ते बुवा!!,greeting,nepali_dataset.csv
1481,ne,दिदी र बालबालिकाका लागि आश्रय चाहियो है,shelter_request,nepali_dataset.csv
1482,ne,उद्धारका लागि नजिकैको खुल्ला ठाउँ,safe_location_query,nepali_dataset.csv
1483,ne,घरभरि ग्यासको गन्ध छ,gas_leak_report,nepali_dataset.csv
1484,ne,छतखसेर हजुरबुबा थुनिनुभयो,trapped_debris_report,nepali_dataset.csv
1485,ne,बुबा सुरक्षित हुनुहुन्छ भनेर स्थिति अपडेट गर्न चाहन्छु है,family_reunification_status,nepali_dataset.csv
1486,ne,काठमाडौं मा घर भत्कियो हजुर,building_collapse_report,nepali_dataset.csv
1487,ne,गोर्खा नजिकैको घरमा आगो लागेको छ प्लिज,fire_incident_report,nepali_dataset.csv
1488,ne,पराकम्पको जानकारीदिनुहोस्,aftershock_information_query,nepali_dataset.csv
1489,ne,खाना र पानी सकियो छिटो,food_water_request,nepali_dataset.csv
1490,ne,जे पनि टाइप गर्दैछु प्लिज,fallback_unclear,nepali_dataset.csv
1491,ne,दिदीलाई एम्बुलेन्स चाहियो छिटो,medical_emergency_request,nepali_dataset.csv
1492,ne,काठमाडौं को लागि निकासा योजना,evacuation_guidance_query,nepali_dataset.csv
1493,ne,नमस्तेजी,greeting,nepali_dataset.csv
1494,ne,हामी कहाँ सुरक्षितआश्रय लिन सक्छौं,safe_location_query,nepali_dataset.csv
1495,ne,राति बस्नपाल चाहियो,shelter_request,nepali_dataset.csv
1496,ne,दाजु को लागि खाद्यान्न चाहियो,food_water_request,nepali_dataset.csv
1497,ne,साथी नमस्ते???,greeting,nepali_dataset.csv
1498,ne,पराकम्प कति समयसम्म रहन्छ,aftershock_information_query,nepali_dataset.csv
1499,ne,हामी कहाँ सुरक्षित आश्रय लिन सक्छौं,safe_location_query,nepali_dataset.csv
1500,ne,काठमाडौं नजिक पहिरोले सडक बन्दभयो,road_blockage_report,nepali_dataset.csv
1501,ne,धन्यवाद हैसाथी,goodbye_thanks,nepali_dataset.csv
1502,ne,गोर्खा जान सकिँदैन सडक बन्द छ,road_blockage_report,nepali_dataset.csv
1503,ne,छोरा अझै घर आउनुभएको छैन???,family_member_missing,nepali_dataset.csv
1504,ne,पोखरा मा बिजुली गएको छ,power_outage_report,nepali_dataset.csv
1505,ne,धन्यवाद बहिनी छिटो,goodbye_thanks,nepali_dataset.csv
1506,ne,मौसम कस्तो छ,fallback_unclear,nepali_dataset.csv
1507,ne,गोर्खा नजिक ग्यास चुहावटभयो,gas_leak_report,nepali_dataset.csv
1508,ne,संरचना भत्कियो मानिसहरू भित्रै हुन सक्छन्???,building_collapse_report,nepali_dataset.csv
1509,ne,हामीलेअस्थायी आश्रय कहाँ पाउन सक्छौं,shelter_request,nepali_dataset.csv
1510,ne,मेरोभवन सुरक्षित छ कि भनेर कसरी थाहा पाउने,building_damage_check,nepali_dataset.csv
1511,ne,ललितपुर मा बिजुली गएको छ,power_outage_report,nepali_dataset.csv
1512,ne,शुभ साँझ है,greeting,nepali_dataset.csv
1513,ne,सहयोगको लागि धन्यवाद प्लिज,goodbye_thanks,nepali_dataset.csv
1514,ne,पोखरा मा बिजुली गएको छ हजुर,power_outage_report,nepali_dataset.csv
1515,ne,के म भवनभित्र फेरि जानमिल्छ,building_damage_check,nepali_dataset.csv
1516,ne,पोखरामा बिजुली गएको छ,power_outage_report,nepali_dataset.csv
1517,ne,बुबा लाई सुरक्षित फेला परेको छ,family_reunification_status,nepali_dataset.csv
1518,ne,पोखरा नजिक पहिरोले सडक बन्द भयो छिटो,road_blockage_report,nepali_dataset.csv
1519,ne,हजुरआमा लाईगम्भीर चोट लागेको छ,injury_report,nepali_dataset.csv
1520,ne,भक्तपुर मा जोडदारधक्का महसुस भयो,earthquake_occurring_report,nepali_dataset.csv
1521,ne,जाजरकोट मा सम्पूर्ण भवनढल्यो,building_collapse_report,nepali_dataset.csv
1522,ne,धन्यवादबुवा,goodbye_thanks,nepali_dataset.csv
1523,ne,कति पराकम्पआउने अपेक्षा छ,aftershock_information_query,nepali_dataset.csv
1524,ne,जाजरकोट मा घर भत्कियो,building_collapse_report,nepali_dataset.csv
1525,ne,हाइ!!,greeting,nepali_dataset.csv
1526,ne,घरबाटधुवाँ आइरहेको छ,fire_incident_report,nepali_dataset.csv
1527,ne,गोर्खा मा भूकम्प गयो,earthquake_occurring_report,nepali_dataset.csv
1528,ne,पहिरोले एकमात्र सडक बन्द भयो,road_blockage_report,nepali_dataset.csv
1529,ne,इँटाखसेर लाग्यो,injury_report,nepali_dataset.csv
1530,ne,५ मिनेट अगाडि भूकम्प आयो है,earthquake_occurring_report,nepali_dataset.csv
1531,ne,पराकम्प कति समयसम्म रहन्छ!!,aftershock_information_query,nepali_dataset.csv
1532,ne,दाजु बेहोसहुनुभयो,medical_emergency_request,nepali_dataset.csv
1533,ne,घर बलिरहेको छ दमकल चाहियो,fire_incident_report,nepali_dataset.csv
1534,ne,जाजरकोट मा बिजुलीको तार खसेको छ,power_outage_report,nepali_dataset.csv
1535,ne,सडकमा पर्खाल भत्कियो,building_collapse_report,nepali_dataset.csv
1536,ne,घरपूर्ण रूपमा भत्कियो,building_collapse_report,nepali_dataset.csv
1537,ne,काठमाडौंजान सकिँदैन सडक बन्द छ,road_blockage_report,nepali_dataset.csv
1538,ne,भक्तपुर नजिककोपुल भत्कियो,road_blockage_report,nepali_dataset.csv
1539,ne,भक्तपुर को लागि पराकम्प चेतावनी छिटो,aftershock_information_query,nepali_dataset.csv
1540,ne,टाउकोबाट रगत बगिरहेको छ,injury_report,nepali_dataset.csv
1541,ne,के म अहिले घरभित्र फर्कन सक्छु,building_damage_check,nepali_dataset.csv
1542,ne,मेरो परिवारको लागि आश्रय चाहियो,shelter_request,nepali_dataset.csv
1543,ne,नजिकैको सुरक्षित ठाउँ कहाँ छ है,safe_location_query,nepali_dataset.csv
1544,ne,आमा को लागि खाद्यान्न चाहियो प्लिज,food_water_request,nepali_dataset.csv
1545,ne,परिवारको लागि खाद्य सामग्री चाहियो!!,food_water_request,nepali_dataset.csv
1546,ne,कोही सास फेर्न सकिरहेको छैन हजुर,medical_emergency_request,nepali_dataset.csv
1547,ne,भूकम्प आयो,earthquake_occurring_report,nepali_dataset.csv
1548,ne,पोखरा नजिक पहिरोले सडकबन्द भयो,road_blockage_report,nepali_dataset.csv
1549,ne,बालबालिकालाई भूकम्प अभ्यासको लागि कसरी तयार पार्ने,preparedness_tips_query,nepali_dataset.csv
1550,ne,उद्धारका लागि नजिकैको खुल्ला ठाउँ हजुर,safe_location_query,nepali_dataset.csv
1551,ne,हाम्रो घर पूर्ण रूपमा भत्कियो,building_collapse_report,nepali_dataset.csv
1552,ne,खाना र पानी सकियो,food_water_request,nepali_dataset.csv
1553,ne,अहिले दिदी सँग भेटभयो,family_reunification_status,nepali_dataset.csv
1554,ne,हजुरआमा बेहोसहुनुभयो,medical_emergency_request,nepali_dataset.csv
1555,ne,गोर्खा मा भूकम्प गयो है,earthquake_occurring_report,nepali_dataset.csv
1556,ne,मलाई तुरुन्तै के गर्ने भनेर भन्नुहोस्,status_check_general,nepali_dataset.csv
1557,ne,ललितपुर नजिकैको घरमा आगो लागेको छ हजुर,fire_incident_report,nepali_dataset.csv
1558,ne,ललितपुर नजिकैको घरमा आगोलागेको छ,fire_incident_report,nepali_dataset.csv
1559,ne,भत्किएको घरभित्र फसेको छु!!,trapped_debris_report,nepali_dataset.csv
1560,ne,भक्तपुर मा सम्पूर्ण भवन ढल्यो हजुर,building_collapse_report,nepali_dataset.csv
1561,ne,भूकम्पदेखि हजुरबुबा बेपत्ता हुनुभएकोछ,family_member_missing,nepali_dataset.csv
1562,ne,भक्तपुर को लागि पराकम्प चेतावनी!!,aftershock_information_query,nepali_dataset.csv
1563,ne,जाजरकोट जान सकिँदैन सडक बन्द छ प्लिज,road_blockage_report,nepali_dataset.csv
1564,ne,गोर्खा मा जोडदार धक्का महसुस भयो प्लिज,earthquake_occurring_report,nepali_dataset.csv
1565,ne,भूकम्पको धक्का महसुस भयो,earthquake_occurring_report,nepali_dataset.csv
1566,ne,बुबा को लागि खाद्यान्न चाहियो प्लिज,food_water_request,nepali_dataset.csv
1567,ne,राहत शिविरमा दाजु भेटियो,family_reunification_status,nepali_dataset.csv
1568,ne,पोखरा मा भूकम्प गयो हजुर,earthquake_occurring_report,nepali_dataset.csv
1569,ne,अहिले कुन चरण पालना गर्ने,status_check_general,nepali_dataset.csv
1570,ne,दाजुलाई गम्भीर चोट लागेको छ,injury_report,nepali_dataset.csv
1571,ne,धेरै रगत बगिरहेको छ मेडिक चाहियो है,medical_emergency_request,nepali_dataset.csv
1572,ne,अहँ छिटो,fallback_unclear,nepali_dataset.csv
1573,ne,पर्यटक प्रहरीको नम्बर दिनुहोस्,emergency_contact_request,nepali_dataset.csv
1574,ne,खुट्टामा घाउ भएर रगत बगिरहेको छ???,injury_report,nepali_dataset.csv
1575,ne,राहत शिविरमा हजुरबुबा भेटियो प्लिज,family_reunification_status,nepali_dataset.csv
1576,ne,भवन अलिकति ढल्किएको छ खतरा छ कि,building_damage_check,nepali_dataset.csv
1577,ne,दिदी कोलागि खाद्यान्न चाहियो,food_water_request,nepali_dataset.csv
1578,ne,सहयोगगर्नुहोस्,sos_help_request,nepali_dataset.csv
1579,ne,भूकम्पपछि ग्यासको गन्ध आइरहेको छ???,gas_leak_report,nepali_dataset.csv
1580,ne,सफा खानेपानीतुरुन्तै चाहियो,food_water_request,nepali_dataset.csv
1581,ne,सहयोग चाहियो,sos_help_request,nepali_dataset.csv
1582,ne,गोर्खा माभूकम्प गयो,earthquake_occurring_report,nepali_dataset.csv
1583,ne,घरमाग्यास चुहावट भयो,gas_leak_report,nepali_dataset.csv
1584,ne,हामीलाईमद्दत चाहियो,sos_help_request,nepali_dataset.csv
1585,ne,धेरै धन्यवाद,goodbye_thanks,nepali_dataset.csv
1586,ne,भक्तपुर मा बिजुली गएकोछ,power_outage_report,nepali_dataset.csv
1587,ne,अहिले दाजु सँग भेट भयो हजुर,family_reunification_status,nepali_dataset.csv
1588,ne,हजुरआमा सुरक्षित हुनुहुन्छ भनेर स्थिति अपडेट गर्न चाहन्छु,family_reunification_status,nepali_dataset.csv
1589,ne,पोखरानजिकको पुल भत्कियो,road_blockage_report,nepali_dataset.csv
1590,ne,थाहाछैन,fallback_unclear,nepali_dataset.csv
1591,ne,आमा लाई गम्भीर चोट लागेको छ,injury_report,nepali_dataset.csv
1592,ne,हेल्लो हजुर हजुर,greeting,nepali_dataset.csv
1593,ne,कोही सास फेर्न सकिरहेको छैन प्लिज,medical_emergency_request,nepali_dataset.csv
1594,ne,धन्यवाद हजुर है,goodbye_thanks,nepali_dataset.csv
1595,ne,भक्तपुर मा जोडदार धक्का महसुस भयो,earthquake_occurring_report,nepali_dataset.csv
1596,ne,छत खसेर हजुरआमा थुनिनुभयो हजुर,trapped_debris_report,nepali_dataset.csv
1597,ne,म र हजुरआमा थुनिएका छौं है,trapped_debris_report,nepali_dataset.csv
1598,ne,गीत गाउनसक्छौ,fallback_unclear,nepali_dataset.csv
1599,ne,काठमाडौं मा तोकिएको सुरक्षित क्षेत्र कहाँ छ,safe_location_query,nepali_dataset.csv
1600,ne,ललितपुरमा आगो लागेको छ,fire_incident_report,nepali_dataset.csv
1601,ne,भेटिएको परिवार सदस्य कसरी दर्ता गर्ने,family_reunification_status,nepali_dataset.csv
1602,ne,जाजरकोट नजिकपहिरोले सडक बन्द भयो,road_blockage_report,nepali_dataset.csv
1603,ne,सुरक्षित रूपमा कसरी निकासा गर्ने,evacuation_guidance_query,nepali_dataset.csv
1604,ne,भूकम्पपछि चिरादेखा पर्यो,building_damage_check,nepali_dataset.csv
1605,ne,पर्खालमा चिरा देखिएको छ???,building_damage_check,nepali_dataset.csv
1606,ne,भूकम्पमा छतखस्यो,building_collapse_report,nepali_dataset.csv
1607,ne,भक्तपुर मा सम्पूर्ण भवन ढल्यो छिटो,building_collapse_report,nepali_dataset.csv
1608,ne,जाजरकोट मा जोडदार धक्का महसुस भयो,earthquake_occurring_report,nepali_dataset.csv
1609,ne,छिटो मद्दत चाहियो,sos_help_request,nepali_dataset.csv
1610,ne,दिदी लाई गहिरो घाउ छ छिटो,injury_report,nepali_dataset.csv
1611,ne,भूकम्पपछि चिरा देखा पर्यो,building_damage_check,nepali_dataset.csv
1612,ne,आमा बेहोस हुनुभयो,medical_emergency_request,nepali_dataset.csv
1613,ne,छोरी अझै घर आउनुभएको छैन!!,family_member_missing,nepali_dataset.csv
1614,ne,तिमीले के के गर्न सक्छौ हजुर,fallback_unclear,nepali_dataset.csv
1615,ne,ललितपुर नजिककोपुल भत्कियो,road_blockage_report,nepali_dataset.csv
1616,ne,आज राति थप धक्का आउन सक्छ कि हजुर,aftershock_information_query,nepali_dataset.csv
1617,ne,पर्खालमा चिरादेखिएको छ,building_damage_check,nepali_dataset.csv
1618,ne,बिहानदेखि दिदी बाट कुनै खबर छैन प्लिज,family_member_missing,nepali_dataset.csv
1619,ne,हजुरआमा लडेरढाडमा चोट लाग्यो,injury_report,nepali_dataset.csv
1620,ne,भूकम्पपछि भवनको सुरक्षा जाँच कसले गर्छ,building_damage_check,nepali_dataset.csv
1621,ne,तिमीले के के गर्न सक्छौ???,fallback_unclear,nepali_dataset.csv
1622,ne,कोहि छैन र मद्दत गर्ने है,sos_help_request,nepali_dataset.csv
1623,ne,बुबा लाई छातीमा दुखाइ भइरहेकोछ,medical_emergency_request,nepali_dataset.csv
1624,ne,गोर्खा मा आगो लागेको छ,fire_incident_report,nepali_dataset.csv
1625,ne,सहयोग गर्नुन,sos_help_request,nepali_dataset.csv
1626,ne,नमस्तेदाइ,greeting,nepali_dataset.csv
1627,ne,छत खसेर छोरा थुनिनुभयो है,trapped_debris_report,nepali_dataset.csv
1628,ne,उद्धार टोली चाहियो थुनिएको छु हजुर,trapped_debris_report,nepali_dataset.csv
1629,ne,सडकमा पर्खालभत्कियो,building_collapse_report,nepali_dataset.csv
1630,ne,काठमाडौं को लागि निकासा योजना!!,evacuation_guidance_query,nepali_dataset.csv
1631,ne,गोर्खा मा जोडदार धक्का महसुस भयो,earthquake_occurring_report,nepali_dataset.csv
1632,ne,डाक्टर तुरुन्तै चाहियो,medical_emergency_request,nepali_dataset.csv
1633,ne,काठमाडौं मा जोडदार धक्का महसुस भयो,earthquake_occurring_report,nepali_dataset.csv
1634,ne,गीतगाउन सक्छौ,fallback_unclear,nepali_dataset.csv
1635,ne,काठमाडौं कोलागि पराकम्प चेतावनी,aftershock_information_query,nepali_dataset.csv
1636,ne,धन्यबादहै,goodbye_thanks,nepali_dataset.csv
1637,ne,काठमाडौं मा आगोलागेको छ,fire_incident_report,nepali_dataset.csv
1638,ne,भूकम्प तयारीका सुझावहरू दिनुहोस् प्लिज,preparedness_tips_query,nepali_dataset.csv
1639,ne,काठमाडौं को लागि पराकम्प चेतावनी,aftershock_information_query,nepali_dataset.csv
1640,ne,बुबा लाई एम्बुलेन्स चाहियोछिटो,medical_emergency_request,nepali_dataset.csv
1641,ne,दाजु सुरक्षित हुनुहुन्छ भनेर स्थिति अपडेट गर्न चाहन्छु,family_reunification_status,nepali_dataset.csv
1642,ne,गोर्खामा आगो छिट्टै फैलिँदैछ,fire_incident_report,nepali_dataset.csv
1643,ne,अहिले मैले के कदम चाल्ने,status_check_general,nepali_dataset.csv
1644,ne,दिदीबेहोस हुनुभयो,medical_emergency_request,nepali_dataset.csv
1645,ne,दाजुलाई छातीमा दुखाइ भइरहेको छ,medical_emergency_request,nepali_dataset.csv
1646,ne,बुबा सुरक्षित हुनुहुन्छ भनेर स्थिति अपडेट गर्न चाहन्छु,family_reunification_status,nepali_dataset.csv
1647,ne,पराकम्पपछि घरभित्र सुत्न सुरक्षित छ कि,aftershock_information_query,nepali_dataset.csv
1648,ne,छोराभग्नावशेषमुनि थुनिनुभयो,trapped_debris_report,nepali_dataset.csv
1649,ne,अर्को भूकम्प आउनेछ कि,aftershock_information_query,nepali_dataset.csv
1650,ne,ओके धन्यवाद!!,goodbye_thanks,nepali_dataset.csv
1651,ne,भूकम्पदेखि बिजुलीछैन,power_outage_report,nepali_dataset.csv
1652,ne,विपद रिपोर्टिङ हटलाइन,emergency_contact_request,nepali_dataset.csv
1653,ne,सहयोगचाहियो,sos_help_request,nepali_dataset.csv
1654,ne,बिहानदेखि दिदी बाट कुनै खबर छैन,family_member_missing,nepali_dataset.csv
1655,ne,आमा लडेरढाडमा चोट लाग्यो???,injury_report,nepali_dataset.csv
1656,ne,म र हजुरबुबा थुनिएका छौं,trapped_debris_report,nepali_dataset.csv
1657,ne,पोखरा कोलागि निकासा योजना,evacuation_guidance_query,nepali_dataset.csv
1658,ne,गोर्खा मा आगो लागेको छ!!,fire_incident_report,nepali_dataset.csv
1659,ne,भूकम्पको बेलाखुट्टामा चोट लाग्यो,injury_report,nepali_dataset.csv
1660,ne,हजुर नमस्ते,greeting,nepali_dataset.csv
1661,ne,ललितपुर मा आगो छिट्टै फैलिँदैछ???,fire_incident_report,nepali_dataset.csv
1662,ne,परिवार पुनर्मिलन प्रक्रिया के हो,family_reunification_status,nepali_dataset.csv
1663,ne,जाँच्दैछु हजुर,fallback_unclear,nepali_dataset.csv
1664,ne,बुबा लाई सुरक्षित फेला परेकोछ,family_reunification_status,nepali_dataset.csv
1665,ne,ललितपुर मा घर भत्कियो छिटो,building_collapse_report,nepali_dataset.csv
1666,ne,दाजु अझै घर आउनुभएको छैन,family_member_missing,nepali_dataset.csv
1667,ne,एकदमधन्यवाद,goodbye_thanks,nepali_dataset.csv
1668,ne,भक्तपुर मा घर भत्कियो!!,building_collapse_report,nepali_dataset.csv
1669,ne,भूकम्प तयारीका सुझावहरू दिनुहोस् हजुर,preparedness_tips_query,nepali_dataset.csv
1670,ne,दिदी सुरक्षित हुनुहुन्छ भनेर स्थिति अपडेट गर्न चाहन्छु प्लिज,family_reunification_status,nepali_dataset.csv
1671,ne,पोखरा मा बिजुलीको तार खसेकोछ,power_outage_report,nepali_dataset.csv
1672,ne,जाजरकोट माभूकम्प गयो,earthquake_occurring_report,nepali_dataset.csv
1673,ne,अहिले हजुरबुबा सँग भेट भयो,family_reunification_status,nepali_dataset.csv
1674,ne,काठमाडौं मा बिजुली गएको छ,power_outage_report,nepali_dataset.csv
1675,ne,जाजरकोट मा तोकिएको सुरक्षित क्षेत्र कहाँ छ,safe_location_query,nepali_dataset.csv
1676,ne,तिमी कतिउमेरको हौ,fallback_unclear,nepali_dataset.csv
1677,ne,अहिले बुबासँग भेट भयो,family_reunification_status,nepali_dataset.csv
1678,ne,भूकम्पपछि छोरी लाई भेट्टाउन सकिएको छैन,family_member_missing,nepali_dataset.csv
1679,ne,पोखरा मा आगो लागेको छ,fire_incident_report,nepali_dataset.csv
1680,ne,भूकम्पगयो,earthquake_occurring_report,nepali_dataset.csv
1681,ne,भूकम्पको धक्का महसुस भयो प्लिज,earthquake_occurring_report,nepali_dataset.csv
1682,ne,बाई है,goodbye_thanks,nepali_dataset.csv
1683,ne,दाजु को लागिखाद्यान्न चाहियो,food_water_request,nepali_dataset.csv
1684,ne,पोखरा नजिक ग्यास चुहावट भयो,gas_leak_report,nepali_dataset.csv
1685,ne,बुबा लाईगम्भीर चोट लागेको छ,injury_report,nepali_dataset.csv
1686,ne,ललितपुर मा तोकिएको सुरक्षित क्षेत्र कहाँ छ,safe_location_query,nepali_dataset.csv
1687,ne,ललितपुर को लागि निकासा योजना,evacuation_guidance_query,nepali_dataset.csv
1688,ne,क क क छिटो,fallback_unclear,nepali_dataset.csv
1689,ne,दिदी बेहोस हुनुभयो है,medical_emergency_request,nepali_dataset.csv
1690,ne,अहिले मैले के कदम चाल्ने प्लिज,status_check_general,nepali_dataset.csv
1691,ne,यति नै हो धन्यवाद,goodbye_thanks,nepali_dataset.csv
1692,ne,दाजु लडेरढाडमा चोटलाग्यो,injury_report,nepali_dataset.csv
1693,ne,छोरी अझै घरआउनुभएको छैन,family_member_missing,nepali_dataset.csv
1694,ne,गोर्खामा बिजुली गएको छ,power_outage_report,nepali_dataset.csv
1695,ne,म डराएको छु मद्दत गर्नुहोस्,sos_help_request,nepali_dataset.csv
1696,ne,हाम्रो घर असुरक्षित छ आश्रय चाहियो प्लिज,shelter_request,nepali_dataset.csv
1697,ne,सहयोग गर्नु होला प्लिज,sos_help_request,nepali_dataset.csv
1698,ne,गोर्खा नजिक पहिरोले सडक बन्द भयो,road_blockage_report,nepali_dataset.csv
1699,ne,बचाउनुहोस्,sos_help_request,nepali_dataset.csv
1700,ne,आपतकालीन किटमा के के हुनुपर्छ,preparedness_tips_query,nepali_dataset.csv
1701,ne,पोखरा माजोडदार धक्का महसुस भयो,earthquake_occurring_report,nepali_dataset.csv
1702,ne,भूकम्पको बेला खुट्टामा चोटलाग्यो,injury_report,nepali_dataset.csv
1703,ne,जे पनि टाइप गर्दैछु,fallback_unclear,nepali_dataset.csv
1704,ne,रगतबग्न रोक्ने उपाय के हो,first_aid_query,nepali_dataset.csv
1705,ne,राहत शिविरमा बुबा भेटियो,family_reunification_status,nepali_dataset.csv
1706,ne,भक्तपुर मा आगो छिट्टै फैलिँदैछ,fire_incident_report,nepali_dataset.csv
1707,ne,सहयोगको लागि धन्यवाद,goodbye_thanks,nepali_dataset.csv
1708,ne,दिदी लडेरढाडमा चोट लाग्यो,injury_report,nepali_dataset.csv
1709,ne,सबैभन्दा नजिकको सुरक्षित क्षेत्र कहाँ छ प्लिज,safe_location_query,nepali_dataset.csv
1710,ne,नजिकै कुनै राहत शिविर छकि,shelter_request,nepali_dataset.csv
1711,ne,अहिले आमा सँग भेट भयो,family_reunification_status,nepali_dataset.csv
1712,ne,छोरी को बेपत्ता व्यक्ति रिपोर्ट!!,family_member_missing,nepali_dataset.csv
1713,ne,हजुर नमस्ते???,greeting,nepali_dataset.csv
1714,ne,नजिकैको सुरक्षित ठाउँ कहाँ छ हजुर,safe_location_query,nepali_dataset.csv
1715,ne,तिमी को हौ,fallback_unclear,nepali_dataset.csv
1716,ne,मद्दत गर्नुहोस् है प्लिज,sos_help_request,nepali_dataset.csv
1717,ne,के छ त!!,greeting,nepali_dataset.csv
1718,ne,पराकम्प कति शक्तिशाली हुन्छ,aftershock_information_query,nepali_dataset.csv
1719,ne,भूकम्पपछि आमा लाई भेट्टाउन सकिएको छैन,family_member_missing,nepali_dataset.csv
1720,ne,उद्धार टोली चाहियो थुनिएको छु,trapped_debris_report,nepali_dataset.csv
1721,ne,भूकम्पपछि चिरा देखा पर्यो!!,building_damage_check,nepali_dataset.csv
1722,ne,दाजु लाई एम्बुलेन्स चाहियो छिटो???,medical_emergency_request,nepali_dataset.csv
1723,ne,पोखरा मा घर भत्कियो,building_collapse_report,nepali_dataset.csv
1724,ne,बिजुलीको तारबाट आगो लाग्यो,fire_incident_report,nepali_dataset.csv
1725,ne,ललितपुर मा घर भत्कियो हजुर,building_collapse_report,nepali_dataset.csv
1726,ne,भत्किएको घरभित्र फसेको छु,trapped_debris_report,nepali_dataset.csv
1727,ne,काठमाडौं मा बिजुलीको तार खसेको छ,power_outage_report,nepali_dataset.csv
1728,ne,अहिले नैमद्दत चाहियो,sos_help_request,nepali_dataset.csv
1729,ne,जाजरकोट मा बिजुली गएको छ,power_outage_report,nepali_dataset.csv
1730,ne,परिवारको भेला हुने ठाउँ कसरी योजनाबनाउने,preparedness_tips_query,nepali_dataset.csv
1731,ne,दिदी भग्नावशेषमुनि थुनिनुभयो,trapped_debris_report,nepali_dataset.csv
1732,ne,सहयोग???,sos_help_request,nepali_dataset.csv
1733,ne,घर भत्किएर भित्र फसियौं,trapped_debris_report,nepali_dataset.csv
1734,ne,जाजरकोट मा तोकिएको सुरक्षित क्षेत्र कहाँछ,safe_location_query,nepali_dataset.csv
1735,ne,घाउमापट्टी कसरी बाँध्ने,first_aid_query,nepali_dataset.csv
1736,ne,जाजरकोटमा जोडदार धक्का महसुस भयो,earthquake_occurring_report,nepali_dataset.csv
1737,ne,गोर्खा को लागि पराकम्प चेतावनी,aftershock_information_query,nepali_dataset.csv
1738,ne,धन्यबाद है,goodbye_thanks,nepali_dataset.csv
1739,ne,खानेपानी चाहियो हजुर,food_water_request,nepali_dataset.csv
1740,ne,नेपाल रेडक्रसको हेल्पलाइन नम्बर छिटो,emergency_contact_request,nepali_dataset.csv
1741,ne,अहिले दिदी सँग भेट भयो,family_reunification_status,nepali_dataset.csv
1742,ne,हजुरनमस्ते,greeting,nepali_dataset.csv
1743,ne,सहयोगगर्नु होला,sos_help_request,nepali_dataset.csv
1744,ne,के छत,greeting,nepali_dataset.csv
1745,ne,घाउ भएको ठाउँमा कसरी उपचार गर्ने है,first_aid_query,nepali_dataset.csv
1746,ne,एकदम धन्यवाद,goodbye_thanks,nepali_dataset.csv
1747,ne,आपतकालीन सम्पर्क नम्बरहरूको सूची,emergency_contact_request,nepali_dataset.csv
1748,ne,धन्यवाद,goodbye_thanks,nepali_dataset.csv
1749,ne,सिलिन्डरबाट ग्यास चुहिँदैछ,gas_leak_report,nepali_dataset.csv
1750,ne,भूकम्पदेखि बिजुली छैन,power_outage_report,nepali_dataset.csv
1751,ne,मेडिकल इमर्जेन्सी छ मद्दत गर्नुहोस्,medical_emergency_request,nepali_dataset.csv
1752,ne,पोलेको ठाउँको लागि प्राथमिक उपचार,first_aid_query,nepali_dataset.csv
1753,ne,सिलिन्डरबाट ग्यासचुहिँदैछ,gas_leak_report,nepali_dataset.csv
1754,ne,म र छोरी थुनिएका छौं,trapped_debris_report,nepali_dataset.csv
1755,ne,छोरा भग्नावशेषमुनिथुनिनुभयो,trapped_debris_report,nepali_dataset.csv
1756,ne,भवनबाट निकासा गर्ने चरणहरू,evacuation_guidance_query,nepali_dataset.csv
1757,ne,छोरी सँग सम्पर्क टुटेको छ,family_member_missing,nepali_dataset.csv
1758,ne,प्राथमिक उपचार किटमा के चाहिन्छ हजुर,first_aid_query,nepali_dataset.csv
1759,ne,भर्खरै भूकम्प आयो!!,earthquake_occurring_report,nepali_dataset.csv
1760,ne,ललितपुर माआगो लागेको छ,fire_incident_report,nepali_dataset.csv
1761,ne,जाजरकोट मा बिजुलीको तार खसेको छ!!,power_outage_report,nepali_dataset.csv
1762,ne,दिदी रबालबालिकाका लागि आश्रय चाहियो,shelter_request,nepali_dataset.csv
1763,ne,बच्चाकोलागि फर्मुला र पानी चाहियो,food_water_request,nepali_dataset.csv
1764,ne,आमा लाई गम्भीर चोट लागेको छ हजुर,injury_report,nepali_dataset.csv
1765,ne,छत खसेर हजुरआमा थुनिनुभयो,trapped_debris_report,nepali_dataset.csv
1766,ne,भूकम्पपछि के गर्ने,status_check_general,nepali_dataset.csv
1767,ne,ललितपुर मा बिजुलीको तार खसेको छ,power_outage_report,nepali_dataset.csv
1768,ne,दाजु लाई छातीमा दुखाइ भइरहेको छ!!,medical_emergency_request,nepali_dataset.csv
1769,ne,काठमाडौं नजिकको पुल भत्कियो,road_blockage_report,nepali_dataset.csv
1770,ne,गोर्खा मा बिजुलीको तार खसेकोछ,power_outage_report,nepali_dataset.csv
1771,ne,ललितपुर नजिकपहिरोले सडक बन्द भयो,road_blockage_report,nepali_dataset.csv
1772,ne,भूकम्पको लागि गो-ब्याग कसरी तयार पार्ने प्लिज,preparedness_tips_query,nepali_dataset.csv
1773,ne,बाई,goodbye_thanks,nepali_dataset.csv
1774,ne,भूकम्प ५ मिनेट अगाडि आएको हो,earthquake_occurring_report,nepali_dataset.csv
1775,ne,पराकम्पको जानकारी दिनुहोस्,aftershock_information_query,nepali_dataset.csv
1776,ne,बच्चाको लागि फर्मुला र पानीचाहियो,food_water_request,nepali_dataset.csv
1777,ne,मलबाका कारण राजमार्ग बन्द भयो,road_blockage_report,nepali_dataset.csv
1778,ne,घरमा भूकम्प तयारीको उत्तम अभ्यास के हो,preparedness_tips_query,nepali_dataset.csv
1779,ne,म डराएको छु मद्दत गर्नुहोस्???,sos_help_request,nepali_dataset.csv
1780,ne,आमा सँग सम्पर्क टुटेको छ,family_member_missing,nepali_dataset.csv
1781,ne,बेहोस भएको मान्छेलाई कसरी मद्दत गर्ने है,first_aid_query,nepali_dataset.csv
1782,ne,मद्दत पठाउनुहोस्,sos_help_request,nepali_dataset.csv
1783,ne,मलाईबचाउनुहोस्,sos_help_request,nepali_dataset.csv
1784,ne,पोखरा नजिकैको घरमा आगो लागेको छ,fire_incident_report,nepali_dataset.csv
1785,ne,हजुरआमा बेहोस हुनुभयो है,medical_emergency_request,nepali_dataset.csv
1786,ne,धन्यवाद बुवा छिटो,goodbye_thanks,nepali_dataset.csv
1787,ne,मलाई थाहा छैनके गर्ने,status_check_general,nepali_dataset.csv
1788,ne,मलाई चोट लागेको छ प्लिज,injury_report,nepali_dataset.csv
1789,ne,भक्तपुर माआगो छिट्टै फैलिँदैछ,fire_incident_report,nepali_dataset.csv
1790,ne,गोडा मर्केर हिँड्नसकिँन,injury_report,nepali_dataset.csv
1791,ne,सहयोग हजुर,sos_help_request,nepali_dataset.csv
1792,ne,मुख्य सडक बन्दछ,road_blockage_report,nepali_dataset.csv
1793,ne,दिदी लडेरढाडमा चोटलाग्यो,injury_report,nepali_dataset.csv
1794,ne,आमा लाई छातीमा दुखाइ भइरहेकोछ,medical_emergency_request,nepali_dataset.csv
1795,ne,भान्सामा ग्यास धेरै चुहिँदैछ है,gas_leak_report,nepali_dataset.csv
1796,ne,हजुरबुबा लडेरढाडमा चोट लाग्यो छिटो,injury_report,nepali_dataset.csv
1797,ne,पोखरा मा आगो छिट्टै फैलिँदैछ,fire_incident_report,nepali_dataset.csv
1798,ne,भेटिएको परिवार सदस्य कसरी दर्ता गर्ने???,family_reunification_status,nepali_dataset.csv
1799,ne,दाजु लाई गहिरो घाउ छ???,injury_report,nepali_dataset.csv
1800,ne,ग्यासको पाइप भाँचियो भूकम्पमा,gas_leak_report,nepali_dataset.csv
1801,ne,पोखरा नजिकग्यास चुहावट भयो,gas_leak_report,nepali_dataset.csv
1802,ne,धन्यवाद बुवा,goodbye_thanks,nepali_dataset.csv
1803,ne,धन्यवाद है साथी प्लिज,goodbye_thanks,nepali_dataset.csv
1804,ne,राहत शिविरमा दाजु भेटियो छिटो,family_reunification_status,nepali_dataset.csv
1805,ne,ललितपुरजान सकिँदैन सडक बन्द छ,road_blockage_report,nepali_dataset.csv
1806,ne,ललितपुर को लागि पराकम्प चेतावनी,aftershock_information_query,nepali_dataset.csv
1807,ne,धन्यवाद दाई!!,goodbye_thanks,nepali_dataset.csv
1808,ne,अहिलेको अवस्था के हो,status_check_general,nepali_dataset.csv
1809,ne,अहँ!!,fallback_unclear,nepali_dataset.csv
1810,ne,सुप्रभात छिटो,greeting,nepali_dataset.csv
1811,ne,मौसम कस्तो छ छिटो,fallback_unclear,nepali_dataset.csv
1812,ne,हेल्लो हजुर,greeting,nepali_dataset.csv
1813,ne,काठमाडौं मा जोडदार धक्का महसुस भयो???,earthquake_occurring_report,nepali_dataset.csv
1814,ne,भूकम्पले सबै हल्लियो छिटो,earthquake_occurring_report,nepali_dataset.csv
1815,ne,हाम्रोक्षेत्रमा बिजुली कटौती भयो,power_outage_report,nepali_dataset.csv
1816,ne,भूकम्पआयो,earthquake_occurring_report,nepali_dataset.csv
1817,ne,बुबा को बेपत्ता व्यक्ति रिपोर्ट,family_member_missing,nepali_dataset.csv
1818,ne,बिजुलीको तारबाटआगो लाग्यो,fire_incident_report,nepali_dataset.csv
1819,ne,हजुरआमा सँग सम्पर्क टुटेको छ हजुर,family_member_missing,nepali_dataset.csv
1820,ne,आमालाई एम्बुलेन्स चाहियो छिटो,medical_emergency_request,nepali_dataset.csv
1821,ne,बच्चाको लागि फर्मुला र पानी चाहियो,food_water_request,nepali_dataset.csv
1822,ne,मेरो भवन सुरक्षित छ कि भनेर कसरी थाहा पाउने,building_damage_check,nepali_dataset.csv
1823,ne,इँटा खसेर लाग्यो!!,injury_report,nepali_dataset.csv
1824,ne,वृद्धवृद्धाहरूसँग कसरी निकासा गर्ने???,evacuation_guidance_query,nepali_dataset.csv
1825,ne,गोडा मर्केर हिँड्न सकिँन!!,injury_report,nepali_dataset.csv
1826,ne,स्कूल भवन आंशिकरूपमा भत्कियो,building_collapse_report,nepali_dataset.csv
1827,ne,घरमा ग्यास चुहावट भयो प्लिज,gas_leak_report,nepali_dataset.csv
1828,ne,दिदी सुरक्षित हुनुहुन्छ भनेर स्थिति अपडेट गर्न चाहन्छु है,family_reunification_status,nepali_dataset.csv
1829,ne,ग्यास चुल्होले आगो लाग्यो,fire_incident_report,nepali_dataset.csv
1830,ne,उद्धारका लागि कहाँ फोन गर्ने,emergency_contact_request,nepali_dataset.csv
1831,ne,अर्को चरणहरू भन्नुहोस्,status_check_general,nepali_dataset.csv
1832,ne,छोरा अझै घर आउनुभएको छैन!!,family_member_missing,nepali_dataset.csv
1833,ne,ललितपुर मा बिजुली गएको छ प्लिज,power_outage_report,nepali_dataset.csv
1834,ne,कसैले सहयोग गर्नुहोस् है,sos_help_request,nepali_dataset.csv
1835,ne,मेरो घरमा चिरा परेकोछ सुरक्षित छ कि छैन,building_damage_check,nepali_dataset.csv
1836,ne,गोर्खा जान सकिँदैन सडक बन्द छ छिटो,road_blockage_report,nepali_dataset.csv
1837,ne,पोखरा मा आगो लागेको छ छिटो,fire_incident_report,nepali_dataset.csv
1838,ne,धन्यवाद है साथी,goodbye_thanks,nepali_dataset.csv
1839,ne,आपतकालीन सामान कति पटक जाँच्ने हजुर,preparedness_tips_query,nepali_dataset.csv
1840,ne,नजिकैको राहत शिविर कहाँ छ,shelter_request,nepali_dataset.csv
1841,ne,कसैले सहयोग गर्नुहोस्???,sos_help_request,nepali_dataset.csv
1842,ne,मलाईमद्दत चाहियो,sos_help_request,nepali_dataset.csv
1843,ne,छोरा अझै घर आउनुभएको छैन,family_member_missing,nepali_dataset.csv
1844,ne,गर्भवती महिलालाई उपचार चाहियो है,medical_emergency_request,nepali_dataset.csv
1845,ne,गोर्खा नजिक ग्यास चुहावट भयो!!,gas_leak_report,nepali_dataset.csv
1846,ne,ल ठिकछ बाई,goodbye_thanks,nepali_dataset.csv
1847,ne,भक्तपुर नजिकैको घरमा आगो लागेको छ,fire_incident_report,nepali_dataset.csv
1848,ne,मेरोपरिवारको लागि आश्रय चाहियो,shelter_request,nepali_dataset.csv
1849,ne,मद्दतपठाउनुहोस्,sos_help_request,nepali_dataset.csv
1850,ne,पर्खालमा ठूला चिरा छन् बाहिरिनु पर्छ कि छिटो,building_damage_check,nepali_dataset.csv
1851,ne,नमस्कार!!,greeting,nepali_dataset.csv
1852,ne,एम्बुलेन्सको नम्बर केहो,emergency_contact_request,nepali_dataset.csv
1853,ne,दाजु लाई गम्भीरचोट लागेको छ,injury_report,nepali_dataset.csv
1854,ne,आमा र बालबालिकाका लागि आश्रय चाहियो???,shelter_request,nepali_dataset.csv
1855,ne,क क क,fallback_unclear,nepali_dataset.csv
1856,ne,दाजु र बालबालिकाकालागि आश्रय चाहियो,shelter_request,nepali_dataset.csv
1857,ne,जाजरकोटमा बिजुली गएको छ,power_outage_report,nepali_dataset.csv
1858,ne,सुरक्षित रूपमा कसरी निकासा गर्ने छिटो,evacuation_guidance_query,nepali_dataset.csv
1859,ne,अर्को भूकम्प आउने छ कि प्लिज,aftershock_information_query,nepali_dataset.csv
1860,ne,मद्दतगर है,sos_help_request,nepali_dataset.csv
1861,ne,काठमाडौं नजिकैकोघरमा आगो लागेको छ,fire_incident_report,nepali_dataset.csv
1862,ne,निकासाको मार्ग के हो,evacuation_guidance_query,nepali_dataset.csv
1863,ne,दिदी लाई एम्बुलेन्स चाहियो छिटो,medical_emergency_request,nepali_dataset.csv
1864,ne,नमस्ते छिटो,greeting,nepali_dataset.csv
1865,ne,घर भत्किएर भित्र फसियौं छिटो,trapped_debris_report,nepali_dataset.csv
1866,ne,यो घरमा बस्न सुरक्षित छ कि छैन,building_damage_check,nepali_dataset.csv
1867,ne,हाम्रो क्षेत्रमा बिजुली कटौती भयो,power_outage_report,nepali_dataset.csv
1868,ne,के म भवनभित्र फेरि जान मिल्छ,building_damage_check,nepali_dataset.csv
1869,ne,काठमाडौं जान सकिँदैन सडक बन्द छ,road_blockage_report,nepali_dataset.csv
1870,ne,अहिले कुन चरण पालनागर्ने,status_check_general,nepali_dataset.csv
1871,ne,भूकम्पपछि ग्यासको गन्ध आइरहेको छ,gas_leak_report,nepali_dataset.csv
1872,ne,भूकम्पदेखिबिजुली छैन,power_outage_report,nepali_dataset.csv
1873,ne,अर्को चरणहरू भन्नुहोस्!!,status_check_general,nepali_dataset.csv
1874,ne,यो भूकम्पसँग सम्बन्धित छैन,fallback_unclear,nepali_dataset.csv
1875,ne,तिमीले के के गर्न सक्छौ,fallback_unclear,nepali_dataset.csv
1876,ne,भग्नावशेष खसेर टाउकोमा चोट लाग्यो,injury_report,nepali_dataset.csv
1877,ne,काठमाडौं को लागि निकासा योजना छिटो,evacuation_guidance_query,nepali_dataset.csv
1878,ne,हजुरआमा भग्नावशेषमुनि थुनिनुभयो,trapped_debris_report,nepali_dataset.csv
1879,ne,काठमाडौं मा सम्पूर्ण भवन ढल्यो!!,building_collapse_report,nepali_dataset.csv
1880,ne,हेल्लो हजुर है,greeting,nepali_dataset.csv
1881,ne,गीत गाउन सक्छौ,fallback_unclear,nepali_dataset.csv
1882,ne,आमा लाई छातीमा दुखाइ भइरहेको छ,medical_emergency_request,nepali_dataset.csv
1883,ne,छोरी सँगसम्पर्क टुटेको छ,family_member_missing,nepali_dataset.csv
1884,ne,सबैभन्दा नजिकको सुरक्षित क्षेत्र कहाँ छ!!,safe_location_query,nepali_dataset.csv
1885,ne,अहिले हजुरआमा सँग भेट भयो छिटो,family_reunification_status,nepali_dataset.csv
1886,ne,पोखरा नजिक पहिरोले सडक बन्द भयो,road_blockage_report,nepali_dataset.csv
1887,ne,भाँचिएको हातको लागि प्राथमिक उपचार है,first_aid_query,nepali_dataset.csv
1888,ne,नेपाल रेडक्रसको हेल्पलाइन नम्बर!!,emergency_contact_request,nepali_dataset.csv
1889,ne,भक्तपुर मा सम्पूर्ण भवन ढल्यो,building_collapse_report,nepali_dataset.csv
1890,ne,हजुरलाईनमस्कार,greeting,nepali_dataset.csv
1891,ne,पराकम्पपछि घरभित्र सुत्न सुरक्षितछ कि,aftershock_information_query,nepali_dataset.csv
1892,ne,भक्तपुरमा तोकिएको सुरक्षित क्षेत्र कहाँ छ,safe_location_query,nepali_dataset.csv
1893,ne,आमासँग सम्पर्क टुटेको छ,family_member_missing,nepali_dataset.csv
1894,ne,बुबा र बालबालिकाका लागि आश्रय चाहियो,shelter_request,nepali_dataset.csv
1895,ne,खानेपानीचाहियो,food_water_request,nepali_dataset.csv
1896,ne,भक्तपुर नजिकको पुल भत्कियो है,road_blockage_report,nepali_dataset.csv
1897,ne,दिदी भग्नावशेषमुनि थुनिनुभयो हजुर,trapped_debris_report,nepali_dataset.csv
1898,ne,फेरिभेटौंला,goodbye_thanks,nepali_dataset.csv
1899,ne,दाजु लाई सुरक्षित फेला परेको छ,family_reunification_status,nepali_dataset.csv
1900,ne,मलाई थाहा छैन के गर्ने,status_check_general,nepali_dataset.csv
1901,ne,हजुरबुबा लाई एम्बुलेन्स चाहियो छिटो,medical_emergency_request,nepali_dataset.csv
1902,ne,पराकम्पपछि घरभित्र सुत्न सुरक्षित छ कि है,aftershock_information_query,nepali_dataset.csv
1903,ne,राष्ट्रिय आपतकालीन कार्य केन्द्रको नम्बर,emergency_contact_request,nepali_dataset.csv
1904,ne,पर्यटक प्रहरीको नम्बर दिनुहोस्!!,emergency_contact_request,nepali_dataset.csv
1905,ne,मद्दत चाहियो,sos_help_request,nepali_dataset.csv
1906,ne,यो भूकम्प हो कि हजुर,earthquake_occurring_report,nepali_dataset.csv
1907,ne,राहतशिविरमा दाजु भेटियो,family_reunification_status,nepali_dataset.csv
1908,ne,के गर्ने भनेर मलाई मार्गदर्शन गर्नुहोस् हजुर,status_check_general,nepali_dataset.csv
1909,ne,अहिले नै मद्दत चाहियो है,sos_help_request,nepali_dataset.csv
1910,ne,हजुरबुबा लाई गहिरो घाउ छ,injury_report,nepali_dataset.csv
1911,ne,हाम्रो क्षेत्रमाबिजुली कटौती भयो,power_outage_report,nepali_dataset.csv
1912,ne,घाउमा पट्टी कसरीबाँध्ने,first_aid_query,nepali_dataset.csv
1913,ne,यति नैहो धन्यवाद,goodbye_thanks,nepali_dataset.csv
1914,ne,गोर्खा कोलागि निकासा योजना,evacuation_guidance_query,nepali_dataset.csv
1915,ne,भक्तपुर को लागि पराकम्प चेतावनी,aftershock_information_query,nepali_dataset.csv
1916,ne,दाजु बेहोस हुनुभयो,medical_emergency_request,nepali_dataset.csv
1917,ne,हेल्लो???,greeting,nepali_dataset.csv
1918,ne,दिदी र बालबालिकाका लागि आश्रय चाहियो,shelter_request,nepali_dataset.csv
1919,ne,हामीले अस्थायीआश्रय कहाँ पाउन सक्छौं,shelter_request,nepali_dataset.csv
1920,ne,पोखरा मा आगो लागेको छ है,fire_incident_report,nepali_dataset.csv
1921,ne,दाजुसुरक्षित हुनुहुन्छ भनेर स्थिति अपडेट गर्न चाहन्छु,family_reunification_status,nepali_dataset.csv
1922,ne,अहिले मैले के गर्नुपर्छ,status_check_general,nepali_dataset.csv
1923,ne,काठमाडौं नजिक पहिरोले सडक बन्द भयो,road_blockage_report,nepali_dataset.csv
1924,ne,जोकभन,fallback_unclear,nepali_dataset.csv
1925,ne,पोखरा मा एम्बुलेन्स चाहियो,medical_emergency_request,nepali_dataset.csv
1926,ne,दाजु लाई गहिरोघाउ छ,injury_report,nepali_dataset.csv
1927,ne,नमस्तेबुवा,greeting,nepali_dataset.csv
1928,ne,दाजु लाई सुरक्षित फेलापरेको छ,family_reunification_status,nepali_dataset.csv
1929,ne,म र दिदी थुनिएका छौं प्लिज,trapped_debris_report,nepali_dataset.csv
1930,ne,भक्तपुर जान सकिँदैन सडक बन्द छ,road_blockage_report,nepali_dataset.csv
1931,ne,मेरो परिवारको सदस्य सुरक्षित भेटियो है,family_reunification_status,nepali_dataset.csv
1932,ne,एस ओ एस हजुर,sos_help_request,nepali_dataset.csv
1933,ne,पोखरा मा तोकिएको सुरक्षित क्षेत्र कहाँ छ,safe_location_query,nepali_dataset.csv
1934,ne,काठमाडौं मा आगो छिट्टै फैलिँदैछ हजुर,fire_incident_report,nepali_dataset.csv
1935,ne,शुभ प्रभात,greeting,nepali_dataset.csv
1936,ne,ललितपुर मा जोडदार धक्का महसुस भयो???,earthquake_occurring_report,nepali_dataset.csv
1937,ne,भक्तपुर नजिक ग्यास चुहावट भयो,gas_leak_report,nepali_dataset.csv
1938,ne,यो भूकम्पसँगसम्बन्धित छैन,fallback_unclear,nepali_dataset.csv
1939,ne,गोर्खा मा सम्पूर्ण भवन ढल्यो,building_collapse_report,nepali_dataset.csv
1940,ne,नजिकैको सुरक्षित भेला हुने ठाउँ,safe_location_query,nepali_dataset.csv
1941,ne,अहिले भूकम्पगयो,earthquake_occurring_report,nepali_dataset.csv
1942,ne,सुप्रभात,greeting,nepali_dataset.csv
1943,ne,छत खसेर छोरा थुनिनुभयो???,trapped_debris_report,nepali_dataset.csv
1944,ne,म र दाजु थुनिएका छौं,trapped_debris_report,nepali_dataset.csv
1945,ne,घर धेरै हल्लियो,earthquake_occurring_report,nepali_dataset.csv
1946,ne,हजुरआमा भग्नावशेषमुनिथुनिनुभयो,trapped_debris_report,nepali_dataset.csv
1947,ne,मलाई बचाउनुहोस् हजुर,sos_help_request,nepali_dataset.csv
1948,ne,भवनबाट बाहिर निस्कने सबैभन्दा सुरक्षित तरिका,evacuation_guidance_query,nepali_dataset.csv
1949,ne,काठमाडौं मा बिजुलीको तारखसेको छ,power_outage_report,nepali_dataset.csv
1950,ne,मद्दत गरहै,sos_help_request,nepali_dataset.csv
1951,ne,जे पनि टाइप गर्दैछु!!,fallback_unclear,nepali_dataset.csv
1952,ne,भक्तपुर को लागि निकासा योजना है,evacuation_guidance_query,nepali_dataset.csv
1953,ne,गोर्खा मा सम्पूर्ण भवन ढल्यो???,building_collapse_report,nepali_dataset.csv
1954,ne,मसुरक्षाको लागि कहाँ जानुपर्छ,safe_location_query,nepali_dataset.csv
1955,ne,दिदी सुरक्षित हुनुहुन्छ भनेर स्थिति अपडेट गर्न चाहन्छु,family_reunification_status,nepali_dataset.csv
1956,ne,नजिकैकोराहत शिविर कहाँ छ,shelter_request,nepali_dataset.csv
1957,ne,म र आमा थुनिएका छौं,trapped_debris_report,nepali_dataset.csv
1958,ne,मलाई तुरुन्तै के गर्ने भनेर भन्नुहोस् हजुर,status_check_general,nepali_dataset.csv
1959,ne,खाना र पानी सकियो है,food_water_request,nepali_dataset.csv
1960,ne,हजुरबुबा लाई गम्भीर चोटलागेको छ,injury_report,nepali_dataset.csv
1961,ne,मर्केको खुट्टाको लागिके गर्ने,first_aid_query,nepali_dataset.csv
1962,ne,भूकम्पदेखि बुबा कोफोन लाग्दैन,family_member_missing,nepali_dataset.csv
1963,ne,मौसम कस्तो छ प्लिज,fallback_unclear,nepali_dataset.csv
1964,ne,पर्खालमा ठूला चिरा छन् बाहिरिनु पर्छ कि,building_damage_check,nepali_dataset.csv
1965,ne,उद्धार टोली चाहियो थुनिएको छु है,trapped_debris_report,nepali_dataset.csv
1966,ne,दिदी लाई गहिरो घाउ छ,injury_report,nepali_dataset.csv
1967,ne,उद्धारकालागि नजिकैको खुल्ला ठाउँ,safe_location_query,nepali_dataset.csv
1968,ne,के छ त,greeting,nepali_dataset.csv
1969,ne,हजुरआमा लाई गम्भीर चोट लागेको छ!!,injury_report,nepali_dataset.csv
1970,ne,गोर्खा मा तोकिएको सुरक्षित क्षेत्र कहाँ छ???,safe_location_query,nepali_dataset.csv
1971,ne,हजुरआमा सुरक्षित हुनुहुन्छ भनेर स्थिति अपडेट गर्नचाहन्छु,family_reunification_status,nepali_dataset.csv
1972,ne,मद्दत गर्नुहोस् है,sos_help_request,nepali_dataset.csv
1973,ne,राष्ट्रिय आपतकालीन कार्य केन्द्रको नम्बर है,emergency_contact_request,nepali_dataset.csv
1974,ne,जाजरकोट मा घरभत्कियो,building_collapse_report,nepali_dataset.csv
1975,ne,ल ठिक छधन्यवाद,goodbye_thanks,nepali_dataset.csv
1976,ne,५ मिनेट अगाडि भूकम्प आयो,earthquake_occurring_report,nepali_dataset.csv
1977,ne,के गर्ने भनेरमलाई मार्गदर्शन गर्नुहोस्,status_check_general,nepali_dataset.csv
1978,ne,छिटोमद्दत चाहियो,sos_help_request,nepali_dataset.csv
1979,ne,बुबा लडेरढाडमा चोटलाग्यो,injury_report,nepali_dataset.csv
1980,ne,धन्यवाद हजुर,goodbye_thanks,nepali_dataset.csv
1981,ne,ललितपुर मा एम्बुलेन्स चाहियो,medical_emergency_request,nepali_dataset.csv
1982,ne,संरचना भत्कियो मानिसहरू भित्रै हुन सक्छन्,building_collapse_report,nepali_dataset.csv
1983,ne,हजुरआमा सँग सम्पर्क टुटेको छ???,family_member_missing,nepali_dataset.csv
1984,ne,साथीनमस्ते,greeting,nepali_dataset.csv
1985,ne,कोही छ सहयोग गर्नुहोस्???,sos_help_request,nepali_dataset.csv
1986,ne,नमस्ते बुवा,greeting,nepali_dataset.csv
1987,ne,जाजरकोट मा भूकम्प गयो,earthquake_occurring_report,nepali_dataset.csv
1988,ne,रगत बग्नरोक्ने उपाय के हो,first_aid_query,nepali_dataset.csv
1989,ne,पोखरा मासम्पूर्ण भवन ढल्यो,building_collapse_report,nepali_dataset.csv
1990,ne,नमस्कार सर प्लिज,greeting,nepali_dataset.csv
1991,ne,यो भूकम्प हो कि,earthquake_occurring_report,nepali_dataset.csv
1992,ne,बुबा लडेरढाडमा चोट लाग्यो,injury_report,nepali_dataset.csv
1993,ne,म सुरक्षाको लागि कहाँ जानुपर्छ,safe_location_query,nepali_dataset.csv
1994,ne,दुईदिनदेखि बिजुली छैन,power_outage_report,nepali_dataset.csv
1995,ne,विपद रिपोर्टिङहटलाइन,emergency_contact_request,nepali_dataset.csv
1996,ne,फर्निचरलाई खस्नबाट कसरी सुरक्षित गर्ने!!,preparedness_tips_query,nepali_dataset.csv
1997,ne,बुबाको बेपत्ता व्यक्ति रिपोर्ट,family_member_missing,nepali_dataset.csv
1998,ne,भूकम्पको बेला खुट्टामा चोट लाग्यो,injury_report,nepali_dataset.csv
1999,ne,भक्तपुर को लागि निकासा योजना हजुर,evacuation_guidance_query,nepali_dataset.csv
2000,ne,दाजु लाई गम्भीर चोट लागेको छ,injury_report,nepali_dataset.csv
2001,ne,भूकम्पपछि के गर्ने है,status_check_general,nepali_dataset.csv
2002,ne,धेरै रगत बगिरहेको छ मेडिक चाहियो,medical_emergency_request,nepali_dataset.csv
2003,ne,ललितपुर नजिक ग्यास चुहावट भयो छिटो,gas_leak_report,nepali_dataset.csv
2004,ne,सी पीआर कसरी गर्ने,first_aid_query,nepali_dataset.csv
2005,ne,हजुरबुबाको बेपत्ता व्यक्ति रिपोर्ट,family_member_missing,nepali_dataset.csv
2006,ne,भूकम्पपछि आगलागी भयो है,fire_incident_report,nepali_dataset.csv
2007,ne,ललितपुर नजिक ग्यास चुहावट भयो,gas_leak_report,nepali_dataset.csv
2008,ne,पोखरा मा बिजुलीको तार खसेको छ,power_outage_report,nepali_dataset.csv
2009,ne,पोखरा मा घर भत्कियो!!,building_collapse_report,nepali_dataset.csv
2010,ne,जोडदार भूकम्प आयो???,earthquake_occurring_report,nepali_dataset.csv
2011,ne,म र दाजु थुनिएका छौं है,trapped_debris_report,nepali_dataset.csv
2012,ne,धेरै धन्यवाद!!,goodbye_thanks,nepali_dataset.csv
2013,ne,आमा लाई सुरक्षित फेला परेको छ हजुर,family_reunification_status,nepali_dataset.csv
2014,ne,काठमाडौं मा तोकिएको सुरक्षित क्षेत्र कहाँछ,safe_location_query,nepali_dataset.csv
2015,ne,भक्तपुर जान सकिँदैन सडक बन्द छ प्लिज,road_blockage_report,nepali_dataset.csv
2016,ne,पराकम्प कति शक्तिशाली हुन्छ छिटो,aftershock_information_query,nepali_dataset.csv
2017,ne,ललितपुर नजिक पहिरोले सडक बन्द भयो,road_blockage_report,nepali_dataset.csv
2018,ne,मद्दतचाहियो,sos_help_request,nepali_dataset.csv
2019,ne,के हामी अहिले नै निकासा गर्नुपर्छ छिटो,evacuation_guidance_query,nepali_dataset.csv
2020,ne,भक्तपुर नजिक पहिरोले सडक बन्द भयो प्लिज,road_blockage_report,nepali_dataset.csv
2021,ne,गर्भवती महिलालाई उपचार चाहियो,medical_emergency_request,nepali_dataset.csv
2022,ne,पाल शिविरको स्थान चाहियो हजुर,shelter_request,nepali_dataset.csv
2023,ne,मद्दतको लागिधन्यवाद,goodbye_thanks,nepali_dataset.csv
2024,ne,प्रहरीआपतकालीन नम्बर दिनुहोस्,emergency_contact_request,nepali_dataset.csv
2025,ne,बुबा लाई छातीमा दुखाइ भइरहेको छ,medical_emergency_request,nepali_dataset.csv
2026,ne,परिवारपुनर्मिलन प्रक्रिया के हो,family_reunification_status,nepali_dataset.csv
2027,ne,जाजरकोट मा आगोलागेको छ,fire_incident_report,nepali_dataset.csv
2028,ne,गोर्खा मा जोडदार धक्का महसुस भयो हजुर,earthquake_occurring_report,nepali_dataset.csv
2029,ne,पोखरा नजिकैको घरमा आगो लागेको छ???,fire_incident_report,nepali_dataset.csv
2030,ne,पोखरा मा भूकम्पगयो,earthquake_occurring_report,nepali_dataset.csv
2031,ne,काठमाडौंमा भूकम्प गयो,earthquake_occurring_report,nepali_dataset.csv
2032,ne,काठमाडौं नजिकैको घरमा आगो लागेको छ???,fire_incident_report,nepali_dataset.csv
2033,ne,पोखरामा एम्बुलेन्स चाहियो,medical_emergency_request,nepali_dataset.csv
2034,ne,भक्तपुर मा बिजुलीको तार खसेको छ प्लिज,power_outage_report,nepali_dataset.csv
2035,ne,मेरो घरमा चिरा परेको छसुरक्षित छ कि छैन,building_damage_check,nepali_dataset.csv
2036,ne,काठमाडौं मा सम्पूर्ण भवन ढल्यो,building_collapse_report,nepali_dataset.csv
2037,ne,हामीले अस्थायी आश्रय कहाँ पाउन सक्छौं,shelter_request,nepali_dataset.csv
2038,ne,एस ओएस,sos_help_request,nepali_dataset.csv
2039,ne,भूकम्पपछि आगलागी भयो,fire_incident_report,nepali_dataset.csv
2040,ne,पोखरा नजिकको पुल भत्कियो छिटो,road_blockage_report,nepali_dataset.csv
2041,ne,हजुरबुबा बेहोस हुनुभयो,medical_emergency_request,nepali_dataset.csv
2042,ne,सुरक्षित रूपमा कसरी निकासा गर्ने???,evacuation_guidance_query,nepali_dataset.csv
2043,ne,भक्तपुर मा बिजुलीको तार खसेको छ,power_outage_report,nepali_dataset.csv
2044,ne,शुभप्रभात,greeting,nepali_dataset.csv
2045,ne,कोही छ सहयोग गर्नुहोस् है,sos_help_request,nepali_dataset.csv
2046,ne,ललितपुर मा सम्पूर्ण भवन ढल्यो प्लिज,building_collapse_report,nepali_dataset.csv
2047,ne,नजिकैको खाद्य वितरण स्थल प्लिज,food_water_request,nepali_dataset.csv
2048,ne,अहिले हजुरआमा सँग भेट भयो,family_reunification_status,nepali_dataset.csv
2049,ne,५ मिनेट अगाडि भूकम्प आयो!!,earthquake_occurring_report,nepali_dataset.csv
2050,ne,अहिले मैलेके गर्नुपर्छ,status_check_general,nepali_dataset.csv
2051,ne,हजुरलाई नमस्कार,greeting,nepali_dataset.csv
2052,ne,फर्निचरलाई खस्नबाट कसरी सुरक्षित गर्ने छिटो,preparedness_tips_query,nepali_dataset.csv
2053,ne,जाजरकोट नजिक पहिरोले सडक बन्द भयो,road_blockage_report,nepali_dataset.csv
2054,ne,ललितपुर को लागि पराकम्प चेतावनी प्लिज,aftershock_information_query,nepali_dataset.csv
2055,ne,भूकम्पको लागि गो-ब्याग कसरीतयार पार्ने,preparedness_tips_query,nepali_dataset.csv
2056,ne,बुबा भग्नावशेषमुनि थुनिनुभयो,trapped_debris_report,nepali_dataset.csv
2057,ne,जाजरकोट जान सकिँदैन सडक बन्द छ,road_blockage_report,nepali_dataset.csv
2058,ne,छोरी सँग सम्पर्क टुटेको छ???,family_member_missing,nepali_dataset.csv
2059,ne,भक्तपुरमा आगो छिट्टै फैलिँदैछ,fire_incident_report,nepali_dataset.csv
2060,ne,पोखरा मा तोकिएको सुरक्षित क्षेत्र कहाँ छ है,safe_location_query,nepali_dataset.csv
2061,ne,दिदी लाई सुरक्षित फेला परेको छ,family_reunification_status,nepali_dataset.csv
2062,ne,मलबाका कारण राजमार्ग बन्द भयो है,road_blockage_report,nepali_dataset.csv
2063,ne,यो घरमा बस्न सुरक्षित छ कि छैन है,building_damage_check,nepali_dataset.csv
2064,ne,भग्नावशेष खसेर टाउकोमा चोट लाग्यो!!,injury_report,nepali_dataset.csv
2065,ne,बुबा को बेपत्ताव्यक्ति रिपोर्ट,family_member_missing,nepali_dataset.csv
2066,ne,पोखरा को लागि पराकम्प चेतावनी,aftershock_information_query,nepali_dataset.csv
2067,ne,गोर्खा नजिकको पुलभत्कियो,road_blockage_report,nepali_dataset.csv
2068,ne,भूकम्प आयो है,earthquake_occurring_report,nepali_dataset.csv
2069,ne,सी पी आर कसरी गर्ने छिटो,first_aid_query,nepali_dataset.csv
2070,ne,घरभरिग्यासको गन्ध छ,gas_leak_report,nepali_dataset.csv
2071,ne,निकासाका निर्देशनहरू दिनुहोस्!!,evacuation_guidance_query,nepali_dataset.csv
2072,ne,गोर्खा मा बिजुली गएकोछ,power_outage_report,nepali_dataset.csv
2073,ne,भूकम्पदेखि छोरी बेपत्ता हुनुभएको छ है,family_member_missing,nepali_dataset.csv
2074,ne,गोर्खा मा घर भत्कियो,building_collapse_report,nepali_dataset.csv
2075,ne,पोखरा को लागिनिकासा योजना,evacuation_guidance_query,nepali_dataset.csv
2076,ne,भूकम्पपछि केगर्ने,status_check_general,nepali_dataset.csv
2077,ne,स्कूल भवन आंशिक रूपमा भत्कियो,building_collapse_report,nepali_dataset.csv
2078,ne,छिटो मद्दत चाहियो है,sos_help_request,nepali_dataset.csv
2079,ne,भर्खरै भूकम्प आयो,earthquake_occurring_report,nepali_dataset.csv
2080,ne,दिदी लाई सुरक्षित फेला परेकोछ,family_reunification_status,nepali_dataset.csv
2081,ne,अहिले भूकम्प गयो???,earthquake_occurring_report,nepali_dataset.csv
2082,ne,सफा खानेपानी तुरुन्तै चाहियो,food_water_request,nepali_dataset.csv
2083,ne,आमा सँग सम्पर्क टुटेको छ!!,family_member_missing,nepali_dataset.csv
2084,ne,तिमी को हौ हजुर,fallback_unclear,nepali_dataset.csv
2085,ne,पोखरा नजिकको पुल भत्कियो,road_blockage_report,nepali_dataset.csv
2086,ne,भूकम्पपछि सडकक्षतिग्रस्त भयो,road_blockage_report,nepali_dataset.csv
2087,ne,आपतकालीन किटमा के के हुनुपर्छ छिटो,preparedness_tips_query,nepali_dataset.csv
2088,ne,दाजु को लागि खाद्यान्न चाहियो हजुर,food_water_request,nepali_dataset.csv
2089,ne,काठमाडौं जान सकिँदैन सडकबन्द छ,road_blockage_report,nepali_dataset.csv
2090,ne,मलाई बचाउनुहोस्,sos_help_request,nepali_dataset.csv
2091,ne,आमा सुरक्षित हुनुहुन्छ भनेर स्थिति अपडेटगर्न चाहन्छु,family_reunification_status,nepali_dataset.csv
2092,ne,सडक चिरा परेर जान सकिँदैन,road_blockage_report,nepali_dataset.csv
2093,ne,हजुरबुबा लाई गम्भीर चोट लागेको छ,injury_report,nepali_dataset.csv
2094,ne,भक्तपुर नजिकैको घरमा आगो लागेको छ है,fire_incident_report,nepali_dataset.csv
2095,ne,मद्दतकोलागि धन्यवाद,goodbye_thanks,nepali_dataset.csv
2096,ne,कति पराकम्प आउने अपेक्षा छ,aftershock_information_query,nepali_dataset.csv
2097,ne,घरबाट धुवाँ आइरहेको छ,fire_incident_report,nepali_dataset.csv
2098,ne,सहयोग गर्नु होला,sos_help_request,nepali_dataset.csv
2099,ne,भवनबाट बाहिर निस्कने सबैभन्दा सुरक्षित तरिका छिटो,evacuation_guidance_query,nepali_dataset.csv
2100,ne,ललितपुर मा आगो छिट्टै फैलिँदैछ,fire_incident_report,nepali_dataset.csv
2101,ne,हजुरबुबा को बेपत्ता व्यक्ति रिपोर्ट,family_member_missing,nepali_dataset.csv
2102,ne,विस्थापितहरूलाई बस्ने ठाउँ चाहिन्छ प्लिज,shelter_request,nepali_dataset.csv
2103,ne,आदाब,greeting,nepali_dataset.csv
2104,ne,पर्खालले थिचेको छ हल्लन सक्दिन है,trapped_debris_report,nepali_dataset.csv
2105,ne,घरमा भूकम्प तयारीको उत्तम अभ्यासके हो,preparedness_tips_query,nepali_dataset.csv
2106,ne,मद्दत पठाउनुहोस्!!,sos_help_request,nepali_dataset.csv
2107,ne,भूकम्प तयारीका सुझावहरू दिनुहोस्,preparedness_tips_query,nepali_dataset.csv
2108,ne,ललितपुर मा बिजुलीको तार खसेको छ है,power_outage_report,nepali_dataset.csv
2109,ne,म सुरक्षाको लागि कहाँ जानुपर्छ???,safe_location_query,nepali_dataset.csv
2110,ne,काठमाडौं नजिकको पुल भत्कियो???,road_blockage_report,nepali_dataset.csv
2111,ne,बालहेल्पलाइन नम्बर,emergency_contact_request,nepali_dataset.csv
2112,ne,गोर्खा मा बिजुलीको तार खसेको छ!!,power_outage_report,nepali_dataset.csv
2113,ne,मेडिकल इमर्जेन्सी छ मद्दतगर्नुहोस्,medical_emergency_request,nepali_dataset.csv
2114,ne,ललितपुर मा आमा लाई खोजिरहेको छु,family_member_missing,nepali_dataset.csv
2115,ne,भवनबाट निकासा गर्ने चरणहरू प्लिज,evacuation_guidance_query,nepali_dataset.csv
2116,ne,क क क है,fallback_unclear,nepali_dataset.csv
2117,ne,भत्किएको घरभित्र फसेको छु छिटो,trapped_debris_report,nepali_dataset.csv
2118,ne,मद्दत चाहियो हजुर,sos_help_request,nepali_dataset.csv
2119,ne,म र हजुरआमा थुनिएकाछौं,trapped_debris_report,nepali_dataset.csv
2120,ne,भूकम्पपछि सडक क्षतिग्रस्त भयो,road_blockage_report,nepali_dataset.csv
2121,ne,प्रहरी आपतकालीन नम्बर दिनुहोस् छिटो,emergency_contact_request,nepali_dataset.csv
2122,ne,दिदी भग्नावशेषमुनिथुनिनुभयो,trapped_debris_report,nepali_dataset.csv
2123,ne,भूकम्प गयो,earthquake_occurring_report,nepali_dataset.csv
2124,ne,बचाउनुहोस्!!,sos_help_request,nepali_dataset.csv
2125,ne,बालबालिकालाई भूकम्प अभ्यासको लागि कसरीतयार पार्ने,preparedness_tips_query,nepali_dataset.csv
2126,ne,गोर्खा मा घर भत्कियो!!,building_collapse_report,nepali_dataset.csv
2127,ne,बुबा लाई एम्बुलेन्स चाहियो छिटो,medical_emergency_request,nepali_dataset.csv
2128,ne,फेरि भेटौंला,goodbye_thanks,nepali_dataset.csv
2129,ne,भूकम्पदेखि छोरी बेपत्ता हुनुभएको छ,family_member_missing,nepali_dataset.csv
2130,ne,दिदी लाई एम्बुलेन्स चाहियोछिटो,medical_emergency_request,nepali_dataset.csv
2131,ne,दमकलकोसम्पर्क नम्बर,emergency_contact_request,nepali_dataset.csv
2132,ne,बचाउनुहोस्???,sos_help_request,nepali_dataset.csv
2133,ne,काठमाडौं मा घर भत्कियो,building_collapse_report,nepali_dataset.csv
2134,ne,नमस्ते दाइ!!,greeting,nepali_dataset.csv
2135,ne,खानेपानी चाहियो,food_water_request,nepali_dataset.csv
2136,ne,भूकम्पपछि दाजु लाई भेट्टाउन सकिएको छैन प्लिज,family_member_missing,nepali_dataset.csv
2137,ne,मलाई तुरुन्तै के गर्ने भनेर भन्नुहोस् छिटो,status_check_general,nepali_dataset.csv
2138,ne,टाउकोबाटरगत बगिरहेको छ,injury_report,nepali_dataset.csv
2139,ne,खुट्टामा घाउ भएर रगत बगिरहेको छ,injury_report,nepali_dataset.csv
2140,ne,ओके धन्यवाद हजुर,goodbye_thanks,nepali_dataset.csv
2141,ne,धेरैरगत बगिरहेको छ मेडिक चाहियो,medical_emergency_request,nepali_dataset.csv
2142,ne,हजुरआमाको बेपत्ता व्यक्ति रिपोर्ट,family_member_missing,nepali_dataset.csv
2143,ne,पराकम्पकति शक्तिशाली हुन्छ,aftershock_information_query,nepali_dataset.csv
2144,ne,रगत बग्न रोक्ने उपाय के हो,first_aid_query,nepali_dataset.csv
2145,ne,हजुरआमा सँग सम्पर्क टुटेको छ,family_member_missing,nepali_dataset.csv
2146,ne,सडक चिरापरेर जान सकिँदैन,road_blockage_report,nepali_dataset.csv
2147,ne,केहो यो,fallback_unclear,nepali_dataset.csv
2148,ne,नजिकैको अपार्टमेन्टभत्कियो,building_collapse_report,nepali_dataset.csv
2149,ne,ल ठिक छ बाई,goodbye_thanks,nepali_dataset.csv
2150,ne,काठमाडौं नजिक पहिरोले सडकबन्द भयो,road_blockage_report,nepali_dataset.csv
2151,ne,ठिकै छ छोड्नुहोस् प्लिज,goodbye_thanks,nepali_dataset.csv
2152,ne,उद्धारका लागि कहाँ फोन गर्ने छिटो,emergency_contact_request,nepali_dataset.csv
2153,ne,भक्तपुर मा जोडदार धक्का महसुस भयो छिटो,earthquake_occurring_report,nepali_dataset.csv
2154,ne,मडराएको छु मद्दत गर्नुहोस्,sos_help_request,nepali_dataset.csv
2155,ne,बेहोस भएको मान्छेलाई कसरी मद्दत गर्ने,first_aid_query,nepali_dataset.csv
2156,ne,म र हजुरबुबाथुनिएका छौं,trapped_debris_report,nepali_dataset.csv
2157,ne,नजिकैको सुरक्षितभेला हुने ठाउँ,safe_location_query,nepali_dataset.csv
2158,ne,घाउ भएको ठाउँमा कसरी उपचार गर्ने,first_aid_query,nepali_dataset.csv
2159,ne,ललितपुर मा तोकिएकोसुरक्षित क्षेत्र कहाँ छ,safe_location_query,nepali_dataset.csv
2160,ne,काठमाडौं मा तोकिएको सुरक्षित क्षेत्र कहाँ छ!!,safe_location_query,nepali_dataset.csv
2161,ne,छिमेकभरि बिजुली गएको छ!!,power_outage_report,nepali_dataset.csv
2162,ne,मलाई मद्दतचाहियो,sos_help_request,nepali_dataset.csv
2163,ne,जाजरकोट नजिकको पुलभत्कियो,road_blockage_report,nepali_dataset.csv
2164,ne,परिवारको लागि खाद्य सामग्री चाहियो,food_water_request,nepali_dataset.csv
2165,ne,अहिले मैले के गर्ने,status_check_general,nepali_dataset.csv
2166,ne,जाजरकोट मा तोकिएको सुरक्षित क्षेत्र कहाँ छ हजुर,safe_location_query,nepali_dataset.csv
2167,ne,भूकम्पमा छत खस्यो,building_collapse_report,nepali_dataset.csv
2168,ne,पर्खालमा चिरा देखिएको छ,building_damage_check,nepali_dataset.csv
2169,ne,दाजु लाई गहिरो घाउ छ,injury_report,nepali_dataset.csv
2170,ne,दिदी लाई सुरक्षित फेला परेको छ हजुर,family_reunification_status,nepali_dataset.csv
2171,ne,ग्यासचुहावट भयो सल्लाह दिनुहोस्,gas_leak_report,nepali_dataset.csv
2172,ne,म र छोरी थुनिएका छौं!!,trapped_debris_report,nepali_dataset.csv
2173,ne,काठमाडौंमा आगो छिट्टै फैलिँदैछ,fire_incident_report,nepali_dataset.csv
2174,ne,ठिकैछ छोड्नुहोस्,goodbye_thanks,nepali_dataset.csv
2175,ne,पोलेको ठाउँको लागि प्राथमिक उपचार???,first_aid_query,nepali_dataset.csv
2176,ne,भान्सामा ग्यास धेरै चुहिँदैछ,gas_leak_report,nepali_dataset.csv
2177,ne,अहिले हजुरआमासँग भेट भयो,family_reunification_status,nepali_dataset.csv
2178,ne,अहिले दाजु सँग भेट भयो,family_reunification_status,nepali_dataset.csv
2179,ne,दाजु अझै घरआउनुभएको छैन,family_member_missing,nepali_dataset.csv
2180,ne,बुबा लाई एम्बुलेन्सचाहियो छिटो,medical_emergency_request,nepali_dataset.csv
2181,ne,भूकम्प अघि के के तयार राख्ने हजुर,preparedness_tips_query,nepali_dataset.csv
2182,ne,नमस्ते बहिनी,greeting,nepali_dataset.csv
2183,ne,पर्खालले थिचेको छ हल्लन सक्दिन,trapped_debris_report,nepali_dataset.csv
2184,ne,भूकम्प अघि के के तयार राख्ने,preparedness_tips_query,nepali_dataset.csv
2185,ne,ग्यास चुहावट भयो सल्लाह दिनुहोस् छिटो,gas_leak_report,nepali_dataset.csv
2186,ne,म र दिदी थुनिएका छौं???,trapped_debris_report,nepali_dataset.csv
2187,ne,अहिले दिदी सँग भेट भयो प्लिज,family_reunification_status,nepali_dataset.csv
2188,ne,पोखरा मा भूकम्प गयो,earthquake_occurring_report,nepali_dataset.csv
2189,ne,गोर्खा मा बिजुली गएको छ,power_outage_report,nepali_dataset.csv
2190,ne,काठमाडौं मा भूकम्पगयो,earthquake_occurring_report,nepali_dataset.csv
2191,ne,के हामीअहिले नै निकासा गर्नुपर्छ,evacuation_guidance_query,nepali_dataset.csv
2192,ne,एकदम धन्यवाद हजुर,goodbye_thanks,nepali_dataset.csv
2193,ne,सी पी आर कसरी गर्ने,first_aid_query,nepali_dataset.csv
2194,ne,नजिकैको सुरक्षित ठाउँ कहाँ छ,safe_location_query,nepali_dataset.csv
2195,ne,आमा लाई गहिरो घाउ छ,injury_report,nepali_dataset.csv
2196,ne,छत खसेर हजुरबुबा थुनिनुभयो,trapped_debris_report,nepali_dataset.csv
2197,ne,म र दाजु थुनिएकाछौं,trapped_debris_report,nepali_dataset.csv
2198,ne,छतखसेर बुबा थुनिनुभयो,trapped_debris_report,nepali_dataset.csv
2199,ne,कुन खुल्ला ठाउँ भेला हुन सुरक्षित छ है,safe_location_query,nepali_dataset.csv
2200,ne,दाजु लडेरढाडमा चोट लाग्यो,injury_report,nepali_dataset.csv
2201,ne,तिमी को हौ!!,fallback_unclear,nepali_dataset.csv
2202,ne,भूकम्पपछि आमालाई भेट्टाउन सकिएको छैन,family_member_missing,nepali_dataset.csv
2203,ne,पोखरामा आगो छिट्टै फैलिँदैछ,fire_incident_report,nepali_dataset.csv
2204,ne,नमस्कारसर,greeting,nepali_dataset.csv
2205,ne,बिहानदेखिदिदी बाट कुनै खबर छैन,family_member_missing,nepali_dataset.csv
2206,ne,सफाखानेपानी तुरुन्तै चाहियो,food_water_request,nepali_dataset.csv
2207,ne,भवन अलिकति ढल्किएको छ खतरा छ कि हजुर,building_damage_check,nepali_dataset.csv
2208,ne,ललितपुर मा आगो लागेको छ,fire_incident_report,nepali_dataset.csv
2209,ne,हिजोदेखि खाना छैन,food_water_request,nepali_dataset.csv
2210,ne,धेरैधन्यवाद,goodbye_thanks,nepali_dataset.csv
2211,ne,केपराकम्प आउने छ,aftershock_information_query,nepali_dataset.csv
2212,ne,नमस्ते बहिनी!!,greeting,nepali_dataset.csv
2213,ne,भक्तपुर नजिक ग्यास चुहावट भयो???,gas_leak_report,nepali_dataset.csv
2214,ne,पोलेको ठाउँको लागि प्राथमिक उपचार है,first_aid_query,nepali_dataset.csv
2215,ne,ललितपुर नजिक पहिरोले सडक बन्द भयो हजुर,road_blockage_report,nepali_dataset.csv
2216,ne,अहिले मैलेके गर्ने,status_check_general,nepali_dataset.csv
2217,ne,गोर्खा मा तोकिएको सुरक्षित क्षेत्र कहाँ छ,safe_location_query,nepali_dataset.csv
2218,ne,छिटो निकाल्नुहोस् थुनिएको छु,trapped_debris_report,nepali_dataset.csv
2219,ne,दाजु भग्नावशेषमुनि थुनिनुभयो???,trapped_debris_report,nepali_dataset.csv
2220,ne,ललितपुर को लागि निकासा योजना हजुर,evacuation_guidance_query,nepali_dataset.csv
2221,ne,ठिक छ धन्यवाद है,goodbye_thanks,nepali_dataset.csv
2222,ne,हिजोदेखि खाना छैन है,food_water_request,nepali_dataset.csv
2223,ne,प्राथमिक उपचार किटमा के चाहिन्छ,first_aid_query,nepali_dataset.csv
2224,ne,अहिले कुन चरण पालना गर्ने???,status_check_general,nepali_dataset.csv
2225,ne,बिजुली कहिले आउँछ,power_outage_report,nepali_dataset.csv
2226,ne,आमा सुरक्षित हुनुहुन्छ भनेर स्थिति अपडेट गर्न चाहन्छु,family_reunification_status,nepali_dataset.csv
2227,ne,बहिनी नमस्ते,greeting,nepali_dataset.csv
2228,ne,फर्निचरलाई खस्नबाट कसरी सुरक्षित गर्ने,preparedness_tips_query,nepali_dataset.csv
2229,ne,के गर्ने भनेर मलाई मार्गदर्शन गर्नुहोस्,status_check_general,nepali_dataset.csv
2230,ne,थाहा छैन हजुर,fallback_unclear,nepali_dataset.csv
2231,ne,बहिनी नमस्ते छिटो,greeting,nepali_dataset.csv
2232,ne,दाजु र बालबालिकाका लागि आश्रय चाहियो!!,shelter_request,nepali_dataset.csv
2233,ne,घर बलिरहेको छ दमकल चाहियो प्लिज,fire_incident_report,nepali_dataset.csv
2234,ne,जाजरकोट नजिकैको घरमा आगो लागेको छ,fire_incident_report,nepali_dataset.csv
2235,ne,जोक भन,fallback_unclear,nepali_dataset.csv
2236,ne,भक्तपुर नजिक पहिरोले सडक बन्द भयो,road_blockage_report,nepali_dataset.csv
2237,ne,हजुरआमा लडेरढाडमा चोटलाग्यो,injury_report,nepali_dataset.csv
2238,ne,भूकम्पदेखि हजुरबुबा बेपत्ता हुनुभएको छ हजुर,family_member_missing,nepali_dataset.csv
2239,ne,हजुरआमा बेहोस हुनुभयो,medical_emergency_request,nepali_dataset.csv
2240,ne,आमा बेहोसहुनुभयो,medical_emergency_request,nepali_dataset.csv
2241,ne,पानीको आपूर्ति बन्द भयो पानी चाहियो!!,food_water_request,nepali_dataset.csv
2242,ne,के हो यो,fallback_unclear,nepali_dataset.csv
2243,ne,हाम्रो घर पूर्ण रूपमाभत्कियो,building_collapse_report,nepali_dataset.csv
2244,ne,आपतकालीन सामान कति पटक जाँच्ने???,preparedness_tips_query,nepali_dataset.csv
2245,ne,भूकम्पदेखि छोरी को फोन लाग्दैन!!,family_member_missing,nepali_dataset.csv
2246,ne,घरमा ग्यास चुहावट भयो,gas_leak_report,nepali_dataset.csv
2247,ne,जाजरकोटनजिक पहिरोले सडक बन्द भयो,road_blockage_report,nepali_dataset.csv
2248,ne,थाहा छैन,fallback_unclear,nepali_dataset.csv
2249,ne,यो भूकम्पहो कि,earthquake_occurring_report,nepali_dataset.csv
2250,ne,धन्यबाद है छिटो,goodbye_thanks,nepali_dataset.csv
2251,ne,अहँ,fallback_unclear,nepali_dataset.csv
2252,ne,अर्को चरणहरू भन्नुहोस् छिटो,status_check_general,nepali_dataset.csv
2253,ne,मलाई थाहा छैन के गर्ने है,status_check_general,nepali_dataset.csv
2254,ne,घर पूर्ण रूपमा भत्कियो,building_collapse_report,nepali_dataset.csv
2255,ne,भान्सामा सानो आगो लागेकोछ,fire_incident_report,nepali_dataset.csv
2256,ne,भूकम्पपछि दाजु लाई भेट्टाउनसकिएको छैन,family_member_missing,nepali_dataset.csv
2257,ne,धन्यवाद है,goodbye_thanks,nepali_dataset.csv
2258,ne,मेरो भवन सुरक्षित छ कि भनेर कसरी थाहा पाउने प्लिज,building_damage_check,nepali_dataset.csv
2259,ne,कसैले सहयोग गर्नुहोस्,sos_help_request,nepali_dataset.csv
2260,ne,ललितपुर मा एम्बुलेन्स चाहियो???,medical_emergency_request,nepali_dataset.csv
2261,ne,बाल हेल्पलाइननम्बर,emergency_contact_request,nepali_dataset.csv
2262,ne,राहत शिविरमा हजुरआमा भेटियो,family_reunification_status,nepali_dataset.csv
2263,ne,दाजु भग्नावशेषमुनि थुनिनुभयो,trapped_debris_report,nepali_dataset.csv
2264,ne,राहत शिविरमा हजुरआमाभेटियो,family_reunification_status,nepali_dataset.csv
2265,ne,आमा र बालबालिकाका लागि आश्रय चाहियो,shelter_request,nepali_dataset.csv
2266,ne,दाजु लडेरढाडमा चोट लाग्यो हजुर,injury_report,nepali_dataset.csv
2267,ne,निकासाका निर्देशनहरूदिनुहोस्,evacuation_guidance_query,nepali_dataset.csv
2268,ne,नजिकैको खाद्य वितरण स्थल,food_water_request,nepali_dataset.csv
2269,ne,म र आमाथुनिएका छौं,trapped_debris_report,nepali_dataset.csv
2270,ne,काठमाडौं नजिककोपुल भत्कियो,road_blockage_report,nepali_dataset.csv
2271,ne,तिमी कति उमेरको हौ है,fallback_unclear,nepali_dataset.csv
2272,ne,मलाईचोट लागेको छ,injury_report,nepali_dataset.csv
2273,ne,प्राथमिक उपचारकिटमा के चाहिन्छ,first_aid_query,nepali_dataset.csv
2274,ne,हाइ,greeting,nepali_dataset.csv
2275,ne,आज राति थप धक्का आउन सक्छ कि,aftershock_information_query,nepali_dataset.csv
2276,ne,डाक्टर तुरुन्तै चाहियो प्लिज,medical_emergency_request,nepali_dataset.csv
2277,ne,ललितपुर मा आमा लाई खोजिरहेको छु!!,family_member_missing,nepali_dataset.csv
2278,ne,पानीको आपूर्ति बन्द भयो पानी चाहियो,food_water_request,nepali_dataset.csv
2279,ne,दिदी को लागि खाद्यान्न चाहियो!!,food_water_request,nepali_dataset.csv
2280,ne,के म अहिलेघरभित्र फर्कन सक्छु,building_damage_check,nepali_dataset.csv
2281,ne,मद्दत गर है,sos_help_request,nepali_dataset.csv
2282,ne,निकासाका निर्देशनहरू दिनुहोस्,evacuation_guidance_query,nepali_dataset.csv
2283,ne,हजुरबुबा बेहोसहुनुभयो,medical_emergency_request,nepali_dataset.csv
2284,ne,नेपाल रेडक्रसको हेल्पलाइन नम्बर,emergency_contact_request,nepali_dataset.csv
2285,ne,भूकम्पपछि आमा लाईभेट्टाउन सकिएको छैन,family_member_missing,nepali_dataset.csv
2286,ne,भक्तपुर जान सकिँदैन सडक बन्द छ!!,road_blockage_report,nepali_dataset.csv
2287,ne,यहाँ सफा पानी उपलब्ध छैन,food_water_request,nepali_dataset.csv
2288,ne,आमा लाई गहिरो घाउ छ प्लिज,injury_report,nepali_dataset.csv
2289,ne,आमाबेहोस हुनुभयो,medical_emergency_request,nepali_dataset.csv
2290,ne,भूकम्प भर्खरै आएको हो,earthquake_occurring_report,nepali_dataset.csv
2291,ne,शुभ प्रभात???,greeting,nepali_dataset.csv
2292,ne,जाजरकोट नजिकको पुल भत्कियो,road_blockage_report,nepali_dataset.csv
2293,ne,काठमाडौं नजिक ग्यास चुहावटभयो,gas_leak_report,nepali_dataset.csv
2294,ne,भूकम्प ५मिनेट अगाडि आएको हो,earthquake_occurring_report,nepali_dataset.csv
2295,ne,के हामी तुरुन्तैनिकासा गर्नुपर्छ,evacuation_guidance_query,nepali_dataset.csv
2296,ne,छोरी अझै घर आउनुभएको छैन,family_member_missing,nepali_dataset.csv
2297,ne,गर्भवतीमहिलालाई उपचार चाहियो,medical_emergency_request,nepali_dataset.csv
2298,ne,छोरा भग्नावशेषमुनि थुनिनुभयो,trapped_debris_report,nepali_dataset.csv
2299,ne,के हामी अहिले नै निकासा गर्नुपर्छ,evacuation_guidance_query,nepali_dataset.csv
2300,ne,बाईहै,goodbye_thanks,nepali_dataset.csv
2301,ne,प्रहरी आपतकालीन नम्बर दिनुहोस्,emergency_contact_request,nepali_dataset.csv
2302,ne,मर्केको खुट्टाको लागि के गर्ने,first_aid_query,nepali_dataset.csv
2303,ne,ललितपुर नजिकको पुल भत्कियो,road_blockage_report,nepali_dataset.csv
2304,ne,मुख्य सडक बन्द छ,road_blockage_report,nepali_dataset.csv
2305,ne,हजुरआमाभग्नावशेषमुनि थुनिनुभयो,trapped_debris_report,nepali_dataset.csv
2306,ne,एम्बुलेन्सको नम्बर के हो,emergency_contact_request,nepali_dataset.csv
2307,ne,भक्तपुर मा बिजुली गएको छ,power_outage_report,nepali_dataset.csv
2308,ne,भूकम्पदेखि हजुरबुबा को फोन लाग्दैन प्लिज,family_member_missing,nepali_dataset.csv
2309,ne,म र छोरीथुनिएका छौं,trapped_debris_report,nepali_dataset.csv
2310,ne,गोर्खा मा आगो छिट्टैफैलिँदैछ,fire_incident_report,nepali_dataset.csv
2311,ne,गोर्खा जान सकिँदैन सडकबन्द छ,road_blockage_report,nepali_dataset.csv
2312,ne,छत खसेर बुबा थुनिनुभयो,trapped_debris_report,nepali_dataset.csv
2313,ne,सडकचिरा परेर जान सकिँदैन,road_blockage_report,nepali_dataset.csv
2314,ne,ललितपुर नजिकग्यास चुहावट भयो,gas_leak_report,nepali_dataset.csv
2315,ne,आमासुरक्षित हुनुहुन्छ भनेर स्थिति अपडेट गर्न चाहन्छु,family_reunification_status,nepali_dataset.csv
2316,ne,ल ठिक छ बाई छिटो,goodbye_thanks,nepali_dataset.csv
2317,ne,भूकम्पको धक्का महसुस भयो!!,earthquake_occurring_report,nepali_dataset.csv
2318,ne,गोर्खा मा बिजुलीको तार खसेको छ,power_outage_report,nepali_dataset.csv
2319,ne,पोखरा मा एम्बुलेन्स चाहियो हजुर,medical_emergency_request,nepali_dataset.csv
2320,ne,गोर्खा नजिकको पुल भत्कियो है,road_blockage_report,nepali_dataset.csv
2321,ne,हजुरआमा लाई छातीमा दुखाइ भइरहेको छ है,medical_emergency_request,nepali_dataset.csv
2322,ne,ललितपुर जान सकिँदैनसडक बन्द छ,road_blockage_report,nepali_dataset.csv
2323,ne,भूकम्पदेखि छोरी को फोन लाग्दैन प्लिज,family_member_missing,nepali_dataset.csv
2324,ne,विपद रिपोर्टिङ हटलाइन है,emergency_contact_request,nepali_dataset.csv
2325,ne,पहिरोले एकमात्रसडक बन्द भयो,road_blockage_report,nepali_dataset.csv
2326,ne,हजुरबुबा लडेरढाडमाचोट लाग्यो,injury_report,nepali_dataset.csv
2327,ne,भग्नावशेष खसेर टाउकोमा चोटलाग्यो,injury_report,nepali_dataset.csv
2328,ne,भक्तपुर मा तोकिएको सुरक्षित क्षेत्र कहाँ छ प्लिज,safe_location_query,nepali_dataset.csv
2329,ne,अहिलेको अवस्था केहो,status_check_general,nepali_dataset.csv
2330,ne,कति पराकम्प आउने अपेक्षाछ,aftershock_information_query,nepali_dataset.csv
2331,ne,धन्यवादहजुर,goodbye_thanks,nepali_dataset.csv
2332,ne,सहयोग,sos_help_request,nepali_dataset.csv
2333,ne,बुबा लाई गम्भीर चोट लागेको छ,injury_report,nepali_dataset.csv
2334,ne,परिवारको भेला हुने ठाउँ कसरी योजना बनाउने,preparedness_tips_query,nepali_dataset.csv
2335,ne,हजुरबुबाभग्नावशेषमुनि थुनिनुभयो,trapped_debris_report,nepali_dataset.csv
2336,ne,कोही छ सहयोग गर्नुहोस्,sos_help_request,nepali_dataset.csv
2337,ne,भूकम्पदेखि छोरी बेपत्ता हुनुभएको छ प्लिज,family_member_missing,nepali_dataset.csv
2338,ne,मेरो परिवारको लागि आश्रय चाहियो???,shelter_request,nepali_dataset.csv
2339,ne,भक्तपुर नजिकैकोघरमा आगो लागेको छ,fire_incident_report,nepali_dataset.csv
2340,ne,परिवार पुनर्मिलन प्रक्रियाके हो,family_reunification_status,nepali_dataset.csv
2341,ne,भूकम्पपछि हजुरबुबा लाई भेट्टाउन सकिएको छैन,family_member_missing,nepali_dataset.csv
2342,ne,ललितपुर मा बिजुलीको तार खसेकोछ,power_outage_report,nepali_dataset.csv
2343,ne,नजिकैको सुरक्षित भेला हुने ठाउँ!!,safe_location_query,nepali_dataset.csv
2344,ne,म र हजुरबुबा थुनिएका छौं???,trapped_debris_report,nepali_dataset.csv
2345,ne,मलाई मद्दत चाहियो,sos_help_request,nepali_dataset.csv
2346,ne,पराकम्पकोजानकारी दिनुहोस्,aftershock_information_query,nepali_dataset.csv
2347,ne,के छहाल,greeting,nepali_dataset.csv
2348,ne,भाँचिएको हातको लागि प्राथमिक उपचार,first_aid_query,nepali_dataset.csv
2349,ne,आमा को लागिखाद्यान्न चाहियो,food_water_request,nepali_dataset.csv
2350,ne,आमा को लागि खाद्यान्न चाहियो,food_water_request,nepali_dataset.csv
2351,ne,हाम्रो घर असुरक्षित छ आश्रय चाहियो,shelter_request,nepali_dataset.csv
2352,ne,भर्खरैभूकम्प आयो,earthquake_occurring_report,nepali_dataset.csv
2353,ne,बाल हेल्पलाइन नम्बर,emergency_contact_request,nepali_dataset.csv
2354,ne,कुन खुल्ला ठाउँ भेला हुन सुरक्षित छ,safe_location_query,nepali_dataset.csv
2355,ne,गोर्खा मा आगो छिट्टै फैलिँदैछ,fire_incident_report,nepali_dataset.csv
2356,ne,पर्खालले थिचेकोछ हल्लन सक्दिन,trapped_debris_report,nepali_dataset.csv
2357,ne,भक्तपुर नजिकको पुल भत्कियो,road_blockage_report,nepali_dataset.csv
2358,ne,पोखरा मा सम्पूर्ण भवनढल्यो,building_collapse_report,nepali_dataset.csv
2359,ne,ललितपुर नजिकैको घरमा आगो लागेको छ,fire_incident_report,nepali_dataset.csv
2360,ne,गोर्खा नजिक ग्यास चुहावट भयो,gas_leak_report,nepali_dataset.csv
2361,ne,ललितपुर मा आमा लाई खोजिरहेको छु प्लिज,family_member_missing,nepali_dataset.csv
2362,ne,आपतकालीन सामान कति पटक जाँच्ने,preparedness_tips_query,nepali_dataset.csv
2363,ne,मलाई चोट लागेको छ,injury_report,nepali_dataset.csv
2364,ne,भूकम्पपछि ग्यासको गन्ध आइरहेको छ छिटो,gas_leak_report,nepali_dataset.csv
2365,ne,भूकम्पपछिछोरी लाई भेट्टाउन सकिएको छैन,family_member_missing,nepali_dataset.csv
2366,ne,हजुरबुबा भग्नावशेषमुनि थुनिनुभयो???,trapped_debris_report,nepali_dataset.csv
2367,ne,ललितपुर मा बिजुली गएको छ है,power_outage_report,nepali_dataset.csv
2368,ne,भक्तपुरमा बिजुली गएको छ,power_outage_report,nepali_dataset.csv
2369,ne,अहिले हजुरबुबा सँग भेट भयो है,family_reunification_status,nepali_dataset.csv
2370,ne,भूकम्पदेखि छोरी को फोन लाग्दैन,family_member_missing,nepali_dataset.csv
2371,ne,उद्धारकालागि कहाँ फोन गर्ने,emergency_contact_request,nepali_dataset.csv
2372,ne,भाँचिएको हातको लागि प्राथमिक उपचार???,first_aid_query,nepali_dataset.csv
2373,ne,राहत शिविरमाबुबा भेटियो,family_reunification_status,nepali_dataset.csv
2374,ne,भूकम्पपछि छोरीलाई भेट्टाउन सकिएको छैन,family_member_missing,nepali_dataset.csv
2375,ne,घरबाट धुवाँआइरहेको छ,fire_incident_report,nepali_dataset.csv
2376,ne,पोखरानजिक ग्यास चुहावट भयो,gas_leak_report,nepali_dataset.csv
2377,ne,हजुरबुबा लडेरढाडमा चोट लाग्यो,injury_report,nepali_dataset.csv
2378,ne,दिदी लाई छातीमा दुखाइ भइरहेको छ,medical_emergency_request,nepali_dataset.csv
2379,ne,जाजरकोट मा भूकम्प गयो???,earthquake_occurring_report,nepali_dataset.csv
2380,ne,विस्थापितहरूलाई बस्नेठाउँ चाहिन्छ,shelter_request,nepali_dataset.csv
2381,ne,बेहोस भएको मान्छेलाई कसरी मद्दत गर्ने छिटो,first_aid_query,nepali_dataset.csv
2382,ne,घरधेरै हल्लियो,earthquake_occurring_report,nepali_dataset.csv
2383,ne,ग्यासचुल्होले आगो लाग्यो,fire_incident_report,nepali_dataset.csv
2384,ne,डाक्टर तुरुन्तैचाहियो,medical_emergency_request,nepali_dataset.csv
2385,ne,धन्यवाददाई,goodbye_thanks,nepali_dataset.csv
2386,ne,हाइ हजुर,greeting,nepali_dataset.csv
2387,ne,राहत शिविरमा हजुरआमा भेटियो!!,family_reunification_status,nepali_dataset.csv
2388,ne,दाजु र बालबालिकाका लागि आश्रय चाहियो,shelter_request,nepali_dataset.csv
2389,ne,भक्तपुर मा बिजुलीको तार खसेको छ छिटो,power_outage_report,nepali_dataset.csv
2390,ne,बाई है प्लिज,goodbye_thanks,nepali_dataset.csv
2391,ne,हजुरबुबा लाई गम्भीरचोट लागेको छ,injury_report,nepali_dataset.csv
2392,ne,जाँच्दैछु प्लिज,fallback_unclear,nepali_dataset.csv
2393,ne,के छ हाल हजुर,greeting,nepali_dataset.csv
2394,ne,भक्तपुर नजिक पहिरोले सडकबन्द भयो,road_blockage_report,nepali_dataset.csv
2395,ne,हजुरआमा लाई गम्भीर चोट लागेको छ,injury_report,nepali_dataset.csv
2396,ne,गोर्खानजिक पहिरोले सडक बन्द भयो,road_blockage_report,nepali_dataset.csv
2397,ne,गोर्खा नजिकको पुल भत्कियो,road_blockage_report,nepali_dataset.csv
2398,ne,ग्यास चुहियो छिटो,gas_leak_report,nepali_dataset.csv
2399,ne,अहिले मैले के गर्नुपर्छ!!,status_check_general,nepali_dataset.csv
2400,ne,छत खसेर दिदी थुनिनुभयो,trapped_debris_report,nepali_dataset.csv
2401,ne,बुबा सुरक्षित हुनुहुन्छभनेर स्थिति अपडेट गर्न चाहन्छु,family_reunification_status,nepali_dataset.csv
2402,ne,काठमाडौं माआगो लागेको छ,fire_incident_report,nepali_dataset.csv
2403,ne,गोर्खा मा घर भत्कियो प्लिज,building_collapse_report,nepali_dataset.csv
2404,ne,पाल शिविरको स्थान चाहियो,shelter_request,nepali_dataset.csv
2405,ne,कोही सास फेर्न सकिरहेको छैन,medical_emergency_request,nepali_dataset.csv
2406,ne,पोखरा मा आगो छिट्टैफैलिँदैछ,fire_incident_report,nepali_dataset.csv
2407,ne,ललितपुर को लागिपराकम्प चेतावनी,aftershock_information_query,nepali_dataset.csv
2408,ne,दाजु लाई एम्बुलेन्स चाहियो छिटो,medical_emergency_request,nepali_dataset.csv
2409,ne,हजुरबुबा लाई गहिरो घाउ छ छिटो,injury_report,nepali_dataset.csv
2410,ne,गोर्खा नजिकैको घरमा आगो लागेको छ,fire_incident_report,nepali_dataset.csv
2411,ne,नमस्ते बहिनी प्लिज,greeting,nepali_dataset.csv
2412,ne,भूकम्प अघि के के तयार राख्ने!!,preparedness_tips_query,nepali_dataset.csv
2413,ne,पोखरा मा बिजुलीको तार खसेको छ???,power_outage_report,nepali_dataset.csv
2414,ne,भूकम्प भर्खरै आएको हो!!,earthquake_occurring_report,nepali_dataset.csv
2415,ne,बुबा र बालबालिकाका लागि आश्रयचाहियो,shelter_request,nepali_dataset.csv
2416,ne,छत खसेरहजुरआमा थुनिनुभयो,trapped_debris_report,nepali_dataset.csv
2417,ne,अहिले भूकम्प गयो,earthquake_occurring_report,nepali_dataset.csv
2418,ne,काठमाडौं मा बिजुली गएको छ है,power_outage_report,nepali_dataset.csv
2419,ne,हजुरआमा लडेरढाडमा चोट लाग्यो छिटो,injury_report,nepali_dataset.csv
2420,ne,घर पूर्ण रूपमा भत्कियो प्लिज,building_collapse_report,nepali_dataset.csv
2421,ne,इँटा खसेर लाग्यो,injury_report,nepali_dataset.csv
2422,ne,हेल्लो,greeting,nepali_dataset.csv
2423,ne,भूकम्पपछि हजुरबुबा लाईभेट्टाउन सकिएको छैन,family_member_missing,nepali_dataset.csv
2424,ne,काठमाडौं नजिक ग्यास चुहावट भयो!!,gas_leak_report,nepali_dataset.csv
2425,ne,भूकम्पको लागि गो-ब्याग कसरी तयार पार्ने,preparedness_tips_query,nepali_dataset.csv
2426,ne,पर्खालमा ठूला चिरा छन् बाहिरिनु पर्छ कि है,building_damage_check,nepali_dataset.csv
2427,ne,मेरो परिवारको सदस्य सुरक्षित भेटियो,family_reunification_status,nepali_dataset.csv
2428,ne,भूकम्पपछि हजुरबुबा लाई भेट्टाउन सकिएको छैन प्लिज,family_member_missing,nepali_dataset.csv
2429,ne,छोरी को बेपत्ता व्यक्ति रिपोर्ट प्लिज,family_member_missing,nepali_dataset.csv
2430,ne,अहिले नै मद्दत चाहियो,sos_help_request,nepali_dataset.csv
2431,ne,अहिले मैले केकदम चाल्ने,status_check_general,nepali_dataset.csv
2432,ne,मेरो घरलाई भूकम्प प्रतिरोधी कसरीबनाउने,preparedness_tips_query,nepali_dataset.csv
2433,ne,हजुरबुबा को बेपत्ता व्यक्ति रिपोर्ट हजुर,family_member_missing,nepali_dataset.csv
2434,ne,दमकलको सम्पर्क नम्बर,emergency_contact_request,nepali_dataset.csv
2435,ne,आमा लाई छातीमा दुखाइ भइरहेको छ प्लिज,medical_emergency_request,nepali_dataset.csv
2436,ne,भेटिएकोपरिवार सदस्य कसरी दर्ता गर्ने,family_reunification_status,nepali_dataset.csv
2437,ne,ठिकै छ छोड्नुहोस्,goodbye_thanks,nepali_dataset.csv
2438,ne,ललितपुर मा घर भत्कियो,building_collapse_report,nepali_dataset.csv
2439,ne,सहयोग गर्नुहोस्!!,sos_help_request,nepali_dataset.csv
2440,ne,बुबा भग्नावशेषमुनिथुनिनुभयो,trapped_debris_report,nepali_dataset.csv
2441,ne,घर बलिरहेको छ दमकलचाहियो,fire_incident_report,nepali_dataset.csv
2442,ne,भूकम्पदेखि बुबा को फोन लाग्दैन,family_member_missing,nepali_dataset.csv
2443,ne,आदाब हजुर,greeting,nepali_dataset.csv
2444,ne,भूकम्पपछि भवनको सुरक्षा जाँच कसले गर्छ!!,building_damage_check,nepali_dataset.csv
2445,ne,धन्यवाद दाई,goodbye_thanks,nepali_dataset.csv
2446,ne,गोर्खा नजिक पहिरोलेसडक बन्द भयो,road_blockage_report,nepali_dataset.csv
2447,ne,ग्यास चुहियो,gas_leak_report,nepali_dataset.csv
2448,mixed,mero didi bhukampa pachi missing hunuhuncha,family_member_missing,mixed_dataset.csv
2449,mixed,cannot move stuck under conccrete malai,trapped_debris_report,mixed_dataset.csv
2450,mixed,help garnu na lpz,sos_help_request,mixed_dataset.csv
2451,mixed,namaste ma euta prashna sodhnac hahanchu,greeting,mixed_dataset.csv
2452,mixed,hami abhi evacuate garnu parxa ki,evacuation_guidance_query,mixed_dataset.csv
2453,mixed,just testing 123,fallback_unclear,mixed_dataset.csv
2454,mixed,malai nikalnu hos thuniyeko xu,trapped_debris_report,mixed_dataset.csv
2455,mixed,raati asna tent chai,shelter_request,mixed_dataset.csv
2456,mixed,sprain bhayeko khutta ko lagi k garne,first_aid_query,mixed_dataset.csv
2457,mixed,pani ko suply band bhayo pani chai,food_water_request,mixed_dataset.csv
2458,mixed,gharhallyo bhukampa jasto,earthquake_occurring_report,mixed_dataset.csv
2459,mixed,aago chittai failira xa school najik ma,fire_incident_report,mixed_dataset.csv
2460,mixed,mero aama unconsciousbhayo,medical_emergency_request,mixed_dataset.csv
2461,mixed,evacuation ko laagi khulla thau kaha cha,safe_location_query,mixed_dataset.csv
2462,mixed,ploice emergency number dinu hos,emergency_contact_request,mixed_dataset.csv
2463,mixed,building mafire xa hamro area najik,fire_incident_report,mixed_dataset.csv
2464,mixed,bhukampa ko jhatka abhi feelbhayo,earthquake_occurring_report,mixed_dataset.csv
2465,mixed,meroo family member safe bhetiyo,family_reunification_status,mixed_dataset.csv
2466,mixed,mero buwa lai badly injury bayo,injury_report,mixed_dataset.csv
2467,mixed,mero buwa pinned under debris malai help chai,trapped_debris_report,mixed_dataset.csv
2468,mixed,hello ji sanchai hunuhuncha,greeting,mixed_dataset.csv
2469,mixed,thanku sir ali help bhayo,goodbye_thanks,mixed_dataset.csv
2470,mixed,bihana dekhi mero buwa bata khabar xaina,family_member_missing,mixed_dataset.csv
2471,mixed,jhatka mahsus bayo 5 minute agadi,earthquake_occurring_report,mixed_dataset.csv
2472,mixed,re cross ko helpline number,emergency_contact_request,mixed_dataset.csv
2473,mixed,bhukampa report garna man xa Kathmandu a,earthquake_occurring_report,mixed_dataset.csv
2474,mixed,help pls ma dherai fright ma xu,sos_help_request,mixed_dataset.csv
2475,mixed,building safe cha kikasari thaha pauney,building_damage_check,mixed_dataset.csv
2476,mixed,arkobhukampa aaunxa ki,aftershock_information_query,mixed_dataset.csv
2477,mixed,"dhanyabbad, bye bye",goodbye_thanks,mixed_dataset.csv
2478,mixed,aaja raati arko jhatkaaaunxa ki,aftershock_information_query,mixed_dataset.csv
2479,mixed,bhukampagayo Pokhara ma,earthquake_occurring_report,mixed_dataset.csv
2480,mixed,hamro ghar unsaafe xa shelter chai,shelter_request,mixed_dataset.csv
2481,mixed,haa tma minor chot xa,injury_report,mixed_dataset.csv
2482,mixed,Kathmandu jana sakidaina road band cha,road_blockage_report,mixed_dataset.csv
2483,mixed,sos malai helpchai,sos_help_request,mixed_dataset.csv
2484,mixed,Kathmandu ma power line khaseko cha pls,power_outage_report,mixed_dataset.csv
2485,mixed,aago chittai failira xa Kathmandu ma,fire_incident_report,mixed_dataset.csv
2486,mixed,building bata evacuate garnesteps,evacuation_guidance_query,mixed_dataset.csv
2487,mixed,aftershockaaunxa ki,aftershock_information_query,mixed_dataset.csv
2488,mixed,bihana dekhi mero bhai bata khabar xaina,family_member_missing,mixed_dataset.csv
2489,mixed,mero didi debris muni thuniyo,trapped_debris_report,mixed_dataset.csv
2490,mixed,cylinder bata gaschuhi raxa,gas_leak_report,mixed_dataset.csv
2491,mixed,pregnant lady ali emergency care chai,medical_emergency_request,mixed_dataset.csv
2492,mixed,mero aama ghar aaunu bhako axina ahile samma,family_member_missing,mixed_dataset.csv
2493,mixed,mero saathi lai ambulance chai urgent plz,medical_emergency_request,mixed_dataset.csv
2494,mixed,mero aama ghar aaunu bhako xaina ahlie samma,family_member_missing,mixed_dataset.csv
2495,mixed,mero saathi laai badly injury bhayo,injury_report,mixed_dataset.csv
2496,mixed,medical emergency cha helpgarnu,medical_emergency_request,mixed_dataset.csv
2497,mixed,gana gauna aknu huncha,fallback_unclear,mixed_dataset.csv
2498,mixed,road block bhayo landslide le gaun najik help,road_blockage_report,mixed_dataset.csv
2499,mixed,mero buwa debris muni thuniyo,trapped_debris_report,mixed_dataset.csv
2500,mixed,tapai kati umer ko hunuhuncha help,fallback_unclear,mixed_dataset.csv
2501,mixed,k garne vanera guide garnu hos help,status_check_general,mixed_dataset.csv
2502,mixed,ghar collapse bhayo hami bhitra fasyou,trapped_debris_report,mixed_dataset.csv
2503,mixed,bhachiyeko haat ko first aid k ho,first_aid_query,mixed_dataset.csv
2504,mixed,bhukampa ko jhatka abhi feel hbayo,earthquake_occurring_report,mixed_dataset.csv
2505,mixed,afteshock aaunxa ki,aftershock_information_query,mixed_dataset.csv
2506,mixed,tent camp ko loctaion chai,shelter_request,mixed_dataset.csv
2507,mixed,bhukampa report garna man xa meero ghar najik ma,earthquake_occurring_report,mixed_dataset.csv
2508,mixed,thanks yesto helpful huncha,goodbye_thanks,mixed_dataset.csv
2509,mixed,"namaste bot, are u online",greeting,mixed_dataset.csv
2510,mixed,tapai kati umer ko hunuuhuncha,fallback_unclear,mixed_dataset.csv
2511,mixed,electrical fire lagyo plz,fire_incident_report,mixed_dataset.csv
2512,mixed,wall khaseko le mero bhai lai thichyo,trapped_debris_report,mixed_dataset.csv
2513,mixed,mero aama safe cha vanera status update garna mna xa,family_reunification_status,mixed_dataset.csv
2514,mixed,bihana dekhi mero buwa bbata khabar xaina,family_member_missing,mixed_dataset.csv
2515,mixed,hmai kaha shelter linna sakxam safely,safe_location_query,mixed_dataset.csv
2516,mixed,aftershock pachi ghar bhitra sutna safe cha ki help,aftershock_information_query,mixed_dataset.csv
2517,mixed,bhukapma aayo,earthquake_occurring_report,mixed_dataset.csv
2518,mixed,ahile  garne ma,status_check_general,mixed_dataset.csv
2519,mixed,ghar bata dhhuwa airaxa,fire_incident_report,mixed_dataset.csv
2520,mixed,wall khaseko le mero buwa lai thichyo,trapped_debris_report,mixed_dataset.csv
2521,mixed,bhukampa pachi emro aama lai bhettauna sakina,family_member_missing,mixed_dataset.csv
2522,mixed,Kathmandu ko lagi aftershock warning!!!,aftershock_information_query,mixed_dataset.csv
2523,mixed,mero ai help chaincha,sos_help_request,mixed_dataset.csv
2524,mixed,hostelma ambulance patau na,medical_emergency_request,mixed_dataset.csv
2525,mixed,gas stove le aago lgayo,fire_incident_report,mixed_dataset.csv
2526,mixed,Kathmandu kolagi evacuation plan,evacuation_guidance_query,mixed_dataset.csv
2527,mixed,hamro ghar unsafe xa shelterc hai,shelter_request,mixed_dataset.csv
2528,mixed,wall khaseko lemero aama lai thichyo,trapped_debris_report,mixed_dataset.csv
2529,mixed,mero bhai unconscious bhayo plz,medical_emergency_request,mixed_dataset.csv
2530,mixed,malai nikalnu hos thuniyeko xu urgent pls,trapped_debris_report,mixed_dataset.csv
2531,mixed,ghau bhayeko thau ma kasari treat garne,first_aid_query,mixed_dataset.csv
2532,mixed,malai pillar lethichyo cannot move,trapped_debris_report,mixed_dataset.csv
2533,mixed,ghar hallyo bhukampa jasto now,earthquake_occurring_report,mixed_dataset.csv
2534,mixed,aago chittai failira xa hamro area ma plz,fire_incident_report,mixed_dataset.csv
2535,mixed,mero aamalai ambulance chai urgent,medical_emergency_request,mixed_dataset.csv
2536,mixed,relief camp najik cha ki!!!,shelter_request,mixed_dataset.csv
2537,mixed,aago chittai failira xa bazaar ma,fire_incident_report,mixed_dataset.csv
2538,mixed,ghar baliraxa fire brigade chhai,fire_incident_report,mixed_dataset.csv
2539,mixed,gaun najik ko pul bhatkiyo,road_blockage_report,mixed_dataset.csv
2540,mixed,mausam kasto cha,fallback_unclear,mixed_dataset.csv
2541,mixed,bhukampa report garna man xa hamroarea ma,earthquake_occurring_report,mixed_dataset.csv
2542,mixed,wall khasekole mero bhai lai thichyo,trapped_debris_report,mixed_dataset.csv
2543,mixed,bhukampa gayo Kathmandu ma???,earthquake_occurring_report,mixed_dataset.csv
2544,mixed,yahasaaf pani xaina,food_water_request,mixed_dataset.csv
2545,mixed,rescue ko lagi kaha phone garne???,emergency_contact_request,mixed_dataset.csv
2546,mixed,bhukampa dekhi bijuli xaiina,power_outage_report,mixed_dataset.csv
2547,mixed,mero buwa lai badly injury bhayo,injury_report,mixed_dataset.csv
2548,mixed,mero bha ighar aaunu bhako xaina ahile samma,family_member_missing,mixed_dataset.csv
2549,mixed,behosh bhako manxe laikasari help garne,first_aid_query,mixed_dataset.csv
2550,mixed,rescue chai xa ma thuniyeko xu,trapped_debris_report,mixed_dataset.csv
2551,mixed,power outage cha hamro area ma,power_outage_report,mixed_dataset.csv
2552,mixed,road ma crack bayo jana sakidaina,road_blockage_report,mixed_dataset.csv
2553,mixed,road block bhayo landslide le gaun najik,road_blockage_report,mixed_dataset.csv
2554,mixed,Kathmandu ko lagi aftershock warning,aftershock_information_query,mixed_dataset.csv
2555,mixed,arko bhukampa aaunxa ki,aftershock_information_query,mixed_dataset.csv
2556,mixed,school area ma ambulance patauna,medical_emergency_request,mixed_dataset.csv
2557,mixed,bijuli kahilea aunxa,power_outage_report,mixed_dataset.csv
2558,mixed,road ma crack bhayo jana sakidaina asap,road_blockage_report,mixed_dataset.csv
2559,mixed,ghau ma bandage kasai garne,first_aid_query,mixed_dataset.csv
2560,mixed,jhatka mahsus bhay o5 minute agadi,earthquake_occurring_report,mixed_dataset.csv
2561,mixed,cha tkhasyo bhukampa ma,building_collapse_report,mixed_dataset.csv
2562,mixed,mero saathi debris munni thuniyo,trapped_debris_report,mixed_dataset.csv
2563,mixed,next ssteps k ho bhannu hos,status_check_general,mixed_dataset.csv
2564,mixed,mero mama ko phone lagdaina bhukampa dekhi,family_member_missing,mixed_dataset.csv
2565,mixed,pelase help garnu bhai,sos_help_request,mixed_dataset.csv
2566,mixed,mero bhai pinned under debris malai help chai,trapped_debris_report,mixed_dataset.csv
2567,mixed,mero aaam debris muni thuniyo,trapped_debris_report,mixed_dataset.csv
2568,mixed,emergency kit ma k khunu parxa,preparedness_tips_query,mixed_dataset.csv
2569,mixed,doctor chaixa abhi nai,medical_emergency_request,mixed_dataset.csv
2570,mixed,ahile k garne ma,status_check_general,mixed_dataset.csv
2571,mixed,dhanyabad that helped a lot,goodbye_thanks,mixed_dataset.csv
2572,mixed,strong tremor bhukampa jasto???,earthquake_occurring_report,mixed_dataset.csv
2573,mixed,aag ochittai failira xa school najik ma,fire_incident_report,mixed_dataset.csv
2574,mixed,bhukampa report garna manxa Pokhara ma,earthquake_occurring_report,mixed_dataset.csv
2575,mixed,gaun najik kko pul bhatkiyo,road_blockage_report,mixed_dataset.csv
2576,mixed,mero didi safe cha vanera status update garna man xa!!!,family_reunification_status,mixed_dataset.csv
2577,mixed,Kathmandu najik ko pulbhatkiyo,road_blockage_report,mixed_dataset.csv
2578,mixed,hamro ghar pura bhatkiyo help,building_collapse_report,mixed_dataset.csv
2579,mixed,baby formula ra pani chai,food_water_request,mixed_dataset.csv
2580,mixed,strong gas smell xabuilding ma,gas_leak_report,mixed_dataset.csv
2581,mixed,mero ghar lai earthquake safe kasari banaune pls,preparedness_tips_query,mixed_dataset.csv
2582,mixed,dherai raagat bagira xa medic chai xa,medical_emergency_request,mixed_dataset.csv
2583,mixed,najik ko relief camp kaha cha,shelter_request,mixed_dataset.csv
2584,mixed,mero buwa ko phone lagdaina bhukampa dekhi,family_member_missing,mixed_dataset.csv
2585,mixed,schoolbuilding half bhatkiyo,building_collapse_report,mixed_dataset.csv
2586,mixed,mero ghar ma ambulancce patau na,medical_emergency_request,mixed_dataset.csv
2587,mixed,mero buwa lai ambulancechai urgent,medical_emergency_request,mixed_dataset.csv
2588,mixed,sabai hallyo bhukampa le,earthquake_occurring_report,mixed_dataset.csv
2589,mixed,ghar hallyo bhukampa jasto,earthquake_occurring_report,mixed_dataset.csv
2590,mixed,earrthquake bhayo hamro area ma,earthquake_occurring_report,mixed_dataset.csv
2591,mixed,bhukampa report garna man xa ahmro area ma,earthquake_occurring_report,mixed_dataset.csv
2592,mixed,road ma crack bhayo jana sakidaina,road_blockage_report,mixed_dataset.csv
2593,mixed,"danyabad, bye bye",goodbye_thanks,mixed_dataset.csv
2594,mixed,tapai k k gaarna saknu huncha,fallback_unclear,mixed_dataset.csv
2595,mixed,mero saathi lai deep wound xa asap,injury_report,mixed_dataset.csv
2596,mixed,furniturelai khasnu bata kasari secure garne,preparedness_tips_query,mixed_dataset.csv
2597,mixed,road block bhayo landslide le Kathmandu najik???,road_blockage_report,mixed_dataset.csv
2598,mixed,earthquake agadi k k ready rakhne plz,preparedness_tips_query,mixed_dataset.csv
2599,mixed,cannot move stuck under concrete malai,trapped_debris_report,mixed_dataset.csv
2600,mixed,saaf khane pani urgent chai!!!,food_water_request,mixed_dataset.csv
2601,mixed,sprai nbhayeko khutta ko lagi k garne,first_aid_query,mixed_dataset.csv
2602,mixed,building ma fire xa bazaar najik pls,fire_incident_report,mixed_dataset.csv
2603,mixed,k oh yo bot,fallback_unclear,mixed_dataset.csv
2604,mixed,mero saaathi lai deep wound xa,injury_report,mixed_dataset.csv
2605,mixed,thanks yestohelpful huncha,goodbye_thanks,mixed_dataset.csv
2606,mixed,2 din dekhi bijuli xaina,power_outage_report,mixed_dataset.csv
2607,mixed,Kathmandu ma power line khaseko cha,power_outage_report,mixed_dataset.csv
2608,mixed,tent camp ko location chai,shelter_request,mixed_dataset.csv
2609,mixed,ahile k garnu parxa,status_check_general,mixed_dataset.csv
2610,mixed,jhatka mahsu sbhayo 5 minute agadi,earthquake_occurring_report,mixed_dataset.csv
2611,mixed,doctor chai xa abhi nai now,medical_emergency_request,mixed_dataset.csv
2612,mixed,mero didi laai safely locate garya,family_reunification_status,mixed_dataset.csv
2613,mixed,strong tremor bhukampa jasto,earthquake_occurring_report,mixed_dataset.csv
2614,mixed,evacuation ko lagi khulla thau kaha cha!!!,safe_location_query,mixed_dataset.csv
2615,mixed,bhukampaa gayo Pokhara ma,earthquake_occurring_report,mixed_dataset.csv
2616,mixed,namaste can you help me,greeting,mixed_dataset.csv
2617,mixed,baby formula ra paani chai,food_water_request,mixed_dataset.csv
2618,mixed,hamro area ma safe zone kaha cha pls,safe_location_query,mixed_dataset.csv
2619,mixed,mero sathi pinned under debris malai help chai,trapped_debris_report,mixed_dataset.csv
2620,mixed,"namaste bot,are u online",greeting,mixed_dataset.csv
2621,mixed,aaja raati arko jhatkaa aunxa ki,aftershock_information_query,mixed_dataset.csv
2622,mixed,mero didi lai deep wound xa plz,injury_report,mixed_dataset.csv
2623,mixed,aftershock aaunxa ki???,aftershock_information_query,mixed_dataset.csv
2624,mixed,mero buwa lai safely locate garya,family_reunification_status,mixed_dataset.csv
2625,mixed,bhukampa report garna man xa Kathmandu ma now,earthquake_occurring_report,mixed_dataset.csv
2626,mixed,ghar pura bhatkiyo???,building_collapse_report,mixed_dataset.csv
2627,mixed,ghar balirraxa fire brigade chai,fire_incident_report,mixed_dataset.csv
2628,mixed,wall khaseko le mero aama lai thichyo,trapped_debris_report,mixed_dataset.csv
2629,mixed,gas ko smell airaxa bhukampa pachi plz,gas_leak_report,mixed_dataset.csv
2630,mixed,ghar ekdam hallyo earthquake hoki k ho,earthquake_occurring_report,mixed_dataset.csv
2631,mixed,cannot move stuck under concrete malai???,trapped_debris_report,mixed_dataset.csv
2632,mixed,haat ma minor chotxa,injury_report,mixed_dataset.csv
2633,mixed,relief camp najik cha ki,shelter_request,mixed_dataset.csv
2634,mixed,power outage cha hamro area ma???,power_outage_report,mixed_dataset.csv
2635,mixed,gas stove le aago lagyo,fire_incident_report,mixed_dataset.csv
2636,mixed,sabai hallyo bhukampale,earthquake_occurring_report,mixed_dataset.csv
2637,mixed,building bata bahira niskane safest tarika,evacuation_guidance_query,mixed_dataset.csv
2638,mixed,mero buwa lai mbulance chai urgent,medical_emergency_request,mixed_dataset.csv
2639,mixed,relief camp ma mero didi bhetiyo,family_reunification_status,mixed_dataset.csv
2640,mixed,building ma fire xa school najik najik,fire_incident_report,mixed_dataset.csv
2641,mixed,haat bhachiyo help chai,injury_report,mixed_dataset.csv
2642,mixed,ksaari safely evacuate garne,evacuation_guidance_query,mixed_dataset.csv
2643,mixed,aago chittai failira xa school najikma,fire_incident_report,mixed_dataset.csv
2644,mixed,furniture lai khasnubata kasari secure garne,preparedness_tips_query,mixed_dataset.csv
2645,mixed,ghau bhayeko thau ma kasari treat gare,first_aid_query,mixed_dataset.csv
2646,mixed,hello jisanchai hunuhuncha,greeting,mixed_dataset.csv
2647,mixed,mero ghar lia earthquake safe kasari banaune,preparedness_tips_query,mixed_dataset.csv
2648,mixed,relief camp najik cha ki pls,shelter_request,mixed_dataset.csv
2649,mixed,mero bhai sanga abhi reunite bhayo help,family_reunification_status,mixed_dataset.csv
2650,mixed,dhannyabad ekdum helpful thiyo,goodbye_thanks,mixed_dataset.csv
2651,mixed,hamro area ko lagi evacuation plan???,evacuation_guidance_query,mixed_dataset.csv
2652,mixed,"namaste, are you there help",greeting,mixed_dataset.csv
2653,mixed,mero didi pinned under debris malai help chi,trapped_debris_report,mixed_dataset.csv
2654,mixed,bhukamp aaayo,earthquake_occurring_report,mixed_dataset.csv
2655,mixed,sos maai help chai,sos_help_request,mixed_dataset.csv
2656,mixed,kun khulla thau safe cha gather garna pls,safe_location_query,mixed_dataset.csv
2657,mixed,aago chittaifailira xa bazaar ma,fire_incident_report,mixed_dataset.csv
2658,mixed,ghar bhitra farkkana milxa ki,building_damage_check,mixed_dataset.csv
2659,mixed,mero saathi bhukampa pachi missing hunuhuncha plz,family_member_missing,mixed_dataset.csv
2660,mixed,taaauko bata raagat bagira xa,injury_report,mixed_dataset.csv
2661,mixed,mero bhai lai safely locate garya,family_reunification_status,mixed_dataset.csv
2662,mixed,mero aama unconscious bhayo plz,medical_emergency_request,mixed_dataset.csv
2663,mixed,ghar pura bhatkiyo,building_collapse_report,mixed_dataset.csv
2664,mixed,tourist police ko number dinu hos,emergency_contact_request,mixed_dataset.csv
2665,mixed,joke bhanna saknu hucha,fallback_unclear,mixed_dataset.csv
2666,mixed,mero didi lai badly injur ybhayo,injury_report,mixed_dataset.csv
2667,mixed,thanks a lot bhai help,goodbye_thanks,mixed_dataset.csv
2668,mixed,thank u dai malaithaha bhayo,goodbye_thanks,mixed_dataset.csv
2669,mixed,road block bhayo landslide le hamro area najik,road_blockage_report,mixed_dataset.csv
2670,mixed,frie brigade ko contact number,emergency_contact_request,mixed_dataset.csv
2671,mixed,aftershock aaunxa ki,aftershock_information_query,mixed_dataset.csv
2672,mixed,aago lagyo buhkampa pachi,fire_incident_report,mixed_dataset.csv
2673,mixed,abhi ghar bhitar jana milxa ki,building_damage_check,mixed_dataset.csv
2674,mixed,tapai k k garna saknu huncha plz,fallback_unclear,mixed_dataset.csv
2675,mixed,mero mama sanga coontact tutyo,family_member_missing,mixed_dataset.csv
2676,mixed,help pls ma dherai fright maxu,sos_help_request,mixed_dataset.csv
2677,mixed,gaun jana akidaina road band cha,road_blockage_report,mixed_dataset.csv
2678,mixed,building ma firee xa school najik najik,fire_incident_report,mixed_dataset.csv
2679,mixed,ghau bhayeko thau ma kasari treat garne now,first_aid_query,mixed_dataset.csv
2680,mixed,mero buwalai chest ma dukheko xa,medical_emergency_request,mixed_dataset.csv
2681,mixed,mero didi safe cha vanera status update garna man xa,family_reunification_status,mixed_dataset.csv
2682,mixed,sos sos help pls,sos_help_request,mixed_dataset.csv
2683,mixed,mero didi sanga abhi reunite bhayo,family_reunification_status,mixed_dataset.csv
2684,mixed,mero saathi lai badly injury bhayo,injury_report,mixed_dataset.csv
2685,mixed,mero mama sanga contact tutyo,family_member_missing,mixed_dataset.csv
2686,mixed,taauko bata raagat bagira xa,injury_report,mixed_dataset.csv
2687,mixed,please rescueme malai help chai,sos_help_request,mixed_dataset.csv
2688,mixed,ambulance ko numbr k ho,emergency_contact_request,mixed_dataset.csv
2689,mixed,hello dai malai kei sodhnu thiyo,greeting,mixed_dataset.csv
2690,mixed,earthquake preparedness ko tips dinu hos,preparedness_tips_query,mixed_dataset.csv
2691,mixed,bachcha haru lai earthquake drill ko lagi kasari prepare garne,preparedness_tips_query,mixed_dataset.csv
2692,mixed,hamro area mafire lagyo,fire_incident_report,mixed_dataset.csv
2693,mixed,building ma fire xa hamro area najik???,fire_incident_report,mixed_dataset.csv
2694,mixed,hamro area ko lagi aftershock warning,aftershock_information_query,mixed_dataset.csv
2695,mixed,mero aama pinned under debris malai help chai urgent pls,trapped_debris_report,mixed_dataset.csv
2696,mixed,mero saathi lai chest ma dukheko xa,medical_emergency_request,mixed_dataset.csv
2697,mixed,meero saathi lai chest ma dukheko xa,medical_emergency_request,mixed_dataset.csv
2698,mixed,hamro ghar pura bhatkiyo,building_collapse_report,mixed_dataset.csv
2699,mixed,najikko relief camp kaha cha,shelter_request,mixed_dataset.csv
2700,mixed,mero buwa lai chest ma dukheko xa,medical_emergency_request,mixed_dataset.csv
2701,mixed,earthquakego bag kasari prepare garne,preparedness_tips_query,mixed_dataset.csv
2702,mixed,building ma fire xa Kathmandu najik asap,fire_incident_report,mixed_dataset.csv
2703,mixed,gas lea kbhayo ghar ma,gas_leak_report,mixed_dataset.csv
2704,mixed,mero buwa pinned under debris malaih elp chai,trapped_debris_report,mixed_dataset.csv
2705,mixed,aftershock pachi ghar bhitra sutna safe cha ki,aftershock_information_query,mixed_dataset.csv
2706,mixed,bhukampa report garna man xa Pokhara ma,earthquake_occurring_report,mixed_dataset.csv
2707,mixed,road block bhayo landslide le Kathmandu najik,road_blockage_report,mixed_dataset.csv
2708,mixed,Kathmandu ma poewr line khaseko cha,power_outage_report,mixed_dataset.csv
2709,mixed,aftershock pachi ghar bhitra ustna safe cha ki,aftershock_information_query,mixed_dataset.csv
2710,mixed,random type gadai xu,fallback_unclear,mixed_dataset.csv
2711,mixed,mero bhai sanga abhi reunite bhayo,family_reunification_status,mixed_dataset.csv
2712,mixed,bhachhiyeko haat ko first aid k ho,first_aid_query,mixed_dataset.csv
2713,mixed,ahile k action ilnu parxa,status_check_general,mixed_dataset.csv
2714,mixed,hamro areama bijuli katti bhayo,power_outage_report,mixed_dataset.csv
2715,mixed,kitchen ma gas dherai chuhira xa urgent pls,gas_leak_report,mixed_dataset.csv
2716,mixed,Kathmandu ma ammbulance patau na,medical_emergency_request,mixed_dataset.csv
2717,mixed,thanks a lot bhai,goodbye_thanks,mixed_dataset.csv
2718,mixed,help chaincha ma darai xu,sos_help_request,mixed_dataset.csv
2719,mixed,jhatka mahsus bhayo 5 minute agadi,earthquake_occurring_report,mixed_dataset.csv
2720,mixed,bhukampa pachi mero didi lai bhettauna skaina,family_member_missing,mixed_dataset.csv
2721,mixed,mero aama sanga abhi reunite bhayo,family_reunification_status,mixed_dataset.csv
2722,mixed,pura bulding dhalyo Kathmandu ma,building_collapse_report,mixed_dataset.csv
2723,mixed,mero aama lai safely locate garya,family_reunification_status,mixed_dataset.csv
2724,mixed,ahile ko sitution k ho,status_check_general,mixed_dataset.csv
2725,mixed,bazaarma fire lagyo,fire_incident_report,mixed_dataset.csv
2726,mixed,red cross ko helpline number,emergency_contact_request,mixed_dataset.csv
2727,mixed,Kathmandu najik ko pul bhatkiyo plz,road_blockage_report,mixed_dataset.csv
2728,mixed,mero aama pinned uner debris malai help chai,trapped_debris_report,mixed_dataset.csv
2729,mixed,bijulii kahile aaunxa,power_outage_report,mixed_dataset.csv
2730,mixed,aago lagyo bhukampa pachi,fire_incident_report,mixed_dataset.csv
2731,mixed,hami kahashelter linna sakxam safely,safe_location_query,mixed_dataset.csv
2732,mixed,ghar ekdam hallyo earthquake ho ki k ho,earthquake_occurring_report,mixed_dataset.csv
2733,mixed,school ara ma ambulance patau na,medical_emergency_request,mixed_dataset.csv
2734,mixed,merobuwa lai badly injury bhayo,injury_report,mixed_dataset.csv
2735,mixed,poleko thau ko firstaid,first_aid_query,mixed_dataset.csv
2736,mixed,temporary shelter kkaha paunxa,shelter_request,mixed_dataset.csv
2737,mixed,bhukmpa aayo abhi,earthquake_occurring_report,mixed_dataset.csv
2738,mixed,aaja rati arko jhatka aaunxa ki,aftershock_information_query,mixed_dataset.csv
2739,mixed,hey bhauju k cha,greeting,mixed_dataset.csv
2740,mixed,mero family ra kids ko lagi shelter chhai,shelter_request,mixed_dataset.csv
2741,mixed,relief camp ma mero buwabhetiyo,family_reunification_status,mixed_dataset.csv
2742,mixed,najikai ko apartment bhatkiyo,building_collapse_report,mixed_dataset.csv
2743,mixed,bhukampa report garna man xa Kathmandu ma pls,earthquake_occurring_report,mixed_dataset.csv
2744,mixed,ambulance chaincha malai,medical_emergency_request,mixed_dataset.csv
2745,mixed,mero bhai safecha vanera status update garna man xa,family_reunification_status,mixed_dataset.csv
2746,mixed,wall batkiyo road ma,building_collapse_report,mixed_dataset.csv
2747,mixed,sprain bhayeko khutta ko lagi k garrne,first_aid_query,mixed_dataset.csv
2748,mixed,mero buwa debrismuni thuniyo,trapped_debris_report,mixed_dataset.csv
2749,mixed,mero bhai lai deep wound xa,injury_report,mixed_dataset.csv
2750,mixed,hello dai malai kehi sodhnu thiyo,greeting,mixed_dataset.csv
2751,mixed,mero bhai lai ambulance chai ugent,medical_emergency_request,mixed_dataset.csv
2752,mixed,hami abhi evcauate garnu parxa ki,evacuation_guidance_query,mixed_dataset.csv
2753,mixed,bihana dekhi mero mama bata habar xaina,family_member_missing,mixed_dataset.csv
2754,mixed,namastecan you help me,greeting,mixed_dataset.csv
2755,mixed,bhukampa pachi mero bhai lai bhettauna sakina,family_member_missing,mixed_dataset.csv
2756,mixed,rescueko lagi kaha phone garne,emergency_contact_request,mixed_dataset.csv
2757,mixed,ghar bhitra farkana milxa ki,building_damage_check,mixed_dataset.csv
2758,mixed,mero aama sangaabhi reunite bhayo,family_reunification_status,mixed_dataset.csv
2759,mixed,building aliaktitilt bhayo danger cha ki,building_damage_check,mixed_dataset.csv
2760,mixed,mero aama ghar aaunu bhako xaina ahile samma,family_member_missing,mixed_dataset.csv
2761,mixed,debrisle highway band bhayo,road_blockage_report,mixed_dataset.csv
2762,mixed,khana ra pani sakiyo help,food_water_request,mixed_dataset.csv
2763,mixed,mero didi lai deep wound xa,injury_report,mixed_dataset.csv
2764,mixed,thank you dai next time feri sodhchu,goodbye_thanks,mixed_dataset.csv
2765,mixed,mero didi pinned under debris malai help chhai,trapped_debris_report,mixed_dataset.csv
2766,mixed,thanksyesto helpful huncha,goodbye_thanks,mixed_dataset.csv
2767,mixed,hamro gha rnajik gas leak bhayo,gas_leak_report,mixed_dataset.csv
2768,mixed,mero khutta ma chot lagyyo,injury_report,mixed_dataset.csv
2769,mixed,purabuilding dhalyo gaun ma,building_collapse_report,mixed_dataset.csv
2770,mixed,gharp ura bhatkiyo,building_collapse_report,mixed_dataset.csv
2771,mixed,hi are uu working offline,greeting,mixed_dataset.csv
2772,mixed,relief camp mma mero buwa bhetiyo,family_reunification_status,mixed_dataset.csv
2773,mixed,bhukampa aayo bhi,earthquake_occurring_report,mixed_dataset.csv
2774,mixed,bhukampa pachi crack aayo,building_damage_check,mixed_dataset.csv
2775,mixed,thank u sir ali help bhayo,goodbye_thanks,mixed_dataset.csv
2776,mixed,mero saath unconscious bhayo,medical_emergency_request,mixed_dataset.csv
2777,mixed,building safe cha ki kasari thaha pauney urgent pls,building_damage_check,mixed_dataset.csv
2778,mixed,ghar hallyobhukampa jasto,earthquake_occurring_report,mixed_dataset.csv
2779,mixed,relief camp ma mero diidi bhetiyo,family_reunification_status,mixed_dataset.csv
2780,mixed,najik ko assembly point kaaha cha,safe_location_query,mixed_dataset.csv
2781,mixed,bhukampa achi crack aayo,building_damage_check,mixed_dataset.csv
2782,mixed,pura buidling dhalyo gaun ma,building_collapse_report,mixed_dataset.csv
2783,mixed,mero dii bhukampa pachi missing hunuhuncha,family_member_missing,mixed_dataset.csv
2784,mixed,bijuli kahile aaaunxa,power_outage_report,mixed_dataset.csv
2785,mixed,brick khaseko le agyo,injury_report,mixed_dataset.csv
2786,mixed,gas leak bhayo ghar ma,gas_leak_report,mixed_dataset.csv
2787,mixed,arko bhukampa aaunxa ki???,aftershock_information_query,mixed_dataset.csv
2788,mixed,relief camp ma mero didi bhhetiyo,family_reunification_status,mixed_dataset.csv
2789,mixed,gaun jana sakidaina roa dband cha,road_blockage_report,mixed_dataset.csv
2790,mixed,building ma ifre xa hamro area najik,fire_incident_report,mixed_dataset.csv
2791,mixed,haat bhachiyo help chai pls,injury_report,mixed_dataset.csv
2792,mixed,mero saathi lai chest ma dukehko xa,medical_emergency_request,mixed_dataset.csv
2793,mixed,reelief camp ma mero bhai bhetiyo,family_reunification_status,mixed_dataset.csv
2794,mixed,anle sprain bhayo hidna sakina,injury_report,mixed_dataset.csv
2795,mixed,saaf khane pani urgent chi,food_water_request,mixed_dataset.csv
2796,mixed,medical emergency cha help garnu,medical_emergency_request,mixed_dataset.csv
2797,mixed,najika iko safe zone kaha cha,safe_location_query,mixed_dataset.csv
2798,mixed,wall ma thulo crcak cha evacuate garne ki,building_damage_check,mixed_dataset.csv
2799,mixed,bhukampako jhatka aaile feel bhayo,earthquake_occurring_report,mixed_dataset.csv
2800,mixed,help chaincha a darai xu,sos_help_request,mixed_dataset.csv
2801,mixed,hamro area jana sakidaina road band cha,road_blockage_report,mixed_dataset.csv
2802,mixed,hello ji sanchai hunuhunccha,greeting,mixed_dataset.csv
2803,mixed,mero ghar ma ambulance patau na,medical_emergency_request,mixed_dataset.csv
2804,mixed,Kathmandu najik ko pul bhatkiyo,road_blockage_report,mixed_dataset.csv
2805,mixed,hostel ma ambulance patau na urgent pls,medical_emergency_request,mixed_dataset.csv
2806,mixed,strongtremor bhukampa jasto,earthquake_occurring_report,mixed_dataset.csv
2807,mixed,power outage cha hamro ara ma,power_outage_report,mixed_dataset.csv
2808,mixed,food distribution point najik cha ki now,food_water_request,mixed_dataset.csv
2809,mixed,cylinder bata gas chuhi raxa,gas_leak_report,mixed_dataset.csv
2810,mixed,bhukampa gayo Pokhara ma,earthquake_occurring_report,mixed_dataset.csv
2811,mixed,mero bhai debrismuni thuniyo,trapped_debris_report,mixed_dataset.csv
2812,mixed,hi malai chahyo help,greeting,mixed_dataset.csv
2813,mixed,mero bhai sanga contact tutyo pls,family_member_missing,mixed_dataset.csv
2814,mixed,hi malai chahiyo help,greeting,mixed_dataset.csv
2815,mixed,bhukampa pachi mero didilai bhettauna sakina,family_member_missing,mixed_dataset.csv
2816,mixed,najikai ko sfae zone kaha cha,safe_location_query,mixed_dataset.csv
2817,mixed,thank u da malai thaha bhayo,goodbye_thanks,mixed_dataset.csv
2818,mixed,gas leak bayo ghar ma,gas_leak_report,mixed_dataset.csv
2819,mixed,thanks yesto helpfu huncha,goodbye_thanks,mixed_dataset.csv
2820,mixed,thanks bro ekdam ramro jankai,goodbye_thanks,mixed_dataset.csv
2821,mixed,mero buwa safe cha vanera status update garna man xa!!!,family_reunification_status,mixed_dataset.csv
2822,mixed,tent camp ko location chai!!!,shelter_request,mixed_dataset.csv
2823,mixed,tapai kati uer ko hunuhuncha,fallback_unclear,mixed_dataset.csv
2824,mixed,ankle sprain bhayo hidna sakina,injury_report,mixed_dataset.csv
2825,mixed,najik ko reliefcamp kaha cha,shelter_request,mixed_dataset.csv
2826,mixed,mero buwa safe cha vannera status update garna man xa,family_reunification_status,mixed_dataset.csv
2827,mixed,evacuation ko instructions dinu hos???,evacuation_guidance_query,mixed_dataset.csv
2828,mixed,"namaste, ar you there",greeting,mixed_dataset.csv
2829,mixed,mero buwa lai aambulance chai urgent,medical_emergency_request,mixed_dataset.csv
2830,mixed,mero buwa la ichest ma dukheko xa,medical_emergency_request,mixed_dataset.csv
2831,mixed,k hoo yo bot,fallback_unclear,mixed_dataset.csv
2832,mixed,main road bnad cha,road_blockage_report,mixed_dataset.csv
2833,mixed,mero bwua sanga abhi reunite bhayo,family_reunification_status,mixed_dataset.csv
2834,mixed,kitchen ma aago agyo bhukampa ko bela,fire_incident_report,mixed_dataset.csv
2835,mixed,mero bhai lai baldy injury bhayo,injury_report,mixed_dataset.csv
2836,mixed,ahile kgarnu parxa,status_check_general,mixed_dataset.csv
2837,mixed,malai kahaa jana safe huncha,safe_location_query,mixed_dataset.csv
2838,mixed,behosh bhako mnxe lai kasari help garne,first_aid_query,mixed_dataset.csv
2839,mixed,merolai help chaincha,sos_help_request,mixed_dataset.csv
2840,mixed,hel chaincha ma darai xu,sos_help_request,mixed_dataset.csv
2841,mixed,Kathmandu ma ambulance patau na,medical_emergency_request,mixed_dataset.csv
2842,mixed,yo bhukampa sanga related xaina urgent pls,fallback_unclear,mixed_dataset.csv
2843,mixed,mero buwa safe cha vanera status update garna man xa,family_reunification_status,mixed_dataset.csv
2844,mixed,help chainchama darai xu,sos_help_request,mixed_dataset.csv
2845,mixed,budo budi sannga kasari evacuate garne,evacuation_guidance_query,mixed_dataset.csv
2846,mixed,next stepsk ho bhannu hos,status_check_general,mixed_dataset.csv
2847,mixed,ghau bhayeko thau makasari treat garne,first_aid_query,mixed_dataset.csv
2848,mixed,bazara ma fire lagyo,fire_incident_report,mixed_dataset.csv
2849,mixed,mero aama ko phone lagdaina bhukampa dekhi,family_member_missing,mixed_dataset.csv
2850,mixed,mero family ra kids ko lagi shelter chai,shelter_request,mixed_dataset.csv
2851,mixed,tapai k k garna saknu huncha,fallback_unclear,mixed_dataset.csv
2852,mixed,building bata evacuate garne steps,evacuation_guidance_query,mixed_dataset.csv
2853,mixed,temporary shelter kaha paunxa,shelter_request,mixed_dataset.csv
2854,mixed,gharbaliraxa fire brigade chai,fire_incident_report,mixed_dataset.csv
2855,mixed,shelter chaincha mero family ko lagi plz,shelter_request,mixed_dataset.csv
2856,mixed,mero buwa sanga abhi reunite bhayo,family_reunification_status,mixed_dataset.csv
2857,mixed,namaste bot are u online,greeting,mixed_dataset.csv
2858,mixed,thank u dai malai thaha bhayo,goodbye_thanks,mixed_dataset.csv
2859,mixed,merro buwa lai safely locate garya,family_reunification_status,mixed_dataset.csv
2860,mixed,koi vane help gara na,sos_help_request,mixed_dataset.csv
2861,mixed,mero saathi pinned under debris mlaai help chai,trapped_debris_report,mixed_dataset.csv
2862,mixed,hii tapaiko naam k ho,greeting,mixed_dataset.csv
2863,mixed,please help garnu bhai urgent pls,sos_help_request,mixed_dataset.csv
2864,mixed,aago lagyo bhukamppa pachi,fire_incident_report,mixed_dataset.csv
2865,mixed,electrical firre lagyo,fire_incident_report,mixed_dataset.csv
2866,mixed,mero saathi bhukampa pachi missing hunuhuncha,family_member_missing,mixed_dataset.csv
2867,mixed,red corss ko helpline number,emergency_contact_request,mixed_dataset.csv
2868,mixed,cpr kasari garne,first_aid_query,mixed_dataset.csv
2869,mixed,thank u dai malai thahabhayo,goodbye_thanks,mixed_dataset.csv
2870,mixed,hey bhauju kcha,greeting,mixed_dataset.csv
2871,mixed,mero bhai lai badly injury bhayo plz,injury_report,mixed_dataset.csv
2872,mixed,mero didi ko phone lagdaina bhukampa dekhi,family_member_missing,mixed_dataset.csv
2873,mixed,saaf khane pani urgentchai,food_water_request,mixed_dataset.csv
2874,mixed,hey are youthe earthquake bot,greeting,mixed_dataset.csv
2875,mixed,hey bot k xa halkhabar,greeting,mixed_dataset.csv
2876,mixed,ghar bhitra farkana milxa ki pls,building_damage_check,mixed_dataset.csv
2877,mixed,khana ra pani sakiyo,food_water_request,mixed_dataset.csv
2878,mixed,ghar collapse bbhayo hami bhitra fasyou,trapped_debris_report,mixed_dataset.csv
2879,mixed,"namaste, are you there",greeting,mixed_dataset.csv
2880,mixed,cpr kaari garne,first_aid_query,mixed_dataset.csv
2881,mixed,mero saathi debris muni thuniyo,trapped_debris_report,mixed_dataset.csv
2882,mixed,namaste ca you help me,greeting,mixed_dataset.csv
2883,mixed,bhukampa pachi mero aama lai bhettauna sakna,family_member_missing,mixed_dataset.csv
2884,mixed,mero saathi haru ra kids ko lagi shelter cchai,shelter_request,mixed_dataset.csv
2885,mixed,emergency kit ma k k hunu pparxa,preparedness_tips_query,mixed_dataset.csv
2886,mixed,mero bhai safe cha vanera status update garna man xa,family_reunification_status,mixed_dataset.csv
2887,mixed,bihana dekhi mero buwa bata khabarxaina,family_member_missing,mixed_dataset.csv
2888,mixed,hamro area ma safe zone kaha cha,safe_location_query,mixed_dataset.csv
2889,mixed,building safe cha ki kasari thaha pauney,building_damage_check,mixed_dataset.csv
2890,mixed,hiare u working offline,greeting,mixed_dataset.csv
2891,mixed,mero didi lai dee pwound xa,injury_report,mixed_dataset.csv
2892,mixed,bhukampa gayo hamro area ma???,earthquake_occurring_report,mixed_dataset.csv
2893,mixed,mreo buwa unconscious bhayo,medical_emergency_request,mixed_dataset.csv
2894,mixed,pura buliding dhalyo hamro area ma,building_collapse_report,mixed_dataset.csv
2895,mixed,tourist police koo number dinu hos,emergency_contact_request,mixed_dataset.csv
2896,mixed,hamro area ma safe znoe kaha cha,safe_location_query,mixed_dataset.csv
2897,mixed,meero mama sanga contact tutyo,family_member_missing,mixed_dataset.csv
2898,mixed,fire brigade ko contact numbeer,emergency_contact_request,mixed_dataset.csv
2899,mixed,mero saathi bhukapa pachi missing hunuhuncha,family_member_missing,mixed_dataset.csv
2900,mixed,aftershock kati samma rahanxa help,aftershock_information_query,mixed_dataset.csv
2901,mixed,kio cha help garne,sos_help_request,mixed_dataset.csv
2902,mixed,aaja raati arko jhatka aaunxa ki,aftershock_information_query,mixed_dataset.csv
2903,mixed,mero saathi lai deepwound xa,injury_report,mixed_dataset.csv
2904,mixed,kitchen ma gaas dherai chuhira xa,gas_leak_report,mixed_dataset.csv
2905,mixed,mero didi lai safely locate garya,family_reunification_status,mixed_dataset.csv
2906,mixed,mero bhai bhukampa pachi missing hunuhuncha now,family_member_missing,mixed_dataset.csv
2907,mixed,food distribution point najikcha ki,food_water_request,mixed_dataset.csv
2908,mixed,khane panichaincha,food_water_request,mixed_dataset.csv
2909,mixed,ok bye ta dhanyabbad,goodbye_thanks,mixed_dataset.csv
2910,mixed,bhukampa apchi mero saathi lai bhettauna sakina,family_member_missing,mixed_dataset.csv
2911,mixed,mero bhai bhukampa pachi missin ghunuhuncha,family_member_missing,mixed_dataset.csv
2912,mixed,aago chittai failira xa hamro area ma pls,fire_incident_report,mixed_dataset.csv
2913,mixed,mero didi lai deeep wound xa,injury_report,mixed_dataset.csv
2914,mixed,buildig bata bahira niskane safest tarika,evacuation_guidance_query,mixed_dataset.csv
2915,mixed,bihana dekhi mero bhaibata khabar xaina,family_member_missing,mixed_dataset.csv
2916,mixed,wall bhatkiyo road ma,building_collapse_report,mixed_dataset.csv
2917,mixed,sos sos help,sos_help_request,mixed_dataset.csv
2918,mixed,gaun jana sakidaina road band cha,road_blockage_report,mixed_dataset.csv
2919,mixed,mero didisanga abhi reunite bhayo,family_reunification_status,mixed_dataset.csv
2920,mixed,Kathmandu ma fire lagyo asap,fire_incident_report,mixed_dataset.csv
2921,mixed,ahilek garne ma,status_check_general,mixed_dataset.csv
2922,mixed,meroo buwa lai deep wound xa,injury_report,mixed_dataset.csv
2923,mixed,justt testing 123,fallback_unclear,mixed_dataset.csv
2924,mixed,yo ghar ma basna afe cha ki xaina,building_damage_check,mixed_dataset.csv
2925,mixed,koi vane help gara na urgent pls,sos_help_request,mixed_dataset.csv
2926,mixed,mero bhai sanga contacttutyo,family_member_missing,mixed_dataset.csv
2927,mixed,fire brigade kocontact number,emergency_contact_request,mixed_dataset.csv
2928,mixed,hello daik cha khabar,greeting,mixed_dataset.csv
2929,mixed,mero buwa lai deep wound xxa,injury_report,mixed_dataset.csv
2930,mixed,power outagec ha hamro area ma,power_outage_report,mixed_dataset.csv
2931,mixed,hamro area ko lagi evacuation plan,evacuation_guidance_query,mixed_dataset.csv
2932,mixed,mero aama unconscious bayo,medical_emergency_request,mixed_dataset.csv
2933,mixed,relief cmp ma mero aama bhetiyo,family_reunification_status,mixed_dataset.csv
2934,mixed,debris le highway band bhaayo,road_blockage_report,mixed_dataset.csv
2935,mixed,wall m acrack dekhiyo,building_damage_check,mixed_dataset.csv
2936,mixed,ghar baliraxa fire brigade chai,fire_incident_report,mixed_dataset.csv
2937,mixed,tapai k k garna saknu hunncha,fallback_unclear,mixed_dataset.csv
2938,mixed,mero bhai lai badly innjury bhayo,injury_report,mixed_dataset.csv
2939,mixed,bhukampa gayo Pokhraa ma,earthquake_occurring_report,mixed_dataset.csv
2940,mixed,evacuation koroute k ho,evacuation_guidance_query,mixed_dataset.csv
2941,mixed,mero didi debris mun thuniyo,trapped_debris_report,mixed_dataset.csv
2942,mixed,raagat bagna roknu ko upaya k ho plz,first_aid_query,mixed_dataset.csv
2943,mixed,hii tapia ko naam k ho,greeting,mixed_dataset.csv
2944,mixed,ghar bhatkiyo Kathmandu ma,building_collapse_report,mixed_dataset.csv
2945,mixed,head injury bhayodebris khaseko le,injury_report,mixed_dataset.csv
2946,mixed,haat bhachiyo help chai help,injury_report,mixed_dataset.csv
2947,mixed,merobuwa debris muni thuniyo,trapped_debris_report,mixed_dataset.csv
2948,mixed,mero aama safe cha vanera status update garna man xa,family_reunification_status,mixed_dataset.csv
2949,mixed,pura building dalyo hamro area ma,building_collapse_report,mixed_dataset.csv
2950,mixed,hi bhai kasto cha,greeting,mixed_dataset.csv
2951,mixed,dhanyabad ekdum helpful thiyo,goodbye_thanks,mixed_dataset.csv
2952,mixed,relief camp ma mero bhai bhetiyo,family_reunification_status,mixed_dataset.csv
2953,mixed,mero aama laai chest ma dukheko xa,medical_emergency_request,mixed_dataset.csv
2954,mixed,merobhai lai safely locate garya,family_reunification_status,mixed_dataset.csv
2955,mixed,head injurybhayo debris khaseko le,injury_report,mixed_dataset.csv
2956,mixed,mero bhai ghar aaunu bhako xaina ahile samma,family_member_missing,mixed_dataset.csv
2957,mixed,yaha saaf panix aina,food_water_request,mixed_dataset.csv
2958,mixed,wall khaseko le mero bhai lai thichyo now,trapped_debris_report,mixed_dataset.csv
2959,mixed,sas pherna sakeko xainakoi,medical_emergency_request,mixed_dataset.csv
2960,mixed,mero bhai laiambulance chai urgent,medical_emergency_request,mixed_dataset.csv
2961,mixed,thank you dai nex ttime feri sodhchu,goodbye_thanks,mixed_dataset.csv
2962,mixed,mero ghar lai earthuake safe kasari banaune,preparedness_tips_query,mixed_dataset.csv
2963,mixed,bihana dekhi mero didi bata khabar xaina,family_member_missing,mixed_dataset.csv
2964,mixed,mero aama debris muni thuniyo urgent pls,trapped_debris_report,mixed_dataset.csv
2965,mixed,mero buwa lai ambulance chai urgent,medical_emergency_request,mixed_dataset.csv
2966,mixed,hijo dekhi khana xaiina,food_water_request,mixed_dataset.csv
2967,mixed,mero buwa lai safey locate garya,family_reunification_status,mixed_dataset.csv
2968,mixed,najikai ko apartmentbhatkiyo,building_collapse_report,mixed_dataset.csv
2969,mixed,building ma fire xa Kathmandu najik,fire_incident_report,mixed_dataset.csv
2970,mixed,poleko thau ko first aid,first_aid_query,mixed_dataset.csv
2971,mixed,hijo dekhi khana xaaina,food_water_request,mixed_dataset.csv
2972,mixed,haat ma minor chot xa now,injury_report,mixed_dataset.csv
2973,mixed,doctor chai ax abhi nai,medical_emergency_request,mixed_dataset.csv
2974,mixed,mreo didi ko phone lagdaina bhukampa dekhi,family_member_missing,mixed_dataset.csv
2975,mixed,ambulancechaincha malai,medical_emergency_request,mixed_dataset.csv
2976,mixed,sos malai help chai,sos_help_request,mixed_dataset.csv
2977,mixed,emergecny contact number haru ko list,emergency_contact_request,mixed_dataset.csv
2978,mixed,mero aama debris muni thuniyo,trapped_debris_report,mixed_dataset.csv
2979,mixed,help pls ma dheraai fright ma xu,sos_help_request,mixed_dataset.csv
2980,mixed,bhachiyko haat ko first aid k ho,first_aid_query,mixed_dataset.csv
2981,mixed,hi maali chahiyo help,greeting,mixed_dataset.csv
2982,mixed,food distribution point najik cha ki asap,food_water_request,mixed_dataset.csv
2983,mixed,hamro area ma power line khaseko cha,power_outage_report,mixed_dataset.csv
2984,mixed,gharbhatkiyo Kathmandu ma,building_collapse_report,mixed_dataset.csv
2985,mixed,hellp garnu na plz,sos_help_request,mixed_dataset.csv
2986,mixed,rleief camp ma mero didi bhetiyo,family_reunification_status,mixed_dataset.csv
2987,mixed,rescue chai x ma thuniyeko xu,trapped_debris_report,mixed_dataset.csv
2988,mixed,mero bhai debris munithuniyo,trapped_debris_report,mixed_dataset.csv
2989,mixed,saaf khane pani urgent chai,food_water_request,mixed_dataset.csv
2990,mixed,food distribution point najik cha ki,food_water_request,mixed_dataset.csv
2991,mixed,mero didi ghar aaunu bhako xaina ahile samma,family_member_missing,mixed_dataset.csv
2992,mixed,bhukampa gayo Kathmandu ma,earthquake_occurring_report,mixed_dataset.csv
2993,mixed,dherai raagat bagira xa meic chai xa,medical_emergency_request,mixed_dataset.csv
2994,mixed,ok got it dhnayabad bahini,goodbye_thanks,mixed_dataset.csv
2995,mixed,najikai ko apartment bhatkiyo now,building_collapse_report,mixed_dataset.csv
2996,mixed,baby formula ra panichai,food_water_request,mixed_dataset.csv
2997,mixed,immediate help chai xa urgent pls,sos_help_request,mixed_dataset.csv
2998,mixed,Kathmandu ma safe zonekaha cha,safe_location_query,mixed_dataset.csv
2999,mixed,hey bot k xa halkhabar now,greeting,mixed_dataset.csv
3000,mixed,merosaathi lai ambulance chai urgent,medical_emergency_request,mixed_dataset.csv
3001,mixed,najikai ko safe zonee kaha cha,safe_location_query,mixed_dataset.csv
3002,mixed,wall bhatkiyo road ma now,building_collapse_report,mixed_dataset.csv
3003,mixed,Ktahmandu jana sakidaina road band cha,road_blockage_report,mixed_dataset.csv
3004,mixed,hamroo area ma power line khaseko cha,power_outage_report,mixed_dataset.csv
3005,mixed,mero saathi haru ra kids ko lagi shelter chai,shelter_request,mixed_dataset.csv
3006,mixed,mero didi laibadly injury bhayo,injury_report,mixed_dataset.csv
3007,mixed,bhukampa ko jhatka abhi feel bhayo,earthquake_occurring_report,mixed_dataset.csv
3008,mixed,Kathmandu ma safe zone kaha cha,safe_location_query,mixed_dataset.csv
3009,mixed,help pls ma dherai frihgt ma xu,sos_help_request,mixed_dataset.csv
3010,mixed,random type gardai xu,fallback_unclear,mixed_dataset.csv
3011,mixed,mero didi ghar aaunu bhako xaina ahile samma help,family_member_missing,mixed_dataset.csv
3012,mixed,mero didi lai badly injjury bhayo,injury_report,mixed_dataset.csv
3013,mixed,emregency kit ma k k hunu parxa,preparedness_tips_query,mixed_dataset.csv
3014,mixed,mero bhailai deep wound xa,injury_report,mixed_dataset.csv
3015,mixed,building ma fire xa school najik najik urgent pls,fire_incident_report,mixed_dataset.csv
3016,mixed,emergency kit ma k k hunu parxa,preparedness_tips_query,mixed_dataset.csv
3017,mixed,evacuation ko lagi khulla thau kaha cha,safe_location_query,mixed_dataset.csv
3018,mixed,mero ghar ma crack aayo safe chaki,building_damage_check,mixed_dataset.csv
3019,mixed,aftershock kati strong huncha help,aftershock_information_query,mixed_dataset.csv
3020,mixed,mero buwa lai deep wound xa,injury_report,mixed_dataset.csv
3021,mixed,mero saathi unconscious bhayo,medical_emergency_request,mixed_dataset.csv
3022,mixed,ambulance ko number k ho,emergency_contact_request,mixed_dataset.csv
3023,mixed,thank u sir ali help bhayo now,goodbye_thanks,mixed_dataset.csv
3024,mixed,hi malai chahhiyo help,greeting,mixed_dataset.csv
3025,mixed,relief camp ma merobuwa bhetiyo,family_reunification_status,mixed_dataset.csv
3026,mixed,thanks bro ekdam ramro jankari,goodbye_thanks,mixed_dataset.csv
3027,mixed,emergency contac tnumber haru ko list,emergency_contact_request,mixed_dataset.csv
3028,mixed,malai thaha xaina k gaarne,status_check_general,mixed_dataset.csv
3029,mixed,bhukmpa gayo mero ghar najik ma,earthquake_occurring_report,mixed_dataset.csv
3030,mixed,wall ma crack dekhiyo plz,building_damage_check,mixed_dataset.csv
3031,mixed,ghar bhitra farkana mmilxa ki,building_damage_check,mixed_dataset.csv
3032,mixed,family ko lgai food supply chai,food_water_request,mixed_dataset.csv
3033,mixed,bhukampa dekhi bijuli xaia,power_outage_report,mixed_dataset.csv
3034,mixed,shelter chaincha mero faimly ko lagi,shelter_request,mixed_dataset.csv
3035,mixed,hey bot k a halkhabar,greeting,mixed_dataset.csv
3036,mixed,ghar bhtkiyo Kathmandu ma,building_collapse_report,mixed_dataset.csv
3037,mixed,gaun najik k opul bhatkiyo,road_blockage_report,mixed_dataset.csv
3038,mixed,bhukampa ko jhatka 5 minute agadi feel bhayo help,earthquake_occurring_report,mixed_dataset.csv
3039,mixed,just testing 1223,fallback_unclear,mixed_dataset.csv
3040,mixed,Kathandu ma safe zone kaha cha,safe_location_query,mixed_dataset.csv
3041,mixed,main road band cha,road_blockage_report,mixed_dataset.csv
3042,mixed,electtrical fire lagyo,fire_incident_report,mixed_dataset.csv
3043,mixed,ahile k grnu parxa,status_check_general,mixed_dataset.csv
3044,mixed,malai nikalnu hos thuniyeko xu pls,trapped_debris_report,mixed_dataset.csv
3045,mixed,Kathmanduu ma fire lagyo,fire_incident_report,mixed_dataset.csv
3046,mixed,ok bye ta dhanyabad,goodbye_thanks,mixed_dataset.csv
3047,mixed,mero saathi debrismuni thuniyo,trapped_debris_report,mixed_dataset.csv
3048,mixed,gas stove le aagolagyo,fire_incident_report,mixed_dataset.csv
3049,mixed,Kathmandu jana sakidaina road band cha asap,road_blockage_report,mixed_dataset.csv
3050,mixed,wall khaseko le mero saathi lai thiichyo,trapped_debris_report,mixed_dataset.csv
3051,mixed,gana gauna sakn uhuncha,fallback_unclear,mixed_dataset.csv
3052,mixed,tourist police konumber dinu hos,emergency_contact_request,mixed_dataset.csv
3053,mixed,sas phherna sakeko xaina koi,medical_emergency_request,mixed_dataset.csv
3054,mixed,mero aama pinned under debris malia help chai,trapped_debris_report,mixed_dataset.csv
3055,mixed,cylinder batagas chuhi raxa,gas_leak_report,mixed_dataset.csv
3056,mixed,bhachiyeko haat o first aid k ho,first_aid_query,mixed_dataset.csv
3057,mixed,ghar bhatkiyo hamro area ma???,building_collapse_report,mixed_dataset.csv
3058,mixed,pura building dhalyo hamro areama,building_collapse_report,mixed_dataset.csv
3059,mixed,medical emergency cha help garnu help,medical_emergency_request,mixed_dataset.csv
3060,mixed,hi bhaikasto cha,greeting,mixed_dataset.csv
3061,mixed,aago lagyo bhukampa pachi pls,fire_incident_report,mixed_dataset.csv
3062,mixed,"dhanyabad, bye bye",goodbye_thanks,mixed_dataset.csv
3063,mixed,safe place kaha cha,safe_location_query,mixed_dataset.csv
3064,mixed,mero buwa unconscious bhayo,medical_emergency_request,mixed_dataset.csv
3065,mixed,hamro area najik ko pul bhatkiyo,road_blockage_report,mixed_dataset.csv
3066,mixed,ahile ko situation kk ho,status_check_general,mixed_dataset.csv
3067,mixed,bhukampa ko jhatka aaile feel bhayo,earthquake_occurring_report,mixed_dataset.csv
3068,mixed,joke bhanna saknu huncha now,fallback_unclear,mixed_dataset.csv
3069,mixed,building aliakti tilt bhao danger cha ki,building_damage_check,mixed_dataset.csv
3070,mixed,aago chittai failira xa Kathmandu ma???,fire_incident_report,mixed_dataset.csv
3071,mixed,police emergency number dinu hhos,emergency_contact_request,mixed_dataset.csv
3072,mixed,help garnuna plz,sos_help_request,mixed_dataset.csv
3073,mixed,building bata evacuate garne steps now,evacuation_guidance_query,mixed_dataset.csv
3074,mixed,mero aama unconscious bhayo,medical_emergency_request,mixed_dataset.csv
3075,mixed,mausam kasto ccha,fallback_unclear,mixed_dataset.csv
3076,mixed,chat khasyo bhukampa ma,building_collapse_report,mixed_dataset.csv
3077,mixed,kun khulla thau safe cha gather garna!!!,safe_location_query,mixed_dataset.csv
3078,mixed,strong tremor bhuampa jasto,earthquake_occurring_report,mixed_dataset.csv
3079,mixed,bhukampa aayo help,earthquake_occurring_report,mixed_dataset.csv
3080,mixed,trapped xughar bhatkeko debris muni,trapped_debris_report,mixed_dataset.csv
3081,mixed,relief camp ma meero aama bhetiyo,family_reunification_status,mixed_dataset.csv
3082,mixed,aago chittai failira xa hamro area ma,fire_incident_report,mixed_dataset.csv
3083,mixed,polekothau ko first aid,first_aid_query,mixed_dataset.csv
3084,mixed,bhukampagayo hamro area ma,earthquake_occurring_report,mixed_dataset.csv
3085,mixed,k garne vannera guide garnu hos,status_check_general,mixed_dataset.csv
3086,mixed,relief camp m mero bhai bhetiyo,family_reunification_status,mixed_dataset.csv
3087,mixed,bhukampa report garna man xa Gorkha ma urgent pls,earthquake_occurring_report,mixed_dataset.csv
3088,mixed,gharbhatkiyo gaun ma,building_collapse_report,mixed_dataset.csv
3089,mixed,earthquake agadi k k ready rakhne urgent pls,preparedness_tips_query,mixed_dataset.csv
3090,mixed,Kathmandu najik gas leak bhayo urgent pls,gas_leak_report,mixed_dataset.csv
3091,mixed,earthquake bhyo hamro area ma,earthquake_occurring_report,mixed_dataset.csv
3092,mixed,help asap malai dheerai dar lagyo,sos_help_request,mixed_dataset.csv
3093,mixed,bhukampa gayo mero ghar najik ma,earthquake_occurring_report,mixed_dataset.csv
3094,mixed,trapped xu ghar bhatkeko debris muni,trapped_debris_report,mixed_dataset.csv
3095,mixed,hey bhaujuk  cha,greeting,mixed_dataset.csv
3096,mixed,ambulance chaincha malai pls,medical_emergency_request,mixed_dataset.csv
3097,mixed,mero buwa ko phone lagdaina bhukampa deekhi,family_member_missing,mixed_dataset.csv
3098,mixed,hello dai k cha khabar,greeting,mixed_dataset.csv
3099,mixed,malaai pillar le thichyo cannot move,trapped_debris_report,mixed_dataset.csv
3100,mixed,raati basna tent chai,shelter_request,mixed_dataset.csv
3101,mixed,gaun jana skidaina road band cha,road_blockage_report,mixed_dataset.csv
3102,mixed,building safe cha ki kaasari thaha pauney,building_damage_check,mixed_dataset.csv
3103,mixed,pura building dhalyo Kathmanduma,building_collapse_report,mixed_dataset.csv
3104,mixed,bhukampa aayo abhi,earthquake_occurring_report,mixed_dataset.csv
3105,mixed,building bata bahira niiskane safest tarika,evacuation_guidance_query,mixed_dataset.csv
3106,mixed,hamro area ko lagi aftershock warning!!!,aftershock_information_query,mixed_dataset.csv
3107,mixed,Kathmandu najik gas leak bhayo,gas_leak_report,mixed_dataset.csv
3108,mixed,kitchen ma gas dherai chuhira xa,gas_leak_report,mixed_dataset.csv
3109,mixed,just testing123,fallback_unclear,mixed_dataset.csv
3110,mixed,big bhukampajasto lagyo,earthquake_occurring_report,mixed_dataset.csv
3111,mixed,next steps k ho bhannu hos,status_check_general,mixed_dataset.csv
3112,mixed,khane pani chainha,food_water_request,mixed_dataset.csv
3113,mixed,road block bhayo landslide le gaaun najik,road_blockage_report,mixed_dataset.csv
3114,mixed,ambulance ko number  kho,emergency_contact_request,mixed_dataset.csv
3115,mixed,thank you dai nex time feri sodhchu,goodbye_thanks,mixed_dataset.csv
3116,mixed,building ma fire xa Kathmandu najiik,fire_incident_report,mixed_dataset.csv
3117,mixed,earthquake go bag kasari prepare garne urgent pls,preparedness_tips_query,mixed_dataset.csv
3118,mixed,wall khaseko le mero saathi lai tichyo,trapped_debris_report,mixed_dataset.csv
3119,mixed,bhukampa report garna man xa Kathmandu ma,earthquake_occurring_report,mixed_dataset.csv
3120,mixed,earthquake agadi k k ready rakhne,preparedness_tips_query,mixed_dataset.csv
3121,mixed,mero bhai unconscious hbayo,medical_emergency_request,mixed_dataset.csv
3122,mixed,bhukampa pcahi k garne,status_check_general,mixed_dataset.csv
3123,mixed,bhetieko family member lai kasari register arne,family_reunification_status,mixed_dataset.csv
3124,mixed,head injury bhayo debris khaseko le,injury_report,mixed_dataset.csv
3125,mixed,sos soshelp,sos_help_request,mixed_dataset.csv
3126,mixed,red cross ko helpline number asap,emergency_contact_request,mixed_dataset.csv
3127,mixed,haat ma minor chot xa,injury_report,mixed_dataset.csv
3128,mixed,aago chittai failira xa bazaar ma pls,fire_incident_report,mixed_dataset.csv
3129,mixed,khana ra pan sakiyo,food_water_request,mixed_dataset.csv
3130,mixed,mero didi ko phone lagdaina bhukampa dehki,family_member_missing,mixed_dataset.csv
3131,mixed,hamro area najik ko upl bhatkiyo,road_blockage_report,mixed_dataset.csv
3132,mixed,sabai hallyo bhukaampa le,earthquake_occurring_report,mixed_dataset.csv
3133,mixed,bhukampa rreport garna man xa Pokhara ma,earthquake_occurring_report,mixed_dataset.csv
3134,mixed,2 din dekhi bijuli xaina pls,power_outage_report,mixed_dataset.csv
3135,mixed,bihana dekhi mero bhai bata khabarxaina,family_member_missing,mixed_dataset.csv
3136,mixed,ghar collapse bhayo hamib hitra fasyou,trapped_debris_report,mixed_dataset.csv
3137,mixed,wall khaseko le mero bai lai thichyo,trapped_debris_report,mixed_dataset.csv
3138,mixed,pani ko supply badn bhayo pani chai,food_water_request,mixed_dataset.csv
3139,mixed,mero family member safebhetiyo,family_reunification_status,mixed_dataset.csv
3140,mixed,bachcha haru lai earthquake dril lko lagi kasari prepare garne,preparedness_tips_query,mixed_dataset.csv
3141,mixed,aftershoock kati samma rahanxa,aftershock_information_query,mixed_dataset.csv
3142,mixed,Kathmandu jana skidaina road band cha,road_blockage_report,mixed_dataset.csv
3143,mixed,strong gas smell xa building ma,gas_leak_report,mixed_dataset.csv
3144,mixed,building aliakti tilt bhayo danger cha ki,building_damage_check,mixed_dataset.csv
3145,mixed,mauusam kasto cha,fallback_unclear,mixed_dataset.csv
3146,mixed,mero didi debri smuni thuniyo,trapped_debris_report,mixed_dataset.csv
3147,mixed,bhukampa ko jhatka aaile feel bhayo!!!,earthquake_occurring_report,mixed_dataset.csv
3148,mixed,pleaserescue me malai help chai,sos_help_request,mixed_dataset.csv
3149,mixed,mero bhai lai deep woound xa,injury_report,mixed_dataset.csv
3150,mixed,bhiana dekhi mero buwa bata khabar xaina,family_member_missing,mixed_dataset.csv
3151,mixed,pregnant lady lai emergency care chai plz,medical_emergency_request,mixed_dataset.csv
3152,mixed,power outage cha Kathmandu ma,power_outage_report,mixed_dataset.csv
3153,mixed,please help garnu bhaai,sos_help_request,mixed_dataset.csv
3154,mixed,2 din dekhi bijuli xaina???,power_outage_report,mixed_dataset.csv
3155,mixed,mero saathi lai ammbulance chai urgent,medical_emergency_request,mixed_dataset.csv
3156,mixed,Kathmandu maambulance patau na,medical_emergency_request,mixed_dataset.csv
3157,mixed,aftershock kat istrong huncha,aftershock_information_query,mixed_dataset.csv
3158,mixed,cannot move stuck underconcrete malai,trapped_debris_report,mixed_dataset.csv
3159,mixed,hamro area ma bijulikatti bhayo,power_outage_report,mixed_dataset.csv
3160,mixed,dhanyabad ekdum helpful thiyo plz,goodbye_thanks,mixed_dataset.csv
3161,mixed,mero didi pinned under debris malai help chai,trapped_debris_report,mixed_dataset.csv
3162,mixed,hamro area ko algi evacuation plan,evacuation_guidance_query,mixed_dataset.csv
3163,mixed,bhukampa pachi mero saathi lai bhettauna sakina,family_member_missing,mixed_dataset.csv
3164,mixed,bhukampa gayo hamr oarea ma,earthquake_occurring_report,mixed_dataset.csv
3165,mixed,electrical fire lagyo,fire_incident_report,mixed_dataset.csv
3166,mixed,earthquake preparedness k otips dinu hos,preparedness_tips_query,mixed_dataset.csv
3167,mixed,malai pillar le thichyo cannot move,trapped_debris_report,mixed_dataset.csv
3168,mixed,sas pherna sakeko xaina koi,medical_emergency_request,mixed_dataset.csv
3169,mixed,mero saathi pinned under debris malai help chai,trapped_debris_report,mixed_dataset.csv
3170,mixed,immedite help chai xa,sos_help_request,mixed_dataset.csv
3171,mixed,please rescue me mlai help chai,sos_help_request,mixed_dataset.csv
3172,mixed,gana gauna saknuhuncha,fallback_unclear,mixed_dataset.csv
3173,mixed,hostel ma ambulance patau na,medical_emergency_request,mixed_dataset.csv
3174,mixed,bhukampa report garna man xaGorkha ma,earthquake_occurring_report,mixed_dataset.csv
3175,mixed,road block bhayo landslide le hamro aarea najik,road_blockage_report,mixed_dataset.csv
3176,mixed,budo budi sanga kasari evacuate garne,evacuation_guidance_query,mixed_dataset.csv
3177,mixed,dheai raagat bagira xa medic chai xa,medical_emergency_request,mixed_dataset.csv
3178,mixed,khane pani chaincha now,food_water_request,mixed_dataset.csv
3179,mixed,hello ji sanchhai hunuhuncha,greeting,mixed_dataset.csv
3180,mixed,bihana dekhimero mama bata khabar xaina,family_member_missing,mixed_dataset.csv
3181,mixed,ghau ma bandage kasari garne,first_aid_query,mixed_dataset.csv
3182,mixed,mausam kastocha,fallback_unclear,mixed_dataset.csv
3183,mixed,thanksbro ekdam ramro jankari,goodbye_thanks,mixed_dataset.csv
3184,mixed,bihana dekih mero didi bata khabar xaina,family_member_missing,mixed_dataset.csv
3185,mixed,hamro ghar najik gas leak bhayo,gas_leak_report,mixed_dataset.csv
3186,mixed,building m fire xa Kathmandu najik,fire_incident_report,mixed_dataset.csv
3187,mixed,chat khasyobhukampa ma,building_collapse_report,mixed_dataset.csv
3188,mixed,mero buwa lai safely locaet garya,family_reunification_status,mixed_dataset.csv
3189,mixed,school najik ma firee lagyo,fire_incident_report,mixed_dataset.csv
3190,mixed,mero ghar lai earthquake safe kasari banaune,preparedness_tips_query,mixed_dataset.csv
3191,mixed,k ho yo bot,fallback_unclear,mixed_dataset.csv
3192,mixed,hey bhauju k cha asap,greeting,mixed_dataset.csv
3193,mixed,poleko thau ko firts aid,first_aid_query,mixed_dataset.csv
3194,mixed,main road ban dcha,road_blockage_report,mixed_dataset.csv
3195,mixed,mero didi pinned under debrism alai help chai,trapped_debris_report,mixed_dataset.csv
3196,mixed,school najik ma firelagyo,fire_incident_report,mixed_dataset.csv
3197,mixed,khanara pani sakiyo,food_water_request,mixed_dataset.csv
3198,mixed,hamro ghar najiik gas leak bhayo,gas_leak_report,mixed_dataset.csv
3199,mixed,random tye gardai xu,fallback_unclear,mixed_dataset.csv
3200,mixed,arko bhukampa aaunxaki,aftershock_information_query,mixed_dataset.csv
3201,mixed,pani ko supply band bhayo pani chai,food_water_request,mixed_dataset.csv
3202,mixed,hiik help garna saknu hunxa,greeting,mixed_dataset.csv
3203,mixed,bhukampa report garna man xa Gorkha ma asap,earthquake_occurring_report,mixed_dataset.csv
3204,mixed,namaste ma euta prashna sodhna chahanchu,greeting,mixed_dataset.csv
3205,mixed,ahlie k garnu parxa,status_check_general,mixed_dataset.csv
3206,mixed,mero saathi unconsciuos bhayo,medical_emergency_request,mixed_dataset.csv
3207,mixed,k garne vanera guide garnu hos,status_check_general,mixed_dataset.csv
3208,mixed,emergency supplies kati choti check garne pls,preparedness_tips_query,mixed_dataset.csv
3209,mixed,kitchen ma aago lagyo bhukampa ko bela,fire_incident_report,mixed_dataset.csv
3210,mixed,brick khasekole lagyo,injury_report,mixed_dataset.csv
3211,mixed,ahile k action linu aprxa,status_check_general,mixed_dataset.csv
3212,mixed,school najik ma fire lagyo,fire_incident_report,mixed_dataset.csv
3213,mixed,ok tanks bye is ma jaanchu,goodbye_thanks,mixed_dataset.csv
3214,mixed,mero aama ghar aaunu bhako xaina ahile samma now,family_member_missing,mixed_dataset.csv
3215,mixed,mainn road band cha,road_blockage_report,mixed_dataset.csv
3216,mixed,fire brigade ko contact number,emergency_contact_request,mixed_dataset.csv
3217,mixed,eathquake preparedness ko tips dinu hos,preparedness_tips_query,mixed_dataset.csv
3218,mixed,earthquake bhayo hamro area ma,earthquake_occurring_report,mixed_dataset.csv
3219,mixed,ghar bhatkiyo hamr oarea ma,building_collapse_report,mixed_dataset.csv
3220,mixed,bhukampa paci mero saathi lai bhettauna sakina,family_member_missing,mixed_dataset.csv
3221,mixed,bhukampa pachi mero bhai li bhettauna sakina,family_member_missing,mixed_dataset.csv
3222,mixed,road blockbhayo landslide le gaun najik,road_blockage_report,mixed_dataset.csv
3223,mixed,strong gas smell xa building ma!!!,gas_leak_report,mixed_dataset.csv
3224,mixed,hami kaha shelter linna sakxam safly,safe_location_query,mixed_dataset.csv
3225,mixed,raagat bagna roknu ko upaya k ho,first_aid_query,mixed_dataset.csv
3226,mixed,Kathmandu am power line khaseko cha,power_outage_report,mixed_dataset.csv
3227,mixed,mero gar ma ambulance patau na,medical_emergency_request,mixed_dataset.csv
3228,mixed,mero buwa pinnedunder debris malai help chai,trapped_debris_report,mixed_dataset.csv
3229,mixed,power outage cha Kathmanu ma,power_outage_report,mixed_dataset.csv
3230,mixed,ok got it dhanyabad bahini,goodbye_thanks,mixed_dataset.csv
3231,mixed,yo ghar ma basna safe cha ki xaina,building_damage_check,mixed_dataset.csv
3232,mixed,mero bhai lai deep woud xa,injury_report,mixed_dataset.csv
3233,mixed,hamro ghar pura bhatkiyo pls,building_collapse_report,mixed_dataset.csv
3234,mixed,mero buwa sanga abhi reunitebhayo,family_reunification_status,mixed_dataset.csv
3235,mixed,wall khaseko le mero saathi lai thichyo help,trapped_debris_report,mixed_dataset.csv
3236,mixed,"namaste, areyou there",greeting,mixed_dataset.csv
3237,mixed,mero aama lai ambulance chai urgent???,medical_emergency_request,mixed_dataset.csv
3238,mixed,wall khasekoo le mero didi lai thichyo,trapped_debris_report,mixed_dataset.csv
3239,mixed,doctor chai xa abhi nai,medical_emergency_request,mixed_dataset.csv
3240,mixed,bihana dekhi mero aama bata khabar xaina,family_member_missing,mixed_dataset.csv
3241,mixed,earthquake go bag kasari prepare garne,preparedness_tips_query,mixed_dataset.csv
3242,mixed,mero buwa pinned under debris mala help chai,trapped_debris_report,mixed_dataset.csv
3243,mixed,temporar yshelter kaha paunxa,shelter_request,mixed_dataset.csv
3244,mixed,building ma fire xa hamro area najik,fire_incident_report,mixed_dataset.csv
3245,mixed,chat khasyo bhukampa ma pls,building_collapse_report,mixed_dataset.csv
3246,mixed,hostel najik gas leak bhayo now,gas_leak_report,mixed_dataset.csv
3247,mixed,kitchen mag as dherai chuhira xa,gas_leak_report,mixed_dataset.csv
3248,mixed,mero lai helpchaincha,sos_help_request,mixed_dataset.csv
3249,mixed,bhukampa pachi mero mama laibhettauna sakina,family_member_missing,mixed_dataset.csv
3250,mixed,mero bhai pinned under deris malai help chai,trapped_debris_report,mixed_dataset.csv
3251,mixed,mero aama buwa ra ids ko lagi shelter chai,shelter_request,mixed_dataset.csv
3252,mixed,raati bsna tent chai,shelter_request,mixed_dataset.csv
3253,mixed,gana gauna saknu huncha,fallback_unclear,mixed_dataset.csv
3254,mixed,bhukampa pachi mero aama lai bhettauna sakina,family_member_missing,mixed_dataset.csv
3255,mixed,ahile ko situation k ho help,status_check_general,mixed_dataset.csv
3256,mixed,mero ghar ma help chai xa plz,sos_help_request,mixed_dataset.csv
3257,mixed,ankle sprain bhayohidna sakina,injury_report,mixed_dataset.csv
3258,mixed,bhukampa pachi mero didi lai bhettauna sakina urgent pls,family_member_missing,mixed_dataset.csv
3259,mixed,namaste can you help mme,greeting,mixed_dataset.csv
3260,mixed,aago chittai failira xa school najik ma???,fire_incident_report,mixed_dataset.csv
3261,mixed,mero bhai sanga ocntact tutyo,family_member_missing,mixed_dataset.csv
3262,mixed,brick khaseko le lagyo asap,injury_report,mixed_dataset.csv
3263,mixed,mero saathi lai badly injuryb hayo,injury_report,mixed_dataset.csv
3264,mixed,safe place kahacha,safe_location_query,mixed_dataset.csv
3265,mixed,haat bhachiyo help chai???,injury_report,mixed_dataset.csv
3266,mixed,mero saathipinned under debris malai help chai,trapped_debris_report,mixed_dataset.csv
3267,mixed,mero mama ko phone lagdaina bhukampa dekhi???,family_member_missing,mixed_dataset.csv
3268,mixed,taauko bata aragat bagira xa,injury_report,mixed_dataset.csv
3269,mixed,bhukampa report garna mman xa mero ghar najik ma,earthquake_occurring_report,mixed_dataset.csv
3270,mixed,mero ghar mahelp chai xa,sos_help_request,mixed_dataset.csv
3271,mixed,shelter chainca mero family ko lagi,shelter_request,mixed_dataset.csv
3272,mixed,ghar bhatkiyo gaun ma,building_collapse_report,mixed_dataset.csv
3273,mixed,hamroarea najik ko pul bhatkiyo,road_blockage_report,mixed_dataset.csv
3274,mixed,ghar collapse bhayohami bhitra fasyou,trapped_debris_report,mixed_dataset.csv
3275,mixed,debris le highway band bhayo,road_blockage_report,mixed_dataset.csv
3276,mixed,hi are u working offline,greeting,mixed_dataset.csv
3277,mixed,hello daimalai kehi sodhnu thiyo,greeting,mixed_dataset.csv
3278,mixed,hello dai k cha khabar help,greeting,mixed_dataset.csv
3279,mixed,wall bhatkiyo roadma,building_collapse_report,mixed_dataset.csv
3280,mixed,bhukampa dekhi bijulixaina,power_outage_report,mixed_dataset.csv
3281,mixed,tapai kati umer ko hunuhuncha,fallback_unclear,mixed_dataset.csv
3282,mixed,meroaama lai ambulance chai urgent,medical_emergency_request,mixed_dataset.csv
3283,mixed,gas stove le aagoo lagyo,fire_incident_report,mixed_dataset.csv
3284,mixed,building ma fire xa school najik najik asap,fire_incident_report,mixed_dataset.csv
3285,mixed,relief capm najik cha ki,shelter_request,mixed_dataset.csv
3286,mixed,helpp asap malai dherai dar lagyo,sos_help_request,mixed_dataset.csv
3287,mixed,ahile ko situation k ho,status_check_general,mixed_dataset.csv
3288,mixed,wall khaseko le mero ama lai thichyo,trapped_debris_report,mixed_dataset.csv
3289,mixed,mero familyra kids ko lagi shelter chai,shelter_request,mixed_dataset.csv
3290,mixed,merofamily member safe bhetiyo,family_reunification_status,mixed_dataset.csv
3291,mixed,cylidner bata gas chuhi raxa,gas_leak_report,mixed_dataset.csv
3292,mixed,sprai bhayeko khutta ko lagi k garne,first_aid_query,mixed_dataset.csv
3293,mixed,bhukampa gayo hamro area ma,earthquake_occurring_report,mixed_dataset.csv
3294,mixed,merosaathi unconscious bhayo,medical_emergency_request,mixed_dataset.csv
3295,mixed,mero aama lai safely locateg arya,family_reunification_status,mixed_dataset.csv
3296,mixed,meor buwa lai deep wound xa,injury_report,mixed_dataset.csv
3297,mixed,hamro area ma fir lagyo,fire_incident_report,mixed_dataset.csv
3298,mixed,malai bachau please,sos_help_request,mixed_dataset.csv
3299,mixed,najkai ko apartment bhatkiyo,building_collapse_report,mixed_dataset.csv
3300,mixed,sos malai help chai urgent pls,sos_help_request,mixed_dataset.csv
3301,mixed,big bhukampa jasto lagyo,earthquake_occurring_report,mixed_dataset.csv
3302,mixed,bhukampa report garna man xa hamro area ma urgent pls,earthquake_occurring_report,mixed_dataset.csv
3303,mixed,wall ma thulo crack cha evacuate garne ki,building_damage_check,mixed_dataset.csv
3304,mixed,yo ghar ma basna safe cha ki xaina now,building_damage_check,mixed_dataset.csv
3305,mixed,koi cha helpgarne,sos_help_request,mixed_dataset.csv
3306,mixed,hllo dai k cha khabar,greeting,mixed_dataset.csv
3307,mixed,heyare you the earthquake bot,greeting,mixed_dataset.csv
3308,mixed,mero aama lai ambulance chai urgent,medical_emergency_request,mixed_dataset.csv
3309,mixed,wall khaseko le mero didi lai thichyo,trapped_debris_report,mixed_dataset.csv
3310,mixed,wall khaseko le mero buwalai thichyo,trapped_debris_report,mixed_dataset.csv
3311,mixed,yaha ma safe zone kaha cha now,safe_location_query,mixed_dataset.csv
3312,mixed,hostel najik gas leak bhayo???,gas_leak_report,mixed_dataset.csv
3313,mixed,hey are you the earthquake bot,greeting,mixed_dataset.csv
3314,mixed,merobhai sanga abhi reunite bhayo,family_reunification_status,mixed_dataset.csv
3315,mixed,ghar bhatkiyo hamro area ma,building_collapse_report,mixed_dataset.csv
3316,mixed,bhukampa ko jhatk 5 minute agadi feel bhayo,earthquake_occurring_report,mixed_dataset.csv
3317,mixed,please help garnu bhai,sos_help_request,mixed_dataset.csv
3318,mixed,road block bhayo landslide le hamro area najik help,road_blockage_report,mixed_dataset.csv
3319,mixed,ghar bata dhuwa airaxa asap,fire_incident_report,mixed_dataset.csv
3320,mixed,malai kaha jana safe hunccha,safe_location_query,mixed_dataset.csv
3321,mixed,wallk haseko le mero buwa lai thichyo,trapped_debris_report,mixed_dataset.csv
3322,mixed,bhukampa pachik garne,status_check_general,mixed_dataset.csv
3323,mixed,bhukampa gayo Kathmandu ma!!!,earthquake_occurring_report,mixed_dataset.csv
3324,mixed,sos sos heelp,sos_help_request,mixed_dataset.csv
3325,mixed,immeediate help chai xa,sos_help_request,mixed_dataset.csv
3326,mixed,bhukampa gayo Gorkha ma help,earthquake_occurring_report,mixed_dataset.csv
3327,mixed,hamro area ma safezone kaha cha,safe_location_query,mixed_dataset.csv
3328,mixed,bhukampa pachi mero mama lai bhettauna sakina urgent pls,family_member_missing,mixed_dataset.csv
3329,mixed,hamro raea najik ko pul bhatkiyo,road_blockage_report,mixed_dataset.csv
3330,mixed,saf eplace kaha cha,safe_location_query,mixed_dataset.csv
3331,mixed,koi vane help gaa na,sos_help_request,mixed_dataset.csv
3332,mixed,earthquake go bag kasari prepare garne asap,preparedness_tips_query,mixed_dataset.csv
3333,mixed,evacuation ko instructionsdinu hos,evacuation_guidance_query,mixed_dataset.csv
3334,mixed,schoool building half bhatkiyo,building_collapse_report,mixed_dataset.csv
3335,mixed,pura building dhalyo hamro area ma,building_collapse_report,mixed_dataset.csv
3336,mixed,mero mamasanga contact tutyo,family_member_missing,mixed_dataset.csv
3337,mixed,scholo najik ma fire lagyo,fire_incident_report,mixed_dataset.csv
3338,mixed,khutta ma cho tlagyo running bela,injury_report,mixed_dataset.csv
3339,mixed,"dhanyaabd, that helped a lot",goodbye_thanks,mixed_dataset.csv
3340,mixed,bab yformula ra pani chai,food_water_request,mixed_dataset.csv
3341,mixed,school building half bhatikyo,building_collapse_report,mixed_dataset.csv
3342,mixed,hamro ghar najik gas leakbhayo,gas_leak_report,mixed_dataset.csv
3343,mixed,bhukampa pachi k ggarne,status_check_general,mixed_dataset.csv
3344,mixed,bhukampa dekhi bijuli xaina,power_outage_report,mixed_dataset.csv
3345,mixed,mero bhai lai ambulance chai urgent,medical_emergency_request,mixed_dataset.csv
3346,mixed,yaha ma safe zone kaha cha,safe_location_query,mixed_dataset.csv
3347,mixed,trapped xu ghar bhatkeko debrsi muni,trapped_debris_report,mixed_dataset.csv
3348,mixed,furniture lai khasnu bata kasari secure garne,preparedness_tips_query,mixed_dataset.csv
3349,mixed,hii k help gara saknu hunxa,greeting,mixed_dataset.csv
3350,mixed,sabai hallyo bhukampa le!!!,earthquake_occurring_report,mixed_dataset.csv
3351,mixed,najik ko assembly point kaha cha asap,safe_location_query,mixed_dataset.csv
3352,mixed,malai thaha xaina k garne asap,status_check_general,mixed_dataset.csv
3353,mixed,behosh bhako manxe lai kasari help garne,first_aid_query,mixed_dataset.csv
3354,mixed,hii tapai ko naam k ho,greeting,mixed_dataset.csv
3355,mixed,mero bhai bhukampa pach missing hunuhuncha,family_member_missing,mixed_dataset.csv
3356,mixed,mero bhai sangaabhi reunite bhayo,family_reunification_status,mixed_dataset.csv
3357,mixed,hijo dekhi khana xaina urgent pls,food_water_request,mixed_dataset.csv
3358,mixed,raagat bagna roknu ko upayak ho,first_aid_query,mixed_dataset.csv
3359,mixed,bhukampa pachi mero mama lai bhettauna sakina,family_member_missing,mixed_dataset.csv
3360,mixed,evacuation k route k ho,evacuation_guidance_query,mixed_dataset.csv
3361,mixed,bazaar ma fire lagyo,fire_incident_report,mixed_dataset.csv
3362,mixed,gas ko smell airaxa bhukampa pachi,gas_leak_report,mixed_dataset.csv
3363,mixed,temporary shelter kaha paunxa now,shelter_request,mixed_dataset.csv
3364,mixed,"namastebot, are u online",greeting,mixed_dataset.csv
3365,mixed,ok bye t adhanyabad,goodbye_thanks,mixed_dataset.csv
3366,mixed,ankle sprain bhayo hidna sakina!!!,injury_report,mixed_dataset.csv
3367,mixed,school building half bhatkiyo,building_collapse_report,mixed_dataset.csv
3368,mixed,school area ma ambulance patau na,medical_emergency_request,mixed_dataset.csv
3369,mixed,bihana dekhii mero bhai bata khabar xaina,family_member_missing,mixed_dataset.csv
3370,mixed,ghar bhatkiyo hamro area ma pls,building_collapse_report,mixed_dataset.csv
3371,mixed,mero aama debris muni thniyo,trapped_debris_report,mixed_dataset.csv
3372,mixed,debris le highway band bayo,road_blockage_report,mixed_dataset.csv
3373,mixed,mero ghar ma crack aayo safe cha ki!!!,building_damage_check,mixed_dataset.csv
3374,mixed,bhukampa kojhatka aaile feel bhayo,earthquake_occurring_report,mixed_dataset.csv
3375,mixed,gs ko smell airaxa bhukampa pachi,gas_leak_report,mixed_dataset.csv
3376,mixed,bhukampa pachi k garne,status_check_general,mixed_dataset.csv
3377,mixed,strong gassmell xa building ma,gas_leak_report,mixed_dataset.csv
3378,mixed,earthquaake agadi k k ready rakhne,preparedness_tips_query,mixed_dataset.csv
3379,mixed,"dhanyabad, that heped a lot",goodbye_thanks,mixed_dataset.csv
3380,mixed,mero mama ko phone lagdaina bhukampa dekhi!!!,family_member_missing,mixed_dataset.csv
3381,mixed,Kathmandu ko lagi aftershocck warning,aftershock_information_query,mixed_dataset.csv
3382,mixed,mero aamako phone lagdaina bhukampa dekhi,family_member_missing,mixed_dataset.csv
3383,mixed,brick khaseko le lagyo,injury_report,mixed_dataset.csv
3384,mixed,khutta ma chot lagyo running bbela,injury_report,mixed_dataset.csv
3385,mixed,bachcha haru lai earthquake drill ko lagi kasari prepare garne plz,preparedness_tips_query,mixed_dataset.csv
3386,mixed,mero didi lai badly injury bhayo,injury_report,mixed_dataset.csv
3387,mixed,rescue chai xa ma thuniyekoxu,trapped_debris_report,mixed_dataset.csv
3388,mixed,cprkasari garne,first_aid_query,mixed_dataset.csv
3389,mixed,bhetieko family member laai kasari register garne,family_reunification_status,mixed_dataset.csv
3390,mixed,tent cmap ko location chai,shelter_request,mixed_dataset.csv
3391,mixed,hamro area ko lagi aftershock warning urgent pls,aftershock_information_query,mixed_dataset.csv
3392,mixed,Kathmandu ko lagi evaccuation plan,evacuation_guidance_query,mixed_dataset.csv
3393,mixed,meero didi lai safely locate garya,family_reunification_status,mixed_dataset.csv
3394,mixed,mero khutta ma chotlagyo,injury_report,mixed_dataset.csv
3395,mixed,mero khutta am chot lagyo,injury_report,mixed_dataset.csv
3396,mixed,abhi ghar bhitra jana milxaa ki,building_damage_check,mixed_dataset.csv
3397,mixed,mero bhai lai badly injury bhayo,injury_report,mixed_dataset.csv
3398,mixed,random tyype gardai xu,fallback_unclear,mixed_dataset.csv
3399,mixed,hamro ghar puar bhatkiyo,building_collapse_report,mixed_dataset.csv
3400,mixed,raati basna tentc hai,shelter_request,mixed_dataset.csv
3401,mixed,bhukampa report garna man xaPokhara ma,earthquake_occurring_report,mixed_dataset.csv
3402,mixed,aftershock kati samma rahanxa asap,aftershock_information_query,mixed_dataset.csv
3403,mixed,bhukampa gayomero ghar najik ma,earthquake_occurring_report,mixed_dataset.csv
3404,mixed,bihana deki mero aama bata khabar xaina,family_member_missing,mixed_dataset.csv
3405,mixed,bhukampa report garna man xa Gorkha ma,earthquake_occurring_report,mixed_dataset.csv
3406,mixed,gas leak bhayo ghar ma???,gas_leak_report,mixed_dataset.csv
3407,mixed,mero khutta ma chot lagyo,injury_report,mixed_dataset.csv
3408,mixed,kitchen m aago lagyo bhukampa ko bela,fire_incident_report,mixed_dataset.csv
3409,mixed,mero bhai lai chest am dukheko xa,medical_emergency_request,mixed_dataset.csv
3410,mixed,wall khaseo le mero buwa lai thichyo,trapped_debris_report,mixed_dataset.csv
3411,mixed,merodidi bhukampa pachi missing hunuhuncha,family_member_missing,mixed_dataset.csv
3412,mixed,aago chiittai failira xa Kathmandu ma,fire_incident_report,mixed_dataset.csv
3413,mixed,hami abhi evacuate garnu parxa ki urgent pls,evacuation_guidance_query,mixed_dataset.csv
3414,mixed,pura building dhalyo Kathmandu ma,building_collapse_report,mixed_dataset.csv
3415,mixed,mero didi ghar aaunu bhako xaina ahile samma now,family_member_missing,mixed_dataset.csv
3416,mixed,hamro area ma bijuli katti bhayo,power_outage_report,mixed_dataset.csv
3417,mixed,mero aama safe cha vanera status update garnaman xa,family_reunification_status,mixed_dataset.csv
3418,mixed,bhukampa pachi mero bhai lai bhettauna sakina pls,family_member_missing,mixed_dataset.csv
3419,mixed,yo ghar ma basna safe cha ki xania,building_damage_check,mixed_dataset.csv
3420,mixed,bhukampa ko jhatka 5 minute agadi feel bhayo,earthquake_occurring_report,mixed_dataset.csv
3421,mixed,wall ma crack dekhiyo now,building_damage_check,mixed_dataset.csv
3422,mixed,ok thanks bye is ma jjaanchu,goodbye_thanks,mixed_dataset.csv
3423,mixed,wall ma thulo crack cha evacuate garne ki pls,building_damage_check,mixed_dataset.csv
3424,mixed,hii k help garna saknu unxa,greeting,mixed_dataset.csv
3425,mixed,police emergency number dinu hos,emergency_contact_request,mixed_dataset.csv
3426,mixed,malaii pillar le thichyo cannot move,trapped_debris_report,mixed_dataset.csv
3427,mixed,power outage cha Katmandu ma,power_outage_report,mixed_dataset.csv
3428,mixed,medical emergecny cha help garnu,medical_emergency_request,mixed_dataset.csv
3429,mixed,Kathmandu ma fire lagyo,fire_incident_report,mixed_dataset.csv
3430,mixed,relief camp ma mero buwa bhetiyo,family_reunification_status,mixed_dataset.csv
3431,mixed,mero saathi lai badly injury bhayo plz,injury_report,mixed_dataset.csv
3432,mixed,mero saathi lai deep wound xa,injury_report,mixed_dataset.csv
3433,mixed,bhukampa gayo Gorkhama,earthquake_occurring_report,mixed_dataset.csv
3434,mixed,hey are you the earthquake bot pls,greeting,mixed_dataset.csv
3435,mixed,mero bhai debris muni thuniyo,trapped_debris_report,mixed_dataset.csv
3436,mixed,najik ko assebmly point kaha cha,safe_location_query,mixed_dataset.csv
3437,mixed,tourist police ko number dinuhos,emergency_contact_request,mixed_dataset.csv
3438,mixed,mero saathi debris muni thuniyo help,trapped_debris_report,mixed_dataset.csv
3439,mixed,bhukampa pachi mero mama lai bhettaunasakina,family_member_missing,mixed_dataset.csv
3440,mixed,hamro area ko lagi evacuationplan,evacuation_guidance_query,mixed_dataset.csv
3441,mixed,mero family ra kids ko lagi sehlter chai,shelter_request,mixed_dataset.csv
3442,mixed,hami kaha shelter linna sakxam safely,safe_location_query,mixed_dataset.csv
3443,mixed,earthquake preparedness kotips dinu hos,preparedness_tips_query,mixed_dataset.csv
3444,mixed,building ma firexa bazaar najik,fire_incident_report,mixed_dataset.csv
3445,mixed,thanks a lot bahi,goodbye_thanks,mixed_dataset.csv
3446,mixed,emergency contact number haru ko list,emergency_contact_request,mixed_dataset.csv
3447,mixed,mero saathi bhukampa pachi missing hunuhuncha asap,family_member_missing,mixed_dataset.csv
3448,mixed,gaun najik ko pul bhtakiyo,road_blockage_report,mixed_dataset.csv
3449,mixed,"dhanyabad, that helped a lot",goodbye_thanks,mixed_dataset.csv
3450,mixed,bhukampa report garna man xa mero ghar najik ma,earthquake_occurring_report,mixed_dataset.csv
3451,mixed,mero bai lai ambulance chai urgent,medical_emergency_request,mixed_dataset.csv
3452,mixed,bihana dekhi mero mama bata khabar xaina,family_member_missing,mixed_dataset.csv
3453,mixed,family ko lagi food supply chai,food_water_request,mixed_dataset.csv
3454,mixed,joke bhanna saknu huncha,fallback_unclear,mixed_dataset.csv
3455,mixed,mero bhai debris mmuni thuniyo,trapped_debris_report,mixed_dataset.csv
3456,mixed,aftershock pachi ghar bhitra sutna safe cha ki now,aftershock_information_query,mixed_dataset.csv
3457,mixed,malai bacahu please,sos_help_request,mixed_dataset.csv
3458,mixed,malai kahajana safe huncha,safe_location_query,mixed_dataset.csv
3459,mixed,mero aama lai chest ma dukheko xa,medical_emergency_request,mixed_dataset.csv
3460,mixed,mero dididebris muni thuniyo,trapped_debris_report,mixed_dataset.csv
3461,mixed,hamro area ma bijuli atti bhayo,power_outage_report,mixed_dataset.csv
3462,mixed,road bolck bhayo landslide le Kathmandu najik,road_blockage_report,mixed_dataset.csv
3463,mixed,mero bhai bhukampa pachi missing hunuhuncha,family_member_missing,mixed_dataset.csv
3464,mixed,kun khulla thau safe cha gather garna,safe_location_query,mixed_dataset.csv
3465,mixed,ghar bata dhuwa airaxa,fire_incident_report,mixed_dataset.csv
3466,mixed,earthquakebhayo hamro area ma,earthquake_occurring_report,mixed_dataset.csv
3467,mixed,Kathmandu kolagi aftershock warning,aftershock_information_query,mixed_dataset.csv
3468,mixed,mero saathi lai ambulance chai urgent,medical_emergency_request,mixed_dataset.csv
3469,mixed,pura building dhalyo gaun ma asap,building_collapse_report,mixed_dataset.csv
3470,mixed,aago chittai failira xa hamro arrea ma,fire_incident_report,mixed_dataset.csv
3471,mixed,merobuwa unconscious bhayo,medical_emergency_request,mixed_dataset.csv
3472,mixed,malai bahcau please,sos_help_request,mixed_dataset.csv
3473,mixed,namaste ma euta prashna sodhna chahanchu!!!,greeting,mixed_dataset.csv
3474,mixed,meroaama lai safely locate garya,family_reunification_status,mixed_dataset.csv
3475,mixed,Kathmandu najik gas leakbhayo,gas_leak_report,mixed_dataset.csv
3476,mixed,mero saathi harura kids ko lagi shelter chai,shelter_request,mixed_dataset.csv
3477,mixed,building aliakti tilt bhayo danger chaki,building_damage_check,mixed_dataset.csv
3478,mixed,pregnant lady laiemergency care chai,medical_emergency_request,mixed_dataset.csv
3479,mixed,k garne vanera guide garnuhos,status_check_general,mixed_dataset.csv
3480,mixed,mero bhai lai sfaely locate garya,family_reunification_status,mixed_dataset.csv
3481,mixed,buildin ma fire xa bazaar najik,fire_incident_report,mixed_dataset.csv
3482,mixed,bhukampa gao mero ghar najik ma,earthquake_occurring_report,mixed_dataset.csv
3483,mixed,ghar ekdam hallyo earthquake ho ki k ho now,earthquake_occurring_report,mixed_dataset.csv
3484,mixed,bhukampa pachi mero bhai lai bhttauna sakina,family_member_missing,mixed_dataset.csv
3485,mixed,aago chittai ailira xa Kathmandu ma,fire_incident_report,mixed_dataset.csv
3486,mixed,mer obhai lai safely locate garya,family_reunification_status,mixed_dataset.csv
3487,mixed,thank u sira li help bhayo,goodbye_thanks,mixed_dataset.csv
3488,mixed,sas pherna sakeko xxaina koi,medical_emergency_request,mixed_dataset.csv
3489,mixed,namaste ma euta prashna sodhnachahanchu,greeting,mixed_dataset.csv
3490,mixed,joke bhhanna saknu huncha,fallback_unclear,mixed_dataset.csv
3491,mixed,mero aama ko phone lagdaina bhukampadekhi,family_member_missing,mixed_dataset.csv
3492,mixed,mero didi ghar aaunu bhako xain aahile samma,family_member_missing,mixed_dataset.csv
3493,mixed,aago chittai faiira xa bazaar ma,fire_incident_report,mixed_dataset.csv
3494,mixed,family ko lagi foodsupply chai,food_water_request,mixed_dataset.csv
3495,mixed,hijo dekhi khana xaina,food_water_request,mixed_dataset.csv
3496,mixed,meroo didi sanga abhi reunite bhayo,family_reunification_status,mixed_dataset.csv
3497,mixed,mero saathi aru ra kids ko lagi shelter chai,shelter_request,mixed_dataset.csv
3498,mixed,mero bhai pinned under debris malai help chai help,trapped_debris_report,mixed_dataset.csv
3499,mixed,building ma fire xa bazaar najik,fire_incident_report,mixed_dataset.csv
3500,mixed,khutta ma chot lagyo running bela now,injury_report,mixed_dataset.csv
3501,mixed,police eemrgency number dinu hos,emergency_contact_request,mixed_dataset.csv
3502,mixed,help asap malai dherai dar lagyo,sos_help_request,mixed_dataset.csv
3503,mixed,hamro area ma fire lagyo,fire_incident_report,mixed_dataset.csv
3504,mixed,ghar ekdamm hallyo earthquake ho ki k ho,earthquake_occurring_report,mixed_dataset.csv
3505,mixed,mero bhaisafe cha vanera status update garna man xa,family_reunification_status,mixed_dataset.csv
3506,mixed,next steps k oh bhannu hos,status_check_general,mixed_dataset.csv
3507,mixed,merodidi safe cha vanera status update garna man xa,family_reunification_status,mixed_dataset.csv
3508,mixed,Kathmandu ma safe zone kahha cha,safe_location_query,mixed_dataset.csv
3509,mixed,mero bhai safe cha vanera status update garna manxa,family_reunification_status,mixed_dataset.csv
3510,mixed,wall khaseko le mero saathi lai thichyo,trapped_debris_report,mixed_dataset.csv
3511,mixed,bachcha haru lai earthquakke drill ko lagi kasari prepare garne,preparedness_tips_query,mixed_dataset.csv
3512,mixed,pani ko supply band bhayo pani chai asap,food_water_request,mixed_dataset.csv
3513,mixed,mero aama buwa ra kids ko lagi shelteer chai,shelter_request,mixed_dataset.csv
3514,mixed,building bata bahira nniskane safest tarika,evacuation_guidance_query,mixed_dataset.csv
3515,mixed,mero bhai sanga contact tutyo,family_member_missing,mixed_dataset.csv
3516,mixed,ok thanks bye is ma jaanchu,goodbye_thanks,mixed_dataset.csv
3517,mixed,kitchen ma aago lagyo bhukammpa ko bela,fire_incident_report,mixed_dataset.csv
3518,mixed,mero bhai lai chest ma dukheko xa,medical_emergency_request,mixed_dataset.csv
3519,mixed,abhi ghar bhitra ajna milxa ki,building_damage_check,mixed_dataset.csv
3520,mixed,Kathmanndu ma ambulance patau na,medical_emergency_request,mixed_dataset.csv
3521,mixed,mero ghar ma help chai xa help,sos_help_request,mixed_dataset.csv
3522,mixed,big bhukamppa jasto lagyo,earthquake_occurring_report,mixed_dataset.csv
3523,mixed,bihana dekhi mero didi bata kabar xaina,family_member_missing,mixed_dataset.csv
3524,mixed,please rescue me malai help chai,sos_help_request,mixed_dataset.csv
3525,mixed,mero aamma lai safely locate garya,family_reunification_status,mixed_dataset.csv
3526,mixed,relief camp ma mero aaa bhetiyo,family_reunification_status,mixed_dataset.csv
3527,mixed,mero buwa ko phone lagdaina bhukampa dekhi urgent pls,family_member_missing,mixed_dataset.csv
3528,mixed,yo bhukampa sanga related xaina,fallback_unclear,mixed_dataset.csv
3529,mixed,hi are u working offline asap,greeting,mixed_dataset.csv
3530,mixed,hamro area ma power line khasekocha,power_outage_report,mixed_dataset.csv
3531,mixed,bhukampa report garna man xa hamro area ma,earthquake_occurring_report,mixed_dataset.csv
3532,mixed,najik ko releif camp kaha cha,shelter_request,mixed_dataset.csv
3533,mixed,mero didi sanga abhi reunite bhhayo,family_reunification_status,mixed_dataset.csv
3534,mixed,ahile k action linu parxa,status_check_general,mixed_dataset.csv
3535,mixed,emergency supplis kati choti check garne,preparedness_tips_query,mixed_dataset.csv
3536,mixed,mero aama lai chest ma dukheko xa plz,medical_emergency_request,mixed_dataset.csv
3537,mixed,najik ko assembly point kaha cha,safe_location_query,mixed_dataset.csv
3538,mixed,power outage chaKathmandu ma,power_outage_report,mixed_dataset.csv
3539,mixed,mero aama kophone lagdaina bhukampa dekhi,family_member_missing,mixed_dataset.csv
3540,mixed,big bhukammpa jasto lagyo,earthquake_occurring_report,mixed_dataset.csv
3541,mixed,emergency supplies kati choti check garne,preparedness_tips_query,mixed_dataset.csv
3542,mixed,relief camp ma merob hai bhetiyo,family_reunification_status,mixed_dataset.csv
3543,mixed,help asap malai dheraidar lagyo,sos_help_request,mixed_dataset.csv
3544,mixed,bhukampa aayo,earthquake_occurring_report,mixed_dataset.csv
3545,mixed,thanks bro ekdamramro jankari,goodbye_thanks,mixed_dataset.csv
3546,mixed,koi cha help garne,sos_help_request,mixed_dataset.csv
3547,mixed,bhetieko family member lai kasari register garne,family_reunification_status,mixed_dataset.csv
3548,mixed,"dhanyaabd, bye bye",goodbye_thanks,mixed_dataset.csv
3549,mixed,mero lai help chaincha,sos_help_request,mixed_dataset.csv
3550,mixed,bijuli kahile aaunxa,power_outage_report,mixed_dataset.csv
3551,mixed,aftershock kati samma rahanxa,aftershock_information_query,mixed_dataset.csv
3552,mixed,shelter chaincha mero family ko lagi,shelter_request,mixed_dataset.csv
3553,mixed,mero bhai laichest ma dukheko xa,medical_emergency_request,mixed_dataset.csv
3554,mixed,hamro area ma power line khaseko cha plz,power_outage_report,mixed_dataset.csv
3555,mixed,Kathmandu najikk gas leak bhayo,gas_leak_report,mixed_dataset.csv
3556,mixed,mero bhai lai chest madukheko xa,medical_emergency_request,mixed_dataset.csv
3557,mixed,mero didi safe cha vanea status update garna man xa,family_reunification_status,mixed_dataset.csv
3558,mixed,kun khulla thau safe cha gather gana,safe_location_query,mixed_dataset.csv
3559,mixed,mero bbhai ghar aaunu bhako xaina ahile samma,family_member_missing,mixed_dataset.csv
3560,mixed,mero aama sanga abhi reunite bhayo plz,family_reunification_status,mixed_dataset.csv
3561,mixed,hello dai malai ekhi sodhnu thiyo,greeting,mixed_dataset.csv
3562,mixed,help garnu na plz,sos_help_request,mixed_dataset.csv
3563,mixed,khane pani chaincha,food_water_request,mixed_dataset.csv
3564,mixed,safe place kaha cha asap,safe_location_query,mixed_dataset.csv
3565,mixed,hii k help garna saknu hunxa,greeting,mixed_dataset.csv
3566,mixed,immediate help chai xa,sos_help_request,mixed_dataset.csv
3567,mixed,rescue ko lagi kaha phone garne help,emergency_contact_request,mixed_dataset.csv
3568,mixed,budo budi sanga kasari evacuaet garne,evacuation_guidance_query,mixed_dataset.csv
3569,mixed,bhukampa pachi mero didi lai bhettauna sakina,family_member_missing,mixed_dataset.csv
3570,mixed,wall khaseko le mero aama lai thichyo!!!,trapped_debris_report,mixed_dataset.csv
3571,mixed,mero ghar ma crack aayo safe cha ki,building_damage_check,mixed_dataset.csv
3572,mixed,dhanyabad ekdum helpfulthiyo,goodbye_thanks,mixed_dataset.csv
3573,mixed,koi avne help gara na,sos_help_request,mixed_dataset.csv
3574,mixed,ok gt it dhanyabad bahini,goodbye_thanks,mixed_dataset.csv
3575,mixed,emergency supplies kati choti check garne now,preparedness_tips_query,mixed_dataset.csv
3576,mixed,malai nkialnu hos thuniyeko xu,trapped_debris_report,mixed_dataset.csv
3577,mixed,bihana dekhi mero didi btaa khabar xaina,family_member_missing,mixed_dataset.csv
3578,mixed,meero didi ko phone lagdaina bhukampa dekhi,family_member_missing,mixed_dataset.csv
3579,mixed,head injury bhayo debris khaseko le urgent pls,injury_report,mixed_dataset.csv
3580,mixed,hostel ma ambulance paatu na,medical_emergency_request,mixed_dataset.csv
3581,mixed,mero aama bbuwa ra kids ko lagi shelter chai,shelter_request,mixed_dataset.csv
3582,mixed,najikai ko safe zone kaha cha,safe_location_query,mixed_dataset.csv
3583,mixed,hamro area jana sakidaina road band cha now,road_blockage_report,mixed_dataset.csv
3584,mixed,wall ma thulo crack cha evacuate garneki,building_damage_check,mixed_dataset.csv
3585,mixed,o bye ta dhanyabad,goodbye_thanks,mixed_dataset.csv
3586,mixed,thanks a lotb hai,goodbye_thanks,mixed_dataset.csv
3587,mixed,bihana dekhi mero aamaa bata khabar xaina,family_member_missing,mixed_dataset.csv
3588,mixed,relief camp ma mero aama bhetiyo,family_reunification_status,mixed_dataset.csv
3589,mixed,mero ghar ma help chai xa,sos_help_request,mixed_dataset.csv
3590,mixed,yaha saafpani xaina,food_water_request,mixed_dataset.csv
3591,mixed,abhi ghar bhitra jana milxa ki,building_damage_check,mixed_dataset.csv
3592,mixed,wall khaseko le mero didi la thichyo,trapped_debris_report,mixed_dataset.csv
3593,mixed,gas ko smell airaxa bhukampa pachi pls,gas_leak_report,mixed_dataset.csv
3594,mixed,trappeed xu ghar bhatkeko debris muni,trapped_debris_report,mixed_dataset.csv
3595,mixed,bhukampa pachi merosaathi lai bhettauna sakina,family_member_missing,mixed_dataset.csv
3596,mixed,Kathmandu ko lagi evacuation plan,evacuation_guidance_query,mixed_dataset.csv
3597,mixed,hamro ghar unsafexa shelter chai,shelter_request,mixed_dataset.csv
3598,mixed,evacuation ko route k ho asap,evacuation_guidance_query,mixed_dataset.csv
3599,mixed,behosh bhako manxe lai kasari elp garne,first_aid_query,mixed_dataset.csv
3600,mixed,mero family member safe bhetiyo,family_reunification_status,mixed_dataset.csv
3601,mixed,ahile k agrne ma,status_check_general,mixed_dataset.csv
3602,mixed,mero bhai unconscious bhayo,medical_emergency_request,mixed_dataset.csv
3603,mixed,pura building dhalyo gaun ma,building_collapse_report,mixed_dataset.csv
3604,mixed,road block bhayo landslide lehamro area najik,road_blockage_report,mixed_dataset.csv
3605,mixed,pregnant lady lai emergency care chai,medical_emergency_request,mixed_dataset.csv
3606,mixed,mero ghra ma ambulance patau na,medical_emergency_request,mixed_dataset.csv
3607,mixed,building bata evacuate gane steps,evacuation_guidance_query,mixed_dataset.csv
3608,mixed,hamro area ko lagi afetrshock warning,aftershock_information_query,mixed_dataset.csv
3609,mixed,mero buwa debris muni thuniyo pls,trapped_debris_report,mixed_dataset.csv
3610,mixed,furniture lai khasnu batakasari secure garne,preparedness_tips_query,mixed_dataset.csv
3611,mixed,aftershock kati strong huncha,aftershock_information_query,mixed_dataset.csv
3612,mixed,malai thaha xaina k garne,status_check_general,mixed_dataset.csv
3613,mixed,mero aama ai chest ma dukheko xa,medical_emergency_request,mixed_dataset.csv
3614,mixed,mero aama sanga bahi reunite bhayo,family_reunification_status,mixed_dataset.csv
3615,mixed,wall ma crack dekhiyo,building_damage_check,mixed_dataset.csv
3616,mixed,mero didi bhhukampa pachi missing hunuhuncha,family_member_missing,mixed_dataset.csv
3617,mixed,mero didi lai safely locat egarya,family_reunification_status,mixed_dataset.csv
3618,mixed,dherai raaat bagira xa medic chai xa,medical_emergency_request,mixed_dataset.csv
3619,mixed,malai kaha jana safe huncha,safe_location_query,mixed_dataset.csv
3620,mixed,aftershock katistrong huncha,aftershock_information_query,mixed_dataset.csv
3621,mixed,amulance ko number k ho,emergency_contact_request,mixed_dataset.csv
3622,mixed,family ko lagi food supply cahi,food_water_request,mixed_dataset.csv
3623,mixed,h bhai kasto cha,greeting,mixed_dataset.csv
3624,mixed,bhukampaaayo abhi,earthquake_occurring_report,mixed_dataset.csv
3625,mixed,bihana dekhi mero aama bata khabar aina,family_member_missing,mixed_dataset.csv
3626,mixed,ghar bata dhuwa airaxa now,fire_incident_report,mixed_dataset.csv
3627,mixed,ghau ma bandage ksaari garne,first_aid_query,mixed_dataset.csv
3628,mixed,mero aama pinned under debris malai help chai,trapped_debris_report,mixed_dataset.csv
3629,mixed,evacuation ko route k ho,evacuation_guidance_query,mixed_dataset.csv
3630,mixed,hami abhi evacuate garun parxa ki,evacuation_guidance_query,mixed_dataset.csv
3631,mixed,budo budi sanga kasari evacuate ganre,evacuation_guidance_query,mixed_dataset.csv
3632,mixed,thank youdai next time feri sodhchu,goodbye_thanks,mixed_dataset.csv
3633,mixed,gha pura bhatkiyo,building_collapse_report,mixed_dataset.csv
3634,mixed,kasari safely evacaute garne,evacuation_guidance_query,mixed_dataset.csv
3635,mixed,mero aama buwa ra kids ko lagi shelter chai,shelter_request,mixed_dataset.csv
3636,mixed,kasari safely evacuate garne now,evacuation_guidance_query,mixed_dataset.csv
3637,mixed,hamro area janaa sakidaina road band cha,road_blockage_report,mixed_dataset.csv
3638,mixed,mero bhai pinned unde debris malai help chai,trapped_debris_report,mixed_dataset.csv
3639,mixed,merobuwa sanga abhi reunite bhayo,family_reunification_status,mixed_dataset.csv
3640,mixed,bhukampa pachicrack aayo,building_damage_check,mixed_dataset.csv
3641,mixed,mero buwa ko phone lagdaina bhukampaa dekhi,family_member_missing,mixed_dataset.csv
3642,mixed,mero buwa safe chavanera status update garna man xa,family_reunification_status,mixed_dataset.csv
3643,mixed,koi cha hel pgarne,sos_help_request,mixed_dataset.csv
3644,mixed,ghau ma bandage kasari agrne,first_aid_query,mixed_dataset.csv
3645,mixed,ghar hatkiyo gaun ma,building_collapse_report,mixed_dataset.csv
3646,mixed,evacuation ko instructions dinu hos,evacuation_guidance_query,mixed_dataset.csv
3647,mixed,hostel najik gas leak bhayo!!!,gas_leak_report,mixed_dataset.csv
3648,mixed,rescue ko lagi kaha phone garne,emergency_contact_request,mixed_dataset.csv
3649,mixed,mero buwa lai badly injuyr bhayo,injury_report,mixed_dataset.csv
3650,mixed,evacuation ko instrcutions dinu hos,evacuation_guidance_query,mixed_dataset.csv
3651,mixed,mero aama safe chaa vanera status update garna man xa,family_reunification_status,mixed_dataset.csv
3652,mixed,school rea ma ambulance patau na,medical_emergency_request,mixed_dataset.csv
3653,mixed,yaha saaf pani xaina,food_water_request,mixed_dataset.csv
3654,mixed,hi bhai kasto cha???,greeting,mixed_dataset.csv
3655,mixed,mero bhai unonscious bhayo,medical_emergency_request,mixed_dataset.csv
3656,mixed,yaha ma safe zon ekaha cha,safe_location_query,mixed_dataset.csv
3657,mixed,bhukampa pachi crack aayo pls,building_damage_check,mixed_dataset.csv
3658,mixed,hii tapai ko naa mk ho,greeting,mixed_dataset.csv
3659,mixed,malai bachau pleae,sos_help_request,mixed_dataset.csv
3660,mixed,bhukampa gayo Gorkha ma,earthquake_occurring_report,mixed_dataset.csv
3661,mixed,hamro ghar unsafe xa shelter chai,shelter_request,mixed_dataset.csv
3662,mixed,yo bhukampa sanga relatd xaina,fallback_unclear,mixed_dataset.csv
3663,mixed,bhukamp ko jhatka abhi feel bhayo,earthquake_occurring_report,mixed_dataset.csv
3664,mixed,ok thanks bye is ma jaanchhu,goodbye_thanks,mixed_dataset.csv
3665,mixed,wall khaseko le mreo didi lai thichyo,trapped_debris_report,mixed_dataset.csv
3666,mixed,evacuation ko laggi khulla thau kaha cha,safe_location_query,mixed_dataset.csv
3667,mixed,kasari safely evacuate garne,evacuation_guidance_query,mixed_dataset.csv
3668,mixed,mero ghar ma cracka ayo safe cha ki,building_damage_check,mixed_dataset.csv
3669,mixed,2 dni dekhi bijuli xaina,power_outage_report,mixed_dataset.csv
3670,mixed,hostel najik gas leak bhayo,gas_leak_report,mixed_dataset.csv
3671,mixed,khutta ma chot lagyo running bela,injury_report,mixed_dataset.csv
3672,mixed,taauko bataraagat bagira xa,injury_report,mixed_dataset.csv
3673,mixed,mero buwa unconscious bhayo pls,medical_emergency_request,mixed_dataset.csv
