text,intent,split
छत खसेर दिदी थुनिनुभयो,trapped_debris_report,train
बालबालिकालाई भूकम्प अभ्यासको लागि कसरीतयार पार्ने,preparedness_tips_query,validation
sas pherna sakeko xaina koi,medical_emergency_request,train
आज राति थप धक्का आउन सक्छ कि,aftershock_information_query,train
gaun jana akidaina road band cha,road_blockage_report,train
relief cmp ma mero aama bhetiyo,family_reunification_status,validation
सी पी आर कसरी गर्ने,first_aid_query,train
ok thanks bye is ma jaanchu,goodbye_thanks,train
bridge collapsed nearr Bhaktapur,road_blockage_report,train
how doi evacuate safely,evacuation_guidance_query,train
head injurybhayo debris khaseko le,injury_report,validation
koi vane help gara na,sos_help_request,train
aftershock kati samma rahanxa,aftershock_information_query,train
cannot reach Lalitpur road is clsoed,road_blockage_report,train
bihana dekhi mero bhai bata khabarxaina,family_member_missing,train
koi vane help gaa na,sos_help_request,train
भग्नावशेष खसेर टाउकोमा चोट लाग्यो,injury_report,train
आमालाई एम्बुलेन्स चाहियो छिटो,medical_emergency_request,train
मलाईमद्दत चाहियो,sos_help_request,train
यो घरमा बस्न सुरक्षित छ कि छैन है,building_damage_check,train
हिजोदेखि खाना छैन है,food_water_request,train
अहिले हजुरबुबा सँग भेट भयो,family_reunification_status,train
mero mama ko phone lagdaina bhukampa dekhi!!!,family_member_missing,train
hamro area ma fire lagyo,fire_incident_report,train
निकासाका निर्देशनहरू दिनुहोस्!!,evacuation_guidance_query,validation
help required,sos_help_request,validation
building aliakti tilt bhayo danger chaki,building_damage_check,train
strongtremor bhukampa jasto,earthquake_occurring_report,train
भवनबाट बाहिर निस्कने सबैभन्दा सुरक्षित तरिका छिटो,evacuation_guidance_query,train
अहिले दिदी सँग भेट भयो,family_reunification_status,validation
entire building came down in Gorkha,building_collapse_report,train
बुबा लाई सुरक्षित फेला परेकोछ,family_reunification_status,train
chat khasyobhukampa ma,building_collapse_report,train
फेरि भेटौंला है,goodbye_thanks,train
aago chittai failira xa bazaar ma,fire_incident_report,train
एकदमधन्यवाद,goodbye_thanks,train
ahile k garnu parxa,status_check_general,train
अनि,fallback_unclear,validation
brick khaseko le agyo,injury_report,validation
ghar baliraxa fire brigade chai,fire_incident_report,train
trapped xu ghar bhatkeko debris muni,trapped_debris_report,train
काठमाडौं मा आगो लागेको छ,fire_incident_report,train
bhukampa report garna man xaGorkha ma,earthquake_occurring_report,validation
mer obhai lai safely locate garya,family_reunification_status,train
thankks,goodbye_thanks,train
immediate help chai xa,sos_help_request,train
मद्दतपठाउनुहोस्,sos_help_request,train
काठमाडौं कोलागि पराकम्प चेतावनी,aftershock_information_query,train
no powerfor two days now,power_outage_report,train
घर भत्किएर भित्र फसियौं छिटो,trapped_debris_report,train
पर्खालले थिचेकोछ हल्लन सक्दिन,trapped_debris_report,train
gaun najik k opul bhatkiyo,road_blockage_report,validation
aftershock pachi ghar bhitra sutna safe cha ki now,aftershock_information_query,validation
no clean water available here???,food_water_request,train
बचाउनुहोस्???,sos_help_request,train
thank you dai nex ttime feri sodhchu,goodbye_thanks,train
भर्खरै भूकम्प आयो!!,earthquake_occurring_report,train
hamro ghar najik gas leakbhayo,gas_leak_report,train
दिदी र बालबालिकाका लागि आश्रय चाहियो है,shelter_request,train
earthquakea lert,earthquake_occurring_report,train
dhanyabad ekdum helpfulthiyo,goodbye_thanks,train
mero aama safe cha vanera status update garna mna xa,family_reunification_status,train
joke bhanna saknu huncha now,fallback_unclear,train
no power for two days now,power_outage_report,train
heey,greeting,validation
Kathmandu ma power line khaseko cha pls,power_outage_report,validation
waht,fallback_unclear,train
mero saaathi lai deep wound xa,injury_report,train
wall bhatkiyo road ma now,building_collapse_report,validation
hurt my leg during eaarthquake,injury_report,train
saaf khane pani urgent chai!!!,food_water_request,train
hami kahashelter linna sakxam safely,safe_location_query,train
अर्को भूकम्प आउने छ कि,aftershock_information_query,train
can you sing a song,fallback_unclear,validation
राहतशिविरमा दाजु भेटियो,family_reunification_status,validation
no clean water available ehre,food_water_request,train
छोरी को बेपत्ता व्यक्ति रिपोर्ट प्लिज,family_member_missing,train
massiveshaking right now,earthquake_occurring_report,train
भूकम्पपछि के गर्ने है,status_check_general,train
evacuation planf or Kathmandu,evacuation_guidance_query,train
hello daik cha khabar,greeting,train
bridge collapsed near Jajakot,road_blockage_report,train
भूकम्पपछि हजुरबुबा लाई भेट्टाउन सकिएको छैन प्लिज,family_member_missing,train
mausam kasto cha,fallback_unclear,train
cannot rech Kathmandu road is closed,road_blockage_report,train
यो भूकम्पसँगसम्बन्धित छैन,fallback_unclear,train
काठमाडौं मा बिजुली गएको छ है,power_outage_report,train
reunited with my grandmother now,family_reunification_status,train
जाजरकोट मा तोकिएको सुरक्षित क्षेत्र कहाँ छ हजुर,safe_location_query,validation
what todo for a sprained ankle,first_aid_query,train
भूकम्पपछिछोरी लाई भेट्टाउन सकिएको छैन,family_member_missing,train
earthquake preparedness tips please,preparedness_tips_query,train
भवनबाट निकासा गर्ने चरणहरू,evacuation_guidance_query,train
भूकम्प तयारीका सुझावहरू दिनुहोस् हजुर,preparedness_tips_query,train
mero buwa safe cha vanera status update garna man xa,family_reunification_status,train
emergecny contact number haru ko list,emergency_contact_request,train
schoool building half bhatkiyo,building_collapse_report,train
ललितपुर नजिकैको घरमा आगो लागेको छ हजुर,fire_incident_report,train
joke bhanna saknu hucha,fallback_unclear,validation
cprkasari garne,first_aid_query,train
aftershock kati samma rahanxa asap,aftershock_information_query,train
के छत,greeting,train
छतखसेर बुबा थुनिनुभयो,trapped_debris_report,train
पर्खालले थिचेको छ हल्लन सक्दिन,trapped_debris_report,train
ग्यास चुहियो छिटो,gas_leak_report,train
गोर्खा को लागि पराकम्प चेतावनी छिटो,aftershock_information_query,validation
छोरा भग्नावशेषमुनिथुनिनुभयो,trapped_debris_report,validation
thank u somuch,goodbye_thanks,train
broken arm need help,injury_report,train
strong gassmell xa building ma,gas_leak_report,train
yo help,greeting,train
ललितपुर मा आगो छिट्टै फैलिँदैछ,fire_incident_report,train
घर बलिरहेको छ दमकलचाहियो,fire_incident_report,train
our house is unsafe need shelter,shelter_request,train
fire broke out aftert he earthquake,fire_incident_report,train
अहिलेको अवस्था केहो,status_check_general,train
help ow,sos_help_request,train
the house isshaking badly,earthquake_occurring_report,train
Kathmandu ko lagi aftershock warning!!!,aftershock_information_query,train
हाम्रो घर असुरक्षित छ आश्रय चाहियो,shelter_request,validation
ललितपुर नजिक पहिरोले सडक बन्द भयो हजुर,road_blockage_report,train
bhukampa pachicrack aayo,building_damage_check,train
aftershock warning for Kathmandu,aftershock_information_query,validation
बुबा लाईगम्भीर चोट लागेको छ,injury_report,train
bhukampa pachi mero mama lai bhettauna sakina urgent pls,family_member_missing,train
eathquake preparedness ko tips dinu hos,preparedness_tips_query,train
nearest open ground for evacuation,safe_location_query,train
power lines downin Bhaktapur,power_outage_report,validation
hello ji sanchhai hunuhuncha,greeting,train
नमस्तेबुवा,greeting,train
my grandfater is injured badly,injury_report,train
mero buwa unconscious bhayo pls,medical_emergency_request,train
water supply cut off need water,food_water_request,train
no electricity since the earhquake,power_outage_report,train
shelter needed for my mother and kids,shelter_request,validation
building safe cha ki kaasari thaha pauney,building_damage_check,train
my grandmohter is stuck under the roof,trapped_debris_report,train
bhukampa gayo mero ghar najik ma,earthquake_occurring_report,validation
searching for my granfdather in Bhaktapur,family_member_missing,validation
म र दाजु थुनिएकाछौं,trapped_debris_report,train
malai thaha xaina k garne asap,status_check_general,train
power lines down in Laliitpur,power_outage_report,train
khutta ma chot lagyo running bela,injury_report,train
mero buwa debris muni thuniyo pls,trapped_debris_report,train
o bye,goodbye_thanks,train
hamro area jana sakidaina road band cha,road_blockage_report,train
budo budi sanga kasari evacuate garne,evacuation_guidance_query,train
घरमा भूकम्प तयारीको उत्तम अभ्यास के हो प्लिज,preparedness_tips_query,train
mero saathi lai ammbulance chai urgent,medical_emergency_request,validation
पोखरा को लागि पराकम्पचेतावनी,aftershock_information_query,validation
ललितपुरमा एम्बुलेन्स चाहियो,medical_emergency_request,train
गोर्खा जान सकिँदैन सडकबन्द छ,road_blockage_report,validation
आपतकालीन सम्पर्क नम्बरहरूको सूची हजुर,emergency_contact_request,train
ok bye,goodbye_thanks,train
aago chittai failira xa hamro area ma,fire_incident_report,train
please rescue me malai help chai,sos_help_request,train
apprecciate it,goodbye_thanks,train
आमा को लागि खाद्यान्न चाहियो,food_water_request,train
मलाई तुरुन्तै के गर्ने भनेर भन्नुहोस् हजुर,status_check_general,train
hostel najik gas leak bhayo now,gas_leak_report,validation
धन्यवाद बुवा,goodbye_thanks,validation
दाजुबेहोस हुनुभयो,medical_emergency_request,validation
भूकम्पपछि ग्यासको गन्ध आइरहेको छ छिटो,gas_leak_report,validation
भूकम्पपछि भवनको सुरक्षा जाँच कसले गर्छ,building_damage_check,train
tourist police ko number dinuhos,emergency_contact_request,train
मेरो घरमा चिरा परेको छ सुरक्षित छ कि छैन,building_damage_check,train
aago chittaifailira xa bazaar ma,fire_incident_report,train
mero aama sanga bahi reunite bhayo,family_reunification_status,train
aago chittai failira xa school najikma,fire_incident_report,train
building tlited slightly is it dangerous,building_damage_check,train
my grandfather has been located safely,family_reunification_status,validation
काठमाडौं जान सकिँदैन सडकबन्द छ,road_blockage_report,train
दाजु लाई गहिरो घाउ छ,injury_report,train
भूकम्पपछि ग्यासको गन्ध आइरहेको छ???,gas_leak_report,train
entire uilding came down in Lalitpur,building_collapse_report,train
mero didi lai deeep wound xa,injury_report,train
fire broke out after the earthquake,fire_incident_report,train
thank u sir ali help bhayo now,goodbye_thanks,train
म र हजुरआमा थुनिएकाछौं,trapped_debris_report,train
my grandfather is nuconscious,medical_emergency_request,train
help pls ma dheraai fright ma xu,sos_help_request,train
adf,fallback_unclear,train
शुभ प्रभात???,greeting,train
ploice emergency number dinu hos,emergency_contact_request,validation
relief camp m mero bhai bhetiyo,family_reunification_status,train
2 din dekhi bijuli xaina???,power_outage_report,train
need baby fformula and water,food_water_request,validation
raati basna tentc hai,shelter_request,train
aftershock pachi ghar bhitra sutna safe cha ki help,aftershock_information_query,train
गोर्खा मा जोडदार धक्का महसुस भयो हजुर,earthquake_occurring_report,train
thanks yesto helpfu huncha,goodbye_thanks,train
hijo dekhi khana xaaina,food_water_request,validation
appreciat eit,goodbye_thanks,validation
what actions should i take now,status_check_general,validation
गोर्खा को लागि निकासा योजना,evacuation_guidance_query,train
ghau bhayeko thau ma kasari treat garne,first_aid_query,validation
how long do aftershocks cntinue,aftershock_information_query,validation
fire sperading fast in Gorkha,fire_incident_report,train
is aonther earthquake coming,aftershock_information_query,train
mero didisanga abhi reunite bhayo,family_reunification_status,train
i need elp,sos_help_request,train
emergency help neeedd,sos_help_request,train
bihana dekhi mero didi bata kabar xaina,family_member_missing,train
घर भत्किएर भित्र फसियौं,trapped_debris_report,train
जाजरकोट नजिकको पुलभत्कियो,road_blockage_report,train
hi bot plz,greeting,train
hii k help gara saknu hunxa,greeting,validation
aago lagyo buhkampa pachi,fire_incident_report,train
how to regisetr a found family member,family_reunification_status,train
ललितपुर मा बिजुली गएको छ है,power_outage_report,validation
abhi ghar bhitra jana milxaa ki,building_damage_check,train
what's your favorite food,fallback_unclear,validation
smell of gas after eaarthquake,gas_leak_report,validation
bhukampa aayo help,earthquake_occurring_report,validation
गोर्खामा आगो छिट्टै फैलिँदैछ,fire_incident_report,train
where is the designated safe zone in Kathmandu!!!,safe_location_query,train
दिदी लडेरढाडमाचोट लाग्यो,injury_report,train
काठमाडौं नजिक ग्यास चुहावट भयो!!,gas_leak_report,train
हजुरबुबा लडेरढाडमा चोट लाग्यो,injury_report,train
खानेपानी चाहियो हजुर,food_water_request,train
how ol dare you,fallback_unclear,train
ghar pura bhatkiyo???,building_collapse_report,train
नजिकैको सुरक्षित ठाउँ कहाँ छ,safe_location_query,train
severe bleeding need medic,medical_emergency_request,train
earthquake in Bhaktapur,earthquake_occurring_report,train
hello,greeting,validation
where is the designated safe zone in Gorkha help,safe_location_query,train
help chaincha ma darai xu,sos_help_request,train
mero saathi pinned under debris mlaai help chai,trapped_debris_report,train
bhukampa pachi mero didilai bhettauna sakina,family_member_missing,validation
के हो यो,fallback_unclear,validation
who madeyou,fallback_unclear,train
मेरोभवन सुरक्षित छ कि भनेर कसरी थाहा पाउने,building_damage_check,validation
my sister is trapped under debris???,trapped_debris_report,train
mero saathi lai deep wound xa,injury_report,train
मलाई मद्दतचाहियो,sos_help_request,train
medical emergency please help,medical_emergency_request,train
fire alert near market,fire_incident_report,train
my grandfather is unconscious,medical_emergency_request,train
is my apartment structurally safe now!!!,building_damage_check,train
thanks a lot,goodbye_thanks,train
mero bhai laichest ma dukheko xa,medical_emergency_request,validation
wall khaseko le mero didi la thichyo,trapped_debris_report,train
घर धेरै हल्लियो,earthquake_occurring_report,train
mero didi lai badly injur ybhayo,injury_report,validation
हेल्लो!!,greeting,train
Kathmanduu ma fire lagyo,fire_incident_report,train
should i re-enter the uilding,building_damage_check,train
ok got it dhanyabad bahini,goodbye_thanks,train
seend help,sos_help_request,validation
brick khasekole lagyo,injury_report,train
गोर्खा नजिकको पुलभत्कियो,road_blockage_report,train
entire building came down in Pokhara,building_collapse_report,train
भूकम्पदेखि हजुरबुबा को फोन लाग्दैन प्लिज,family_member_missing,train
bhukampa report garna man xa hamro area ma urgent pls,earthquake_occurring_report,validation
how to preprae kids for earthquake drills,preparedness_tips_query,train
छत खसेर बुबा थुनिनुभयो है,trapped_debris_report,train
want to update status that my motheris safe,family_reunification_status,train
gas leak near Pokhaa,gas_leak_report,validation
उद्धारका लागि कहाँ फोन गर्ने छिटो,emergency_contact_request,validation
नजिकैको सुरक्षित भेला हुने ठाउँ!!,safe_location_query,train
what tokeep ready before an earthquake,preparedness_tips_query,train
road bloccked by landslide near Gorkha,road_blockage_report,train
धन्यवाद दाई,goodbye_thanks,train
अर्को चरणहरू भन्नुहोस्!!,status_check_general,train
building ma fire xa school najik najik asap,fire_incident_report,train
my daughter is trapped under debris,trapped_debris_report,train
stuck undr a collapsed wall,trapped_debris_report,train
Kathmandu najik gas leak bhayo urgent pls,gas_leak_report,validation
where should i go for safety,safe_location_query,train
cracks appeaared after the quake,building_damage_check,train
afteshock aaunxa ki,aftershock_information_query,train
disasterreporting hotline,emergency_contact_request,train
evacuation plan for Pokhara,evacuation_guidance_query,validation
my motheris stuck under the roof,trapped_debris_report,train
hiii pls,greeting,train
cannot reach Jajarkot roda is closed,road_blockage_report,train
chat khasyo bhukampa ma pls,building_collapse_report,train
school building partially collapsed???,building_collapse_report,train
हजुरबुबा लाई एम्बुलेन्स चाहियो छिटो,medical_emergency_request,train
जाजरकोट मा सम्पूर्ण भवनढल्यो,building_collapse_report,train
pregnant lady ali emergency care chai,medical_emergency_request,validation
जाजरकोट मा सम्पूर्ण भवन ढल्यो हजुर,building_collapse_report,train
bijuli kahile aaunxa,power_outage_report,train
aag ochittai failira xa school najik ma,fire_incident_report,validation
therre is a fire in Kathmandu,fire_incident_report,validation
mero buwa ko phone lagdaina bhukampa deekhi,family_member_missing,train
meroaama lai safely locate garya,family_reunification_status,validation
earthquakebhayo hamro area ma,earthquake_occurring_report,train
mero saathi laai badly injury bhayo,injury_report,train
दिदी लाई छातीमा दुखाइ भइरहेकोछ,medical_emergency_request,train
राति बस्न पाल चाहियो,shelter_request,train
hey bot k xa halkhabar now,greeting,train
अहिले भूकम्पगयो,earthquake_occurring_report,validation
mero aama safe cha vanera status update garna man xa,family_reunification_status,train
i need hlep,sos_help_request,train
पर्खालले थिचेको छ हल्लन सक्दिन है,trapped_debris_report,train
my father is injured badly???,injury_report,train
mero aama lai ambulance chai urgent,medical_emergency_request,train
road blocked by landslide near Bhhaktapur,road_blockage_report,train
meroo family member safe bhetiyo,family_reunification_status,validation
my sister collapsed adn not waking up,medical_emergency_request,train
yo bhukampa sanga related xaina,fallback_unclear,train
should we evacuate now,evacuation_guidance_query,validation
भूकम्पको धक्का महसुस भयो,earthquake_occurring_report,train
frst aid kit items needed,first_aid_query,train
najikai ko apartment bhatkiyo now,building_collapse_report,train
गोर्खा मा आगो लागेको छ हजुर,fire_incident_report,train
what to do duringevacuation,evacuation_guidance_query,train
नमस्तेदाइ,greeting,validation
help garnu na lpz,sos_help_request,validation
rescue ko lagi kaha phone garne help,emergency_contact_request,train
mero saathi haru ra kids ko lagi shelter cchai,shelter_request,train
evacuation plan for Lalitpur urgent pls,evacuation_guidance_query,train
bhukampa pachi mero bhai lai bhettauna sakina pls,family_member_missing,train
ok gt it dhanyabad bahini,goodbye_thanks,train
thanks bro ekdam ramro jankari,goodbye_thanks,train
शुभ साँझ है,greeting,train
काठमाडौं मा घर भत्कियो,building_collapse_report,train
नजिकैको अपार्टमेन्ट भत्कियो,building_collapse_report,train
अहिले कुन चरण पालना गर्ने,status_check_general,train
frie brigade ko contact number,emergency_contact_request,train
earthqauke alert,earthquake_occurring_report,train
बालबालिकालाई भूकम्प अभ्यासको लागि कसरी तयार पार्ने छिटो,preparedness_tips_query,train
no food since yesterday,food_water_request,train
my grandmother has a deep wonud,injury_report,train
need food supplies for familly,food_water_request,train
building bata bahira niskane safest tarika,evacuation_guidance_query,train
najik ko assebmly point kaha cha,safe_location_query,train
बेहोस भएको मान्छेलाई कसरी मद्दत गर्ने है,first_aid_query,train
my motheris injured badly,injury_report,validation
malai thaha xaina k gaarne,status_check_general,validation
उद्धारका लागि नजिकैको खुल्ला ठाउँ हजुर,safe_location_query,train
काठमाडौं नजिकैकोघरमा आगो लागेको छ,fire_incident_report,train
परिवार पुनर्मिलन प्रक्रियाके हो,family_reunification_status,train
ghar bhatkiyo hamro area ma pls,building_collapse_report,train
mero aama ghar aaunu bhako xaina ahile samma now,family_member_missing,train
gas leak please advise,gas_leak_report,train
electrical fire lagyo,fire_incident_report,train
give me next steps please,status_check_general,train
is this na earthquake,earthquake_occurring_report,train
काठमाडौं नजिककोपुल भत्कियो,road_blockage_report,train
koi avne help gara na,sos_help_request,train
बहिनीनमस्ते,greeting,train
ghar ekdam hallyo earthquake ho ki k ho,earthquake_occurring_report,validation
पोखरा मा भूकम्पगयो,earthquake_occurring_report,validation
सडक चिरा परेर जान सकिँदैन,road_blockage_report,train
furniture lai khasnubata kasari secure garne,preparedness_tips_query,train
schoolbuilding half bhatkiyo,building_collapse_report,validation
electricit is out across the neighborhood,power_outage_report,train
mero didi debri smuni thuniyo,trapped_debris_report,train
hey SQAFE,greeting,train
my sister is trapped under dberis,trapped_debris_report,train
head injury from falling debris,injury_report,train
घाउमापट्टी कसरी बाँध्ने,first_aid_query,train
hep,sos_help_request,train
road block bhayo landslide le gaun najik,road_blockage_report,train
need rattion for my mother,food_water_request,train
भूकम्पपछि दाजु लाई भेट्टाउन सकिएको छैन,family_member_missing,train
tourist police koo number dinu hos,emergency_contact_request,train
mero saathi haru ra kids ko lagi shelter chai,shelter_request,train
दिदी भग्नावशेषमुनि थुनिनुभयो हजुर,trapped_debris_report,train
दाजु लाई एम्बुलेन्स चाहियो छिटो???,medical_emergency_request,train
दाजु लाई सुरक्षित फेला परेको छ,family_reunification_status,validation
should i expect more tremors tonight,aftershock_information_query,train
chat khasyo bhukampa ma,building_collapse_report,validation
my daughter is traapped under debris,trapped_debris_report,train
buuilding tilted slightly is it dangerous,building_damage_check,validation
police emergency number dinu hhos,emergency_contact_request,train
hii k help garna saknu unxa,greeting,train
hostel najik gas leak bhayo???,gas_leak_report,train
mero saathipinned under debris malai help chai,trapped_debris_report,train
आमा को लागि खाद्यान्न चाहियो प्लिज,food_water_request,validation
mero aama laai chest ma dukheko xa,medical_emergency_request,validation
we just felt an earthquake in Kathmandu,earthquake_occurring_report,train
do we need to evacuate immediately,evacuation_guidance_query,train
हजुरआमा बेहोसहुनुभयो,medical_emergency_request,train
mero bhai sanga contacttutyo,family_member_missing,train
budo budi sannga kasari evacuate garne,evacuation_guidance_query,train
thanksbro ekdam ramro jankari,goodbye_thanks,train
relief camp ma mero bhai bhetiyo,family_reunification_status,train
अहिले मैलेके गर्नुपर्छ,status_check_general,train
found my grandfather at the relief camp asap,family_reunification_status,train
help garnu na plz,sos_help_request,validation
mero bbhai ghar aaunu bhako xaina ahile samma,family_member_missing,train
power outagein Bhaktapur,power_outage_report,validation
धन्यवाद है साथी प्लिज,goodbye_thanks,train
छिमेकभरि बिजुली गएको छ प्लिज,power_outage_report,train
my sister hasbeen located safely,family_reunification_status,train
jhatka mahsus bayo 5 minute agadi,earthquake_occurring_report,train
bridge collapsed near Bhaktapur,road_blockage_report,validation
wall ma crack dekhiyo,building_damage_check,train
mauusam kasto cha,fallback_unclear,train
namaste ma euta prashna sodhnac hahanchu,greeting,train
first aid for burns,first_aid_query,train
how old are you,fallback_unclear,train
cannot reach Bhaktapur road is closed,road_blockage_report,train
malai nikalnu hos thuniyeko xu,trapped_debris_report,train
what should i do right now,status_check_general,train
rescueko lagi kaha phone garne,emergency_contact_request,train
भूकम्पपछि आमालाई भेट्टाउन सकिएको छैन,family_member_missing,train
मेरो परिवारको सदस्य सुरक्षित भेटियो,family_reunification_status,train
विपद रिपोर्टिङ हटलाइन,emergency_contact_request,train
malai nikalnu hos thuniyeko xu pls,trapped_debris_report,validation
malai kaha jana safe hunccha,safe_location_query,train
pinned uder debris,trapped_debris_report,train
सुप्रभात,greeting,train
सडकमा पर्खालभत्कियो,building_collapse_report,train
gsa leak bhayo,gas_leak_report,validation
हजुरआमा को बेपत्ता व्यक्ति रिपोर्ट प्लिज,family_member_missing,train
can anyone help,sos_help_request,train
hey app!!!,greeting,train
sabai hallyo bhukampa le,earthquake_occurring_report,train
joke bhhanna saknu huncha,fallback_unclear,train
कुन खुल्ला ठाउँ भेला हुन सुरक्षित छ है,safe_location_query,validation
lost contact with my brother,family_member_missing,validation
building on fire near Lalitpur,fire_incident_report,train
food distribution point najik cha ki asap,food_water_request,validation
hamro area najik ko upl bhatkiyo,road_blockage_report,train
dhanyabad ekdum helpful thiyo,goodbye_thanks,validation
thanks a lotb hai,goodbye_thanks,train
mero saathi unconscious bhayo,medical_emergency_request,train
गोर्खा मा तोकिएको सुरक्षित क्षेत्र कहाँ छ,safe_location_query,train
hi bot,greeting,validation
thank u sir ali help bhayo,goodbye_thanks,train
bhukampa gayo Pokhara ma,earthquake_occurring_report,train
have not heard from my brother since morning,family_member_missing,train
my father having chestpain,medical_emergency_request,train
भूकम्पपछि सडक क्षतिग्रस्त भयो,road_blockage_report,train
baby formula ra paani chai,food_water_request,train
give me next steps please???,status_check_general,train
नमस्कारसर,greeting,train
where can we get tempoary shelter,shelter_request,train
need tents for the night,shelter_request,train
भान्सामा ग्यास धेरै चुहिँदैछ है,gas_leak_report,train
यति नै हो धन्यवाद,goodbye_thanks,validation
building aliaktitilt bhayo danger cha ki,building_damage_check,train
my grandmother is unconscious,medical_emergency_request,train
Kathmandu najikk gas leak bhayo,gas_leak_report,train
काठमाडौं मा तोकिएको सुरक्षित क्षेत्र कहाँ छ,safe_location_query,train
hey bhauju k cha,greeting,train
जाजरकोट नजिकैको घरमा आगोलागेको छ,fire_incident_report,validation
my sister did not come home yet,family_member_missing,train
ओके धन्यवाद,goodbye_thanks,train
tentcamp location needed,shelter_request,train
सफाखानेपानी तुरुन्तै चाहियो,food_water_request,train
power outage in Kathmandu,power_outage_report,train
do we need to evacuate immediately now,evacuation_guidance_query,validation
doctor chaixa abhi nai,medical_emergency_request,train
भूकम्पपछि हजुरबुबा लाईभेट्टाउन सकिएको छैन,family_member_missing,train
ललितपुर मा सम्पूर्ण भवन ढल्यो प्लिज,building_collapse_report,train
bye ake care,goodbye_thanks,train
mero bhai safe cha vanera status update garna manxa,family_reunification_status,train
mero bhai laiambulance chai urgent,medical_emergency_request,train
emergency kit ma k khunu parxa,preparedness_tips_query,validation
mero bhai ghar aaunu bhako xaina ahile samma,family_member_missing,train
help garnuna plz,sos_help_request,train
my mother has been located safely!!!,family_reunification_status,train
भूकम्पपछि आगलागी भयो है,fire_incident_report,train
thanks for the hhelp,goodbye_thanks,train
mero family ra kids ko lagi shelter chhai,shelter_request,train
हामीलाईमद्दत चाहियो,sos_help_request,train
tanks,goodbye_thanks,train
कति पराकम्प आउने अपेक्षाछ,aftershock_information_query,train
hamro area mafire lagyo,fire_incident_report,train
my grandmother collapsed an dnot waking up,medical_emergency_request,train
भूकम्प तयारीका सुझावहरू दिनुहोस्,preparedness_tips_query,validation
shelter needed for my brother and kids pls,shelter_request,train
mero aama safe cha vanera status update garnaman xa,family_reunification_status,train
hmm,fallback_unclear,train
wall khasekole mero bhai lai thichyo,trapped_debris_report,train
medical emergecny cha help garnu,medical_emergency_request,train
emergency supplis kati choti check garne,preparedness_tips_query,train
छोरी सँग सम्पर्क टुटेको छ,family_member_missing,train
tarpped under rubble,trapped_debris_report,train
thanks,goodbye_thanks,train
mero didi lai deep wound xa,injury_report,train
who made you,fallback_unclear,validation
want to update status that my brother is safe,family_reunification_status,train
घरमा भूकम्प तयारीको उत्तम अभ्यास के हो,preparedness_tips_query,train
mausam kastocha,fallback_unclear,train
दिदी बेहोस हुनुभयो,medical_emergency_request,validation
k garne vanera guide garnu hos help,status_check_general,validation
whatis the ambulance number,emergency_contact_request,validation
पहिरोले एकमात्र सडक बन्द भयो,road_blockage_report,train
जाजरकोट मा बिजुली गएको छ,power_outage_report,train
भक्तपुरमा आगो छिट्टै फैलिँदैछ,fire_incident_report,train
what is the evacuation route,evacuation_guidance_query,train
ok bye ta dhanyabbad,goodbye_thanks,train
"namaste, ar you there",greeting,validation
हजुरलाई नमस्कार,greeting,validation
काठमाडौं नजिकको पुल भत्कियो,road_blockage_report,train
पराकम्पकति शक्तिशाली हुन्छ,aftershock_information_query,train
नमस्ते बहिनी!!,greeting,train
पराकम्प कति शक्तिशाली हुन्छ छिटो,aftershock_information_query,train
bye take care,goodbye_thanks,train
my father fell and hurt back,injury_report,validation
स्कूल भवन आंशिक रूपमा भत्कियो!!,building_collapse_report,train
wall khaseko le mero bai lai thichyo,trapped_debris_report,train
पोखरा मा बिजुलीको तार खसेकोछ,power_outage_report,train
दिदी कोलागि खाद्यान्न चाहियो,food_water_request,train
gas stove cause fire,fire_incident_report,train
h bhai kasto cha,greeting,train
काठमाडौं मा जोडदार धक्का महसुस भयो,earthquake_occurring_report,train
123456 pls,fallback_unclear,train
भूकम्पपछि केगर्ने,status_check_general,validation
जाजरकोट मा बिजुली गएकोछ,power_outage_report,train
pura building dhalyo Kathmanduma,building_collapse_report,train
mero bhai lai chest am dukheko xa,medical_emergency_request,train
there is a fire in Bhaktapur,fire_incident_report,validation
अहिले मैले के गर्ने,status_check_general,train
building collapsed in Kathandu,building_collapse_report,train
aago chittai failira xa hamro arrea ma,fire_incident_report,train
भक्तपुर को लागि पराकम्प चेतावनी!!,aftershock_information_query,train
my grandfather is stuck under the roof,trapped_debris_report,train
म र आमा थुनिएका छौं,trapped_debris_report,train
ahile kgarnu parxa,status_check_general,train
what is the ambulance number,emergency_contact_request,train
safest wy to leave the building,evacuation_guidance_query,train
सी पीआर कसरी गर्ने,first_aid_query,train
भक्तपुर नजिकैको घरमा आगो लागेको छ,fire_incident_report,train
mainn road band cha,road_blockage_report,validation
ल ठिक छ बाई,goodbye_thanks,train
gas leak near Gorkha,gas_leak_report,train
safe place kahacha,safe_location_query,train
yo bhukampa sanga related xaina urgent pls,fallback_unclear,train
hostel najik gas leak bhayo,gas_leak_report,train
searching for my grandfather in Bhaktapur,family_member_missing,train
building ma fire xa school najik najik urgent pls,fire_incident_report,train
दाजु लाई सुरक्षित फेला परेको छ???,family_reunification_status,train
जोक भन छिटो,fallback_unclear,train
mero bhai sanga ocntact tutyo,family_member_missing,validation
hamro ghar unsaafe xa shelter chai,shelter_request,train
bhukampa ko jhatka abhi feelbhayo,earthquake_occurring_report,train
ok tanks bye is ma jaanchu,goodbye_thanks,train
ghar bhtkiyo Kathmandu ma,building_collapse_report,train
hostel najik gas leak bhayo!!!,gas_leak_report,train
shelter needed for my father and kids,shelter_request,train
घरभरि ग्यासको गन्ध छ प्लिज,gas_leak_report,train
want to upddate status that my grandmother is safe,family_reunification_status,train
building collapsed in ajarkot,building_collapse_report,train
pinned nuder debris,trapped_debris_report,train
ल ठिक छधन्यवाद,goodbye_thanks,train
mero bhai debris mmuni thuniyo,trapped_debris_report,train
ahilek garne ma,status_check_general,validation
what,fallback_unclear,validation
where is the nearest safe zone,safe_location_query,train
evacuation ko laggi khulla thau kaha cha,safe_location_query,train
mero bhai sanga contact tutyo,family_member_missing,train
भत्किएको घरभित्र फसेको छु!!,trapped_debris_report,train
प्राथमिक उपचार किटमा के चाहिन्छ,first_aid_query,train
पोखरा मा बिजुलीको तार खसेको छ,power_outage_report,train
worried abut gas leak in apartment,gas_leak_report,validation
काठमाडौं नजिक पहिरोले सडक बन्दभयो,road_blockage_report,train
where is the designated safe zone in Jajarkot,safe_location_query,train
दाजु अझै घरआउनुभएको छैन,family_member_missing,train
what is th eevacuation route,evacuation_guidance_query,train
bhukampa report garna man xa ahmro area ma,earthquake_occurring_report,train
hiiii,greeting,validation
शुभप्रभात,greeting,validation
stuck nuder a collapsed wall,trapped_debris_report,train
safe place kaha a near Gorkha,safe_location_query,train
जाजरकोट जान सकिँदैन सडक बन्द छ प्लिज,road_blockage_report,train
mero ghar ma crack aayo safe cha ki!!!,building_damage_check,validation
म सुरक्षाको लागि कहाँ जानुपर्छ,safe_location_query,validation
विस्थापितहरूलाई बस्ने ठाउँ चाहिन्छ,shelter_request,train
ghar collapse bhayo hami bhitra fasyou,trapped_debris_report,train
hamro area ko lagi aftershock warning!!!,aftershock_information_query,train
पर्खालमा ठूला चिरा छन् बाहिरिनु पर्छ कि,building_damage_check,validation
bhukampa pachi mero didi lai bhettauna sakina,family_member_missing,train
ga leak near Lalitpur,gas_leak_report,train
यो भूकम्पसँग सम्बन्धित छैन,fallback_unclear,train
someone fainted need medical help,medical_emergency_request,train
is anothr earthquake coming,aftershock_information_query,train
how to evacuate with lederly people,evacuation_guidance_query,validation
heplp,sos_help_request,train
दिदी लाई गहिरो घाउ छ छिटो,injury_report,validation
भक्तपुर नजिकैको घरमा आगो लागेको छ है,fire_incident_report,validation
raati basna tent chai,shelter_request,train
displaced nede a place to stay,shelter_request,train
नमस्ते बुवा,greeting,train
mero aama lai safely locate garya,family_reunification_status,train
thanks a lot plz,goodbye_thanks,validation
भक्तपुर नजिकैकोघरमा आगो लागेको छ,fire_incident_report,train
गोर्खा मा आगो छिट्टैफैलिँदैछ,fire_incident_report,train
नेपाल रेडक्रसको हेल्पलाइन नम्बर!!,emergency_contact_request,train
rleief camp ma mero didi bhetiyo,family_reunification_status,train
mero buwa ko phone lagdaina bhukampaa dekhi,family_member_missing,train
aftershock kat istrong huncha,aftershock_information_query,train
mero aama debris muni thniyo,trapped_debris_report,train
my father is uconscious,medical_emergency_request,train
mausam kasto ccha,fallback_unclear,train
buried under rubble now,trapped_debris_report,train
भक्तपुर नजिक पहिरोले सडकबन्द भयो,road_blockage_report,train
hello dai malai kehi sodhnu thiyo,greeting,train
कोहि छैन र मद्दत गर्ने है,sos_help_request,train
bhukampa pachi mero bhai li bhettauna sakina,family_member_missing,validation
काठमाडौंमा भूकम्प गयो,earthquake_occurring_report,train
भूकम्पको धक्का महसुस भयो!!,earthquake_occurring_report,train
building mafire xa hamro area najik,fire_incident_report,train
relief camp ma mero didi bhetiyo,family_reunification_status,train
गोर्खा मा सम्पूर्ण भवन ढल्यो,building_collapse_report,train
mero saathi lai chest ma dukehko xa,medical_emergency_request,train
यहाँ सफा पानी उपलब्ध छैन प्लिज,food_water_request,validation
road block bhayo landslide le hamro area najik help,road_blockage_report,train
यति नै हो धन्यवाद!!,goodbye_thanks,train
gaun najik ko pul bhatkiyo,road_blockage_report,train
भक्तपुर मा जोडदारधक्का महसुस भयो,earthquake_occurring_report,train
"namastebot, are u online",greeting,train
hlp me,sos_help_request,train
entirebuilding came down in Jajarkot,building_collapse_report,train
"trapped, please send rescue plz",trapped_debris_report,train
आमा लाई गम्भीर चोट लागेको छ हजुर,injury_report,validation
safe evacuation point near me,safe_location_query,train
severe bleedingneed medic,medical_emergency_request,validation
सहयोग चाहियो,sos_help_request,train
पोखरा मा घर भत्कियो,building_collapse_report,train
काठमाडौं मा बिजुलीको तार खसेको छ,power_outage_report,train
प्राथमिक उपचारकिटमा के चाहिन्छ,first_aid_query,validation
ललितपुर मा जोडदार धक्का महसुस भयो,earthquake_occurring_report,train
our house collapsed completely,building_collapse_report,train
fire spreeading fast in Lalitpur,fire_incident_report,train
earthquake alert,earthquake_occurring_report,train
आमा लाई छातीमा दुखाइ भइरहेकोछ,medical_emergency_request,train
wall khaseko le mero saathi lai tichyo,trapped_debris_report,train
भक्तपुर जान सकिँदैन सडक बन्द छ,road_blockage_report,train
my father fell and hurt back???,injury_report,train
हामीलेअस्थायी आश्रय कहाँ पाउन सक्छौं,shelter_request,train
random type gardai xu,fallback_unclear,train
भूकम्पदेखि हजुरबुबा बेपत्ता हुनुभएकोछ,family_member_missing,train
building on fire near Gorkha,fire_incident_report,train
good mornnig,greeting,train
should i expect more tremorstonight,aftershock_information_query,train
ल ठिकछ बाई,goodbye_thanks,train
hello jisanchai hunuhuncha,greeting,train
temporary shelter kaha paunxa,shelter_request,train
found my grandfather at the relief camp,family_reunification_status,train
ghar bhatkiyo gaun ma,building_collapse_report,train
फर्निचरलाई खस्नबाट कसरी सुरक्षित गर्ने,preparedness_tips_query,train
के हामी तुरुन्तैनिकासा गर्नुपर्छ,evacuation_guidance_query,train
jhatka mahsus bhayo 5 minute agadi,earthquake_occurring_report,validation
छोरी को बेपत्ता व्यक्ति रिपोर्ट!!,family_member_missing,train
power outagei n Kathmandu,power_outage_report,train
my father has a deep wound,injury_report,train
how to treat a cut wound,first_aid_query,train
gas leak near Bhaktapur,gas_leak_report,train
Kathmandu ma safe zone kaha cha,safe_location_query,validation
घाउमा पट्टी कसरीबाँध्ने,first_aid_query,validation
bhukampa gayo Kathmandu ma???,earthquake_occurring_report,validation
काठमाडौं को लागि पराकम्प चेतावनी प्लिज,aftershock_information_query,train
building ma ifre xa hamro area najik,fire_incident_report,train
के म अहिलेघरभित्र फर्कन सक्छु,building_damage_check,train
power outagein Lalitpur,power_outage_report,train
आमा को लागिखाद्यान्न चाहियो,food_water_request,train
धन्यवादहजुर,goodbye_thanks,train
"thank you, that helped",goodbye_thanks,validation
भूकम्पपछि आगलागी भयो,fire_incident_report,train
अहिलेको अवस्था के हो,status_check_general,train
earrthquake bhayo hamro area ma,earthquake_occurring_report,train
bhukampa report garna mman xa mero ghar najik ma,earthquake_occurring_report,train
gas leak near Llaitpur,gas_leak_report,train
"thank you, tha helped",goodbye_thanks,train
there is a fire in Pokhara,fire_incident_report,train
smell of gas after earthquake,gas_leak_report,train
दिदी बेहोस हुनुभयो है,medical_emergency_request,train
हजुरआमा लाईगम्भीर चोट लागेको छ,injury_report,train
searching for my grandfather inBhaktapur,family_member_missing,train
help me pls im scared,sos_help_request,train
shelter needed for my mother andd kids,shelter_request,train
our house is unsafe need shelter help,shelter_request,train
mero aama pinned under debris malai help chai,trapped_debris_report,train
big bhukampajasto lagyo,earthquake_occurring_report,validation
my brother fell and hurt back,injury_report,train
cannot reach Kathmandu road is closed,road_blockage_report,train
mero dididebris muni thuniyo,trapped_debris_report,train
want to update satus that my grandfather is safe,family_reunification_status,train
need ration for my sister plz,food_water_request,train
भूकम्प आयो,earthquake_occurring_report,validation
yaha ma safe zone kaha cha,safe_location_query,train
my grandmother is unconscious pls,medical_emergency_request,train
bhukampa report garna man xa Pokhara ma,earthquake_occurring_report,train
ललितपुर मा घर भत्कियो हजुर,building_collapse_report,train
ghar bhatkiyo hamr oarea ma,building_collapse_report,train
hijo dekhi khana xaina urgent pls,food_water_request,train
काठमाडौं मा भूकम्पगयो,earthquake_occurring_report,validation
भक्तपुर मा जोडदार धक्का महसुस भयो,earthquake_occurring_report,train
एस ओएस,sos_help_request,train
पर्यटक प्रहरीको नम्बर दिनुहोस्,emergency_contact_request,train
i dont know whatto do,status_check_general,train
merofamily member safe bhetiyo,family_reunification_status,validation
my grandfathe rdid not come home yet,family_member_missing,train
what is the current situation pls,status_check_general,validation
someboy help,sos_help_request,train
want to update status that my mother is safe,family_reunification_status,validation
mero bhai unconscious bhayo plz,medical_emergency_request,validation
bhukampa pcahi k garne,status_check_general,train
the house has completely collapssed,building_collapse_report,train
smoke coming from the house now,fire_incident_report,train
पोखरा मा जोडदार धक्का महसुस भयो!!,earthquake_occurring_report,train
my brother has a deepwound,injury_report,train
my father needs ambulannce urgently,medical_emergency_request,train
गोडा मर्केर हिँड्न सकिँन,injury_report,train
earthquake preparedness k otips dinu hos,preparedness_tips_query,train
नजिकैको राहत शिविर कहाँ छ,shelter_request,validation
wall khaseo le mero buwa lai thichyo,trapped_debris_report,train
भूकम्पदेखि छोरी बेपत्ता हुनुभएको छ,family_member_missing,train
gas stove le aago lgayo,fire_incident_report,train
sfae place near me,safe_location_query,train
kitchen m aago lagyo bhukampa ko bela,fire_incident_report,validation
pregnant lady lai emergency care chai plz,medical_emergency_request,train
जाजरकोट नजिकको पुल भत्कियो,road_blockage_report,validation
landslide blocking the only road out,road_blockage_report,train
नमस्तेजी,greeting,train
thnak you,goodbye_thanks,validation
bhukampa aayo abhi,earthquake_occurring_report,validation
earthquaake agadi k k ready rakhne,preparedness_tips_query,train
अहिले कुन चरण पालना गर्ने???,status_check_general,train
mero bhai lai safely locate garya,family_reunification_status,validation
नमस्ते छिटो,greeting,validation
found my grandfather at the rlief camp,family_reunification_status,train
my granfather is unconscious,medical_emergency_request,train
भूकम्पदेखि छोरी बेपत्ता हुनुभएको छ है,family_member_missing,train
where can we take shelter safely,safe_location_query,train
ललितपुर मा तोकिएको सुरक्षित क्षेत्र कहाँ छ है,safe_location_query,train
नमस्ते,greeting,train
ललितपुर मा सम्पूर्ण भवन ढल्यो,building_collapse_report,train
hamro area ma safezone kaha cha,safe_location_query,train
gas leak near Bhaktapuur,gas_leak_report,validation
दमकलको सम्पर्क नम्बर छिटो,emergency_contact_request,train
which open area is saf eto gather,safe_location_query,train
पोखरा मा तोकिएको सुरक्षित क्षेत्र कहाँ छ है,safe_location_query,validation
meero mama sanga contact tutyo,family_member_missing,train
bhukampa report garna man xa Gorkha ma asap,earthquake_occurring_report,train
malai bachau pleae,sos_help_request,train
hello dai k cha khabar help,greeting,validation
बुबा सुरक्षित हुनुहुन्छ भनेर स्थिति अपडेट गर्न चाहन्छु है,family_reunification_status,train
family ko lagi foodsupply chai,food_water_request,validation
lost contact with m ymother,family_member_missing,validation
wall bhatkiyo road ma,building_collapse_report,train
brick khaseko le lagyo asap,injury_report,train
काठमाडौंमा सम्पूर्ण भवन ढल्यो,building_collapse_report,train
गोर्खामा बिजुली गएको छ,power_outage_report,train
hi,greeting,train
safe place kaha xa near Kathmandu,safe_location_query,train
सहयोगगर्नु होला,sos_help_request,train
बिहानदेखि दिदी बाट कुनै खबर छैन,family_member_missing,train
aftershock warning for Gorkha???,aftershock_information_query,train
head injury bhayo debris khaseko le urgent pls,injury_report,train
hamro area ma safe zone kaha cha pls,safe_location_query,train
my sister is trapped under debris,trapped_debris_report,validation
छत खसेर हजुरआमा थुनिनुभयो,trapped_debris_report,train
पोखरा नजिकैको घरमा आगो लागेको छ छिटो,fire_incident_report,train
everythign is shaking,earthquake_occurring_report,train
bhukampa ko jhatk 5 minute agadi feel bhayo,earthquake_occurring_report,validation
hi malai chahyo help,greeting,train
पोखरा मा आगो छिट्टै फैलिँदैछ,fire_incident_report,validation
hello madaam,greeting,train
evacuation k route k ho,evacuation_guidance_query,validation
भक्तपुरमा तोकिएको सुरक्षित क्षेत्र कहाँ छ,safe_location_query,train
ललितपुर मा जोडदार धक्का महसुस भयो???,earthquake_occurring_report,train
safe place kahax a near Pokhara,safe_location_query,validation
mero buwa lai deep wound xa,injury_report,validation
गर्भवती महिलालाई उपचार चाहियो,medical_emergency_request,train
cannot find my son after the quake,family_member_missing,train
tent camp ko location chai!!!,shelter_request,train
reunited with my mtoher now,family_reunification_status,train
mero didi pinned under debris malai help chi,trapped_debris_report,train
हामीलाई मद्दत चाहियो???,sos_help_request,validation
भूकम्पदेखि हजुरबुबा बेपत्ता हुनुभएको छ,family_member_missing,train
छोरी अझै घरआउनुभएको छैन,family_member_missing,train
hamro area ko lagi aftershock warning urgent pls,aftershock_information_query,train
भूकम्पदेखिहजुरबुबा को फोन लाग्दैन,family_member_missing,train
need baby formula aand water,food_water_request,validation
भूकम्पगयो,earthquake_occurring_report,train
earthquake just occurred 5 minutes ago!!!,earthquake_occurring_report,validation
aaja raati arko jhatka aaunxa ki,aftershock_information_query,train
अहिले मैले के कदम चाल्ने प्लिज,status_check_general,train
भूकम्प ५ मिनेट अगाडि आएको हो,earthquake_occurring_report,train
there isa fire in Gorkha,fire_incident_report,train
mero buwa la ichest ma dukheko xa,medical_emergency_request,train
mero bhai lai badly injury bhayo plz,injury_report,train
हजुरआमा बेहोस हुनुभयो,medical_emergency_request,train
बिजुलीको तारबाटआगो लाग्यो,fire_incident_report,train
ran out of food and water now,food_water_request,train
जाजरकोट मा बिजुलीको तार खसेको छ,power_outage_report,validation
strong gas smell xabuilding ma,gas_leak_report,train
building collapsed ni Gorkha,building_collapse_report,train
hi maali chahiyo help,greeting,train
my grandmoher fell and hurt back,injury_report,train
cannot reach Jajarkot road is closed,road_blockage_report,train
bab yformula ra pani chai,food_water_request,train
mreo buwa unconscious bhayo,medical_emergency_request,train
काठमाडौं को लागि निकासा योजना,evacuation_guidance_query,train
meor buwa lai deep wound xa,injury_report,train
yo ghar ma basna safe cha ki xania,building_damage_check,train
छतखसेर हजुरबुबा थुनिनुभयो,trapped_debris_report,train
mero saathi harura kids ko lagi shelter chai,shelter_request,train
ललितपुर को लागि पराकम्प चेतावनी प्लिज,aftershock_information_query,train
भक्तपुर मा सम्पूर्ण भवन ढल्यो हजुर,building_collapse_report,train
lost contact with my brother plz,family_member_missing,train
no house to stay need shelter urgently,shelter_request,train
rescue chai xa ma thuniyekoxu,trapped_debris_report,train
what to do after an earthquake,status_check_general,train
kun khulla thau safe cha gather gana,safe_location_query,validation
emergency kit ma k k hunu pparxa,preparedness_tips_query,validation
first aid for a broken arm,first_aid_query,train
hamro area ko lagi evacuation plan,evacuation_guidance_query,train
पोखरा मा आगो छिट्टैफैलिँदैछ,fire_incident_report,train
mero aama sanga abhi reunite bhayo plz,family_reunification_status,train
hey there now,greeting,train
पराकम्प कति समयसम्म रहन्छ!!,aftershock_information_query,validation
how often sholud i check emergency supplies,preparedness_tips_query,train
my father is missing since the earthquake,family_member_missing,validation
want to update status that my grandmother is safe,family_reunification_status,train
ghar collapse bbhayo hami bhitra fasyou,trapped_debris_report,validation
mero aama ghar aaunu bhako axina ahile samma,family_member_missing,train
हजुरबुबा बेहोसहुनुभयो,medical_emergency_request,train
process to report a family memberfound,family_reunification_status,train
गोर्खा मा भूकम्प गयो,earthquake_occurring_report,train
arkobhukampa aaunxa ki,aftershock_information_query,train
earthquake hit Pokhara just now,earthquake_occurring_report,train
relief camp ma mero buwa bhetiyo,family_reunification_status,train
ललितपुर जान सकिँदैन सडक बन्द छ,road_blockage_report,validation
heart attacksymptoms need doctor,medical_emergency_request,train
no houe to stay need shelter urgently,shelter_request,validation
bhukampa report garna man xa Kathmandu ma now,earthquake_occurring_report,train
sprai nbhayeko khutta ko lagi k garne,first_aid_query,train
are you a real person urgent pls,fallback_unclear,train
thanksa lot,goodbye_thanks,validation
एस ओ एस हजुर,sos_help_request,train
आमा र बालबालिकाका लागि आश्रय चाहियो,shelter_request,train
नमस्ते जी है,greeting,train
need drinking water asap,food_water_request,validation
हजुरआमा सुरक्षित हुनुहुन्छ भनेर स्थिति अपडेट गर्न चाहन्छु,family_reunification_status,train
ललितपुर मा आमा लाई खोजिरहेको छु!!,family_member_missing,train
bhukampa pachi k garne,status_check_general,train
पर्यटक प्रहरीको नम्बर दिनुहोस्!!,emergency_contact_request,train
घरबाटधुवाँ आइरहेको छ,fire_incident_report,train
helloo sir,greeting,validation
आज राति थप धक्का आउन सक्छ कि हजुर,aftershock_information_query,train
भूकम्पको लागि गो-ब्याग कसरीतयार पार्ने,preparedness_tips_query,train
mero buwa pinned under debris mala help chai,trapped_debris_report,train
प्रहरीआपतकालीन नम्बर दिनुहोस्,emergency_contact_request,train
power outage in Gorkha,power_outage_report,train
what is hte ambulance number,emergency_contact_request,train
नजिकैको अपार्टमेन्ट भत्कियो हजुर,building_collapse_report,train
school building partially collapsed,building_collapse_report,train
my sister fell and hurt back???,injury_report,train
tell me a joke,fallback_unclear,train
"dhanyabbad, bye bye",goodbye_thanks,train
relief camp najik cha ki,shelter_request,validation
fire spreading fast inP okhara,fire_incident_report,train
earthquake preparedness kotips dinu hos,preparedness_tips_query,train
ghau bhayeko thau ma kasari treat gare,first_aid_query,train
धन्यवाद बहिनी,goodbye_thanks,train
gharbhatkiyo gaun ma,building_collapse_report,train
power lines down in Pokhara,power_outage_report,train
mero bhai safecha vanera status update garna man xa,family_reunification_status,validation
काठमाडौं मा आगोलागेको छ,fire_incident_report,train
good morning,greeting,train
भत्किएको घरभित्र फसेको छु,trapped_debris_report,train
wall khaseko le mero didi lai thichyo,trapped_debris_report,train
bihana dekhi mero buwa bbata khabar xaina,family_member_missing,train
tapai kati umer ko hunuhuncha help,fallback_unclear,train
Kathmandu kolagi evacuation plan,evacuation_guidance_query,train
can you sing a song urgent pls,fallback_unclear,train
building safe cha ki kasari thaha pauney,building_damage_check,train
भान्सामा सानो आगो लागेको छ,fire_incident_report,train
guide me on whatt to do,status_check_general,validation
searchingfor my brother in Lalitpur,family_member_missing,train
my grandfather did not come home yet,family_member_missing,train
wall ma thulo crack cha evacuate garneki,building_damage_check,validation
this is not related to earthquake,fallback_unclear,train
आमा लडेरढाडमा चोट लाग्यो,injury_report,train
dos this thing work,fallback_unclear,train
road blocked by landslide near Jajarkot,road_blockage_report,train
छोरी सँग सम्पर्क टुटेको छ???,family_member_missing,validation
अहिले हजुरआमासँग भेट भयो,family_reunification_status,validation
बुबा लाई एम्बुलेन्सचाहियो छिटो,medical_emergency_request,train
mero mama ko phone lagdaina bhukampa dekhi???,family_member_missing,train
bridge collapsed near Gorkha!!!,road_blockage_report,train
mero aama pinned under debris malia help chai,trapped_debris_report,train
searching for my brother in Lalitpur,family_member_missing,train
my brother is injured badly,injury_report,train
भूकम्प ५मिनेट अगाडि आएको हो,earthquake_occurring_report,train
दिदी सुरक्षित हुनुहुन्छ भनेर स्थिति अपडेट गर्न चाहन्छु प्लिज,family_reunification_status,train
my father phone not rachable since quake,family_member_missing,train
पराकम्पपछि घरभित्र सुत्न सुरक्षित छ कि,aftershock_information_query,train
hamro area ma bijulikatti bhayo,power_outage_report,validation
भूकम्पपछि चिरा देखा पर्यो,building_damage_check,train
najikai ko safe zone kaha cha,safe_location_query,validation
power lines down in Kathmandu,power_outage_report,train
road block bhayo landslide le hamro area najik,road_blockage_report,validation
highway blockeddue to debris,road_blockage_report,train
gr8 thanks???,goodbye_thanks,train
धन्यबाद है छिटो,goodbye_thanks,train
need ration for myfather,food_water_request,train
emergency contac tnumber haru ko list,emergency_contact_request,train
Kathmandu ma power line khaseko cha,power_outage_report,train
हजुरबुबा लाई गम्भीर चोटलागेको छ,injury_report,train
गोर्खा नजिकको पुल भत्कियो,road_blockage_report,validation
mreo didi ko phone lagdaina bhukampa dekhi,family_member_missing,validation
hamro area ko lagi evacuationplan,evacuation_guidance_query,train
गीत गाउन सक्छौ,fallback_unclear,train
mero bhai lai ambulance chai urgent,medical_emergency_request,train
bhukampako jhatka aaile feel bhayo,earthquake_occurring_report,train
earthquake agadi k k ready rakhne urgent pls,preparedness_tips_query,validation
नजिकैको सुरक्षित ठाउँ कहाँ छ है,safe_location_query,train
where is the nearestrelief camp,shelter_request,train
ठिक छ धन्यवाद है,goodbye_thanks,train
kitchen ma aago lagyo bhukampa ko bela,fire_incident_report,train
what is thecurrent situation,status_check_general,train
safe place kaha cha,safe_location_query,train
ahile ko sitution k ho,status_check_general,train
gana gauna saknu huncha,fallback_unclear,train
bazaarma fire lagyo,fire_incident_report,validation
need ration for my mother asap,food_water_request,train
पोखरा मा भूकम्प गयो हजुर,earthquake_occurring_report,train
hel!!,sos_help_request,train
जाजरकोट मा घर भत्कियो,building_collapse_report,train
evacuation ko lagi khulla thau kaha cha,safe_location_query,train
building collapsed inPokhara,building_collapse_report,validation
mero didi safe cha vanera status update garna man xa!!!,family_reunification_status,train
cannot move stuck under conccrete malai,trapped_debris_report,train
how old are you!!!,fallback_unclear,validation
will there be aftershocks???,aftershock_information_query,train
earthquake inn Pokhara,earthquake_occurring_report,train
thanks for the elp,goodbye_thanks,validation
"trapped, please send rrescue",trapped_debris_report,train
how to register a found amily member,family_reunification_status,validation
thanks bro ekdam ramro jankai,goodbye_thanks,validation
what''s your favorite food,fallback_unclear,train
mero bhai debrismuni thuniyo,trapped_debris_report,train
helllo,greeting,train
aftershock warinng for Lalitpur,aftershock_information_query,train
मेरो घरलाई भूकम्प प्रतिरोधी कसरीबनाउने,preparedness_tips_query,train
काठमाडौंमा आगो छिट्टै फैलिँदैछ,fire_incident_report,validation
आदाब हजुर,greeting,train
इँटा खसेर लाग्यो,injury_report,train
power lines down in Lalitpur???,power_outage_report,train
bridge collapsed near Pokhara???,road_blockage_report,validation
भूकम्पपछि छोरी लाई भेट्टाउन सकिएको छैन,family_member_missing,train
"trapped, please send rescue",trapped_debris_report,train
my brother collapsed and not waking up,medical_emergency_request,train
mero didi laai safely locate garya,family_reunification_status,train
hami abhi evacuate garun parxa ki,evacuation_guidance_query,train
पोखरा मा भूकम्प गयो,earthquake_occurring_report,validation
mero saathi lai chest ma dukheko xa,medical_emergency_request,validation
भक्तपुर नजिक पहिरोले सडक बन्द भयो,road_blockage_report,train
thanks yesto helpful huncha,goodbye_thanks,train
missing person report for my brother???,family_member_missing,train
बुबा को लागि खाद्यान्न चाहियो प्लिज,food_water_request,train
घाउ भएको ठाउँमा कसरी उपचार गर्ने,first_aid_query,train
yo ghar ma basna afe cha ki xaina,building_damage_check,train
koi cha hel pgarne,sos_help_request,validation
trapped need rescue team,trapped_debris_report,train
फर्निचरलाई खस्नबाट कसरी सुरक्षित गर्ने!!,preparedness_tips_query,train
need ration for my sister,food_water_request,train
Kathmandu jana sakidaina road band cha asap,road_blockage_report,train
राहत शिविरमा हजुरबुबा भेटियो,family_reunification_status,train
दिदी भग्नावशेषमुनिथुनिनुभयो,trapped_debris_report,train
found my father at the relief camp pls,family_reunification_status,train
my brother collapsed and nto waking up,medical_emergency_request,train
hello there???,greeting,validation
gas stove le aago lagyo,fire_incident_report,train
पानीको आपूर्ति बन्द भयो पानी चाहियो,food_water_request,train
दाजु अझै घर आउनुभएको छैन,family_member_missing,train
भक्तपुर माआगो छिट्टै फैलिँदैछ,fire_incident_report,train
पोखरामा एम्बुलेन्स चाहियो,medical_emergency_request,train
road blocke dby landslide near Pokhara,road_blockage_report,train
thank you,goodbye_thanks,train
have not heard from my brother since morning plz,family_member_missing,train
कोहि छैन र मद्दत गर्ने,sos_help_request,train
fire brigade ko contact number,emergency_contact_request,train
bihana dekhimero mama bata khabar xaina,family_member_missing,train
मद्दत पठाउनुहोस्,sos_help_request,validation
mero khutta ma chot lagyo,injury_report,validation
गोर्खा नजिक ग्यास चुहावट भयो,gas_leak_report,train
बुबा लाई एम्बुलेन्स चाहियो छिटो,medical_emergency_request,train
iddk,fallback_unclear,train
lost contact with my mother,family_member_missing,train
mero saath unconscious bhayo,medical_emergency_request,train
ahile k action ilnu parxa,status_check_general,train
jhatka mahsus bhay o5 minute agadi,earthquake_occurring_report,train
emregency kit ma k k hunu parxa,preparedness_tips_query,validation
malai bachau please,sos_help_request,validation
found my mother at the relief camp,family_reunification_status,train
test urgent pls,fallback_unclear,validation
जे पनि टाइप गर्दैछु,fallback_unclear,validation
strong gas smell ni the building,gas_leak_report,train
frist aid for a broken arm,first_aid_query,train
स्कूल भवन आंशिकरूपमा भत्कियो,building_collapse_report,train
sos sos heelp,sos_help_request,train
help asap malai dheraidar lagyo,sos_help_request,train
जोडदार भूकम्प आयो,earthquake_occurring_report,validation
rescue ko lagi kaha phone garne???,emergency_contact_request,train
दाजुसुरक्षित हुनुहुन्छ भनेर स्थिति अपडेट गर्न चाहन्छु,family_reunification_status,train
critical patient needs ambulancee now,medical_emergency_request,train
debris le highway band bhaayo,road_blockage_report,train
mero didi ghar aaunu bhako xaina ahile samma now,family_member_missing,train
relief camp mma mero buwa bhetiyo,family_reunification_status,validation
बुबा लाई छातीमा दुखाइ भइरहेको छ,medical_emergency_request,train
घर बलिरहेको छ दमकल चाहियो प्लिज,fire_incident_report,train
tent camp location needed,shelter_request,validation
what is the current situation,status_check_general,validation
ग्यास चुहियो,gas_leak_report,train
गोर्खा मा जोडदार धक्का महसुस भयो,earthquake_occurring_report,train
this is not related to earhtquake,fallback_unclear,train
गोर्खा मा घर भत्कियो!!,building_collapse_report,train
my father is injured badly,injury_report,train
namaste ma euta prashna sodhna chahanchu!!!,greeting,train
my mother collapsed aand not waking up,medical_emergency_request,validation
thre are cracks in the wall,building_damage_check,train
how do i know if my building is safe,building_damage_check,validation
cannot move stuck under concrete malai,trapped_debris_report,validation
saf eplace kaha cha,safe_location_query,train
bhachiyko haat ko first aid k ho,first_aid_query,validation
अहिले भूकम्प गयो,earthquake_occurring_report,train
cannot find my sn after the quake,family_member_missing,validation
entire building came down in Lalitpuur,building_collapse_report,validation
उद्धारकालागि कहाँ फोन गर्ने,emergency_contact_request,train
मेरो भवन सुरक्षित छ कि भनेर कसरी थाहा पाउने प्लिज,building_damage_check,train
पर्खालमा चिरा देखिएको छ???,building_damage_check,validation
what should be in an emergency kit,preparedness_tips_query,train
mero didi pinned under debris malai help chhai,trapped_debris_report,train
lost contact with my brother help,family_member_missing,train
mymother is missing since the earthquake,family_member_missing,train
bihana dekhi mero didi btaa khabar xaina,family_member_missing,train
hurt my leg during earthquake asap,injury_report,train
thannk u so much,goodbye_thanks,train
मसुरक्षाको लागि कहाँ जानुपर्छ,safe_location_query,train
उद्धारकालागि नजिकैको खुल्ला ठाउँ,safe_location_query,train
bhachhiyeko haat ko first aid k ho,first_aid_query,train
need ambulance at Gorkha,medical_emergency_request,train
nearest open ground ofr evacuation,safe_location_query,train
नमस्ते बहिनी प्लिज,greeting,train
हामी कहाँ सुरक्षित आश्रय लिन सक्छौं,safe_location_query,train
दाजु लाई सुरक्षित फेलापरेको छ,family_reunification_status,train
mero ghar ma help chai xa plz,sos_help_request,train
evacuationplan for Gorkha,evacuation_guidance_query,train
आमा लाई गम्भीरचोट लागेको छ,injury_report,train
mero mama sanga contact tutyo,family_member_missing,train
my father hsa a deep wound,injury_report,train
आमा लडेरढाडमा चोट लाग्यो???,injury_report,train
wall m acrack dekhiyo,building_damage_check,train
my mother fell and hurt back asap,injury_report,validation
doctor chai xa abhi nai now,medical_emergency_request,train
wall collapsed on thestreet,building_collapse_report,train
दाजु बेहोसहुनुभयो,medical_emergency_request,validation
thank u dai malai thaha bhayo,goodbye_thanks,train
missing person report for my brother plz,family_member_missing,train
शुभसाँझ,greeting,train
दिदी र बालबालिकाका लागि आश्रय चाहियो,shelter_request,train
आमा सँग सम्पर्क टुटेको छ,family_member_missing,train
शुभ साँझ,greeting,train
rescue ko lagi kaha phone garne,emergency_contact_request,train
my house has cracks is it sae,building_damage_check,train
mero aama ko phone lagdaina bhukampa dekhi,family_member_missing,train
thank you dai next time feri sodhchu,goodbye_thanks,validation
नमस्ते दाइ!!,greeting,train
dherai raaat bagira xa medic chai xa,medical_emergency_request,train
mero ghar ma cracka ayo safe cha ki,building_damage_check,train
yaha saaf pani xaina,food_water_request,train
सहयोग हजुर,sos_help_request,train
send help,sos_help_request,train
arko bhukampa aaunxa ki,aftershock_information_query,validation
displaced need a place to stay,shelter_request,validation
need ambulance at Lalitpur,medical_emergency_request,validation
kitchen ma aago lagyo bhukammpa ko bela,fire_incident_report,train
बाई है,goodbye_thanks,validation
हजुरबुबाको बेपत्ता व्यक्ति रिपोर्ट,family_member_missing,train
आमासुरक्षित हुनुहुन्छ भनेर स्थिति अपडेट गर्न चाहन्छु,family_reunification_status,train
gharbaliraxa fire brigade chai,fire_incident_report,train
merobhai lai safely locate garya,family_reunification_status,train
सबैभन्दा नजिकको सुरक्षित क्षेत्र कहाँ छ,safe_location_query,validation
merosaathi lai ambulance chai urgent,medical_emergency_request,train
bhukampa pachik garne,status_check_general,train
doctor chai ax abhi nai,medical_emergency_request,train
tell me what to do immeidately,status_check_general,train
kun khulla thau safe cha gather garna pls,safe_location_query,train
building ma fire xa hamro area najik???,fire_incident_report,train
building aliakti tilt bhayo danger cha ki,building_damage_check,train
मद्दतको लागिधन्यवाद,goodbye_thanks,train
kitchen mag as dherai chuhira xa,gas_leak_report,train
building ma fire xa Kathmandu najik asap,fire_incident_report,train
के म भवनभित्रफेरि जान मिल्छ,building_damage_check,train
तिमी कति उमेरको हौ,fallback_unclear,validation
सहयोगगर्नुहोस्,sos_help_request,validation
gas stove le aagoo lagyo,fire_incident_report,train
thanks yestohelpful huncha,goodbye_thanks,train
where isthe designated safe zone in Pokhara,safe_location_query,train
tent cmap ko location chai,shelter_request,train
दाजु लाई एम्बुलेन्स चाहियो छिटो,medical_emergency_request,train
first ai for a broken arm,first_aid_query,train
cannot find my mother after the quake help,family_member_missing,train
aftershock kati strong huncha,aftershock_information_query,train
my grandmother needs mabulance urgently,medical_emergency_request,train
मौसम कस्तो छ छिटो,fallback_unclear,train
thank you dai nex time feri sodhchu,goodbye_thanks,validation
तिमीले के के गर्न सक्छौ,fallback_unclear,train
help me right now now,sos_help_request,train
hamro area ma safe znoe kaha cha,safe_location_query,validation
सहयोग गर्नु न,sos_help_request,train
thank u so much,goodbye_thanks,validation
missing person report for my mother,family_member_missing,validation
mero saathi debrismuni thuniyo,trapped_debris_report,validation
thank u dai malaithaha bhayo,goodbye_thanks,validation
aaja raati arko jhatkaa aunxa ki,aftershock_information_query,validation
malai kahajana safe huncha,safe_location_query,train
gaun najik kko pul bhatkiyo,road_blockage_report,train
thanks for the help,goodbye_thanks,validation
whereis the nearest relief camp,shelter_request,train
एकदम धन्यवाद हजुर,goodbye_thanks,train
water supply cut offneed water,food_water_request,train
where is the designated safe zone in Bhaktapur,safe_location_query,validation
sas pherna sakeko xainakoi,medical_emergency_request,train
traped need rescue team,trapped_debris_report,validation
धन्यवाद हजुर,goodbye_thanks,train
aftershock aaunxa ki???,aftershock_information_query,train
bhukampa gayo Kathmandu ma!!!,earthquake_occurring_report,train
sprain bhayeko khutta ko lagi k garne,first_aid_query,train
help pls,sos_help_request,train
how to prepare an earthquake go bag???,preparedness_tips_query,train
आदाब,greeting,validation
i need help now plz,sos_help_request,train
दाजु र बालबालिकाकालागि आश्रय चाहियो,shelter_request,train
धन्यवादबहिनी,goodbye_thanks,train
कति पराकम्पआउने अपेक्षा छ,aftershock_information_query,train
hiare u working offline,greeting,train
helpp asap malai dherai dar lagyo,sos_help_request,validation
tapai k k garna saknu huncha,fallback_unclear,train
have nnot heard from my mother since morning,family_member_missing,train
hello madam,greeting,validation
baby formula ra pani chai,food_water_request,train
power outage in Jajarkot,power_outage_report,validation
gr8 thanks,goodbye_thanks,train
cannot move stuck under concrete malai???,trapped_debris_report,train
namaste ma euta prashna sodhnachahanchu,greeting,train
my grandfather is injuredbadly,injury_report,train
immedite help chai xa,sos_help_request,train
khana ra pani sakiyo,food_water_request,train
"dhanyaabd, that helped a lot",goodbye_thanks,train
mero aama lai chest ma dukheko xa,medical_emergency_request,train
जाजरकोट नजिकपहिरोले सडक बन्द भयो,road_blockage_report,train
blah blah blah???,fallback_unclear,train
asdf,fallback_unclear,train
no house to stay need shelterurgently,shelter_request,train
mero aama pinned uner debris malai help chai,trapped_debris_report,train
mero buwalai chest ma dukheko xa,medical_emergency_request,validation
idk???,fallback_unclear,validation
hey,greeting,train
help requuired,sos_help_request,train
bachcha haru lai earthquake drill ko lagi kasari prepare garne,preparedness_tips_query,validation
i need help,sos_help_request,validation
my father is trapped under debris,trapped_debris_report,train
दाजु र बालबालिकाका लागि आश्रय चाहियो!!,shelter_request,train
road damaged after earthqauke,road_blockage_report,validation
child helpline number urgent pls,emergency_contact_request,train
wall khaseko lemero aama lai thichyo,trapped_debris_report,train
debris le highway band bhayo,road_blockage_report,train
के हामी अहिले नै निकासा गर्नुपर्छ छिटो,evacuation_guidance_query,validation
aftershockupdate please,aftershock_information_query,validation
मलाई तुरुन्तै के गर्ने भनेर भन्नुहोस्,status_check_general,train
temporar yshelter kaha paunxa,shelter_request,train
bhukampagayo Pokhara ma,earthquake_occurring_report,train
मलाई बचाउनुहोस् हजुर,sos_help_request,train
दिदी रबालबालिकाका लागि आश्रय चाहियो,shelter_request,train
mero buwa lai badly injury bhayo,injury_report,train
mero buwa pinnedunder debris malai help chai,trapped_debris_report,train
my mother has beenlocated safely,family_reunification_status,train
हाम्रो घर पूर्ण रूपमाभत्कियो,building_collapse_report,train
my brotheris injured badly,injury_report,train
छिटो मद्दत चाहियो है,sos_help_request,train
mero bhai lai chest madukheko xa,medical_emergency_request,train
thanksbro,goodbye_thanks,train
stuck under a collapsed wall,trapped_debris_report,validation
जाजरकोटमा जोडदार धक्का महसुस भयो,earthquake_occurring_report,validation
burned my hand slightly,injury_report,train
हजुरबुबाबेहोस हुनुभयो,medical_emergency_request,train
ललितपुर नजिक पहिरोले सडक बन्द भयो,road_blockage_report,train
tapai k k garna saknu huncha plz,fallback_unclear,train
mero didi debris muni thuniyo,trapped_debris_report,train
धेरै धन्यवाद!!,goodbye_thanks,train
cut on myleg bleeding,injury_report,validation
मर्केको खुट्टाको लागिके गर्ने,first_aid_query,train
how many aftershocks are expected,aftershock_information_query,train
should iexpect more tremors tonight,aftershock_information_query,train
mero buwa pinned under debris malai help chai,trapped_debris_report,train
i dont know wha tto do,status_check_general,train
मलाई चोट लागेको छ,injury_report,validation
how to plan a family emergency meeting point,preparedness_tips_query,train
भक्तपुर नजिककोपुल भत्कियो,road_blockage_report,train
जाजरकोट जानसकिँदैन सडक बन्द छ,road_blockage_report,train
please help garnu bhai urgent pls,sos_help_request,validation
भक्तपुर मा जोडदार धक्का महसुस भयो छिटो,earthquake_occurring_report,train
eatrhquake,earthquake_occurring_report,train
के गर्ने भनेर मलाई मार्गदर्शन गर्नुहोस् हजुर,status_check_general,validation
हाइ,greeting,train
जाजरकोट मा तोकिएको सुरक्षित क्षेत्र कहाँ छ,safe_location_query,train
pura building dhalyo Kathmandu ma,building_collapse_report,train
helo there,greeting,train
how to stop bleeding asap,first_aid_query,train
help now,sos_help_request,validation
aago lagyo bhukampa pachi,fire_incident_report,train
bhukampa gayo hamr oarea ma,earthquake_occurring_report,train
भवनबाट निकासा गर्ने चरणहरू!!,evacuation_guidance_query,train
2 din dekhi bijuli xaina pls,power_outage_report,validation
gas pipe broke during qukae,gas_leak_report,train
road ma crack bhayo jana sakidaina,road_blockage_report,train
hi???,greeting,train
jhatka mahsu sbhayo 5 minute agadi,earthquake_occurring_report,train
mero saathi lai badly injury bhayo,injury_report,train
building bata bahira niiskane safest tarika,evacuation_guidance_query,train
राहत शिविरमा हजुरआमाभेटियो,family_reunification_status,train
aftershock update please,aftershock_information_query,train
next steps k oh bhannu hos,status_check_general,validation
thank you so much for helping!!!,goodbye_thanks,train
mero sathi pinned under debris malai help chai,trapped_debris_report,train
हेल्लो हजुर,greeting,train
ghar bata dhuwa airaxa asap,fire_incident_report,train
धन्यवाद हैसाथी,goodbye_thanks,train
please help garnu bhaai,sos_help_request,validation
बुबा लाई छातीमा दुखाइ भइरहेकोछ,medical_emergency_request,train
cannot find my son after thequake,family_member_missing,train
nede ration for my father,food_water_request,train
इँटा खसेर लाग्यो!!,injury_report,train
मलाई मद्दत चाहियो,sos_help_request,validation
road crackd cannot pass,road_blockage_report,train
critical patient needs ambulance now,medical_emergency_request,train
gha pura bhatkiyo,building_collapse_report,validation
want to update status that my siser is safe,family_reunification_status,train
tapai k k garna saknu hunncha,fallback_unclear,train
bleeding from head,injury_report,train
mero bhai lai chest ma dukheko xa,medical_emergency_request,train
where is the designated safe zone in Lalitpur???,safe_location_query,train
बुबा भग्नावशेषमुनि थुनिनुभयो छिटो,trapped_debris_report,train
aftershock warning forBhaktapur,aftershock_information_query,train
mero aama ko phone lagdaina bhukampadekhi,family_member_missing,train
is it safe to sleep indoors after aftershocks,aftershock_information_query,validation
एम्बुलेन्सको नम्बर के हो प्लिज,emergency_contact_request,train
medical emergency please help!!!,medical_emergency_request,validation
ghar baliraxa fire brigade chhai,fire_incident_report,train
tapai kati umer ko hunuuhuncha,fallback_unclear,train
evacuation ko laagi khulla thau kaha cha,safe_location_query,validation
बुबा को लागि खाद्यान्न चाहियो???,food_water_request,train
our house collappsed completely,building_collapse_report,validation
mysister collapsed and not waking up,medical_emergency_request,train
ankle sprain bhayohidna sakina,injury_report,train
सफा खानेपानीतुरुन्तै चाहियो,food_water_request,train
निकासाको मार्गके हो,evacuation_guidance_query,train
hii tapia ko naam k ho,greeting,train
मलाई थाहा छैन के गर्ने है,status_check_general,train
najikai ko apartmentbhatkiyo,building_collapse_report,train
खुट्टामा घाउ भएर रगत बगिरहेको छ???,injury_report,train
electtrical fire lagyo,fire_incident_report,train
road blocked by landslide near Bhaktapur,road_blockage_report,validation
big bhukammpa jasto lagyo,earthquake_occurring_report,train
जाँच्दैछु हजुर,fallback_unclear,train
राहत शिविरमाबुबा भेटियो,family_reunification_status,train
tourist police ko number dinu hos,emergency_contact_request,train
searching for my fathe rin Kathmandu,family_member_missing,validation
खानेपानी चाहियो,food_water_request,train
mero bhai debris muni thuniyo,trapped_debris_report,train
दाजु भग्नावशेषमुनिथुनिनुभयो,trapped_debris_report,train
hi bhai kasto cha,greeting,validation
भक्तपुर जान सकिँदैन सडक बन्द छ!!,road_blockage_report,validation
power lines down in Bhaktapur,power_outage_report,train
आज राति थप धक्का आउनसक्छ कि,aftershock_information_query,train
budo budi sanga kasari evacuaet garne,evacuation_guidance_query,train
trapped xu ghar bhatkeko debrsi muni,trapped_debris_report,train
अनि!!,fallback_unclear,train
धन्यवाद है,goodbye_thanks,train
thanks bro,goodbye_thanks,train
what ccan you do,fallback_unclear,train
small fire in the kitchen,fire_incident_report,train
हामीलाई मद्दत चाहियो,sos_help_request,train
building on firenear Lalitpur,fire_incident_report,train
भक्तपुर नजिकको पुल भत्कियो है,road_blockage_report,train
aftershock pachi ghar bhitra ustna safe cha ki,aftershock_information_query,train
what plz,fallback_unclear,train
सहयोग,sos_help_request,train
building bata evacuate garnesteps,evacuation_guidance_query,train
बाल हेल्पलाइन नम्बर,emergency_contact_request,train
k hoo yo bot,fallback_unclear,train
टाउकोबाटरगत बगिरहेको छ,injury_report,train
wat to do during evacuation,evacuation_guidance_query,validation
mero aama bbuwa ra kids ko lagi shelter chai,shelter_request,train
mero aama unconscious bayo,medical_emergency_request,train
bye take acre,goodbye_thanks,validation
road blocked by landslide near Lalitpur asap,road_blockage_report,validation
बिजुली कहिले आउँछ,power_outage_report,train
pura buliding dhalyo hamro area ma,building_collapse_report,train
hlo!!!,greeting,train
aago chittai failira xa hamro area ma pls,fire_incident_report,train
thanks thats' all,goodbye_thanks,train
bhukamp aaayo,earthquake_occurring_report,validation
where is the designated safee zone in Jajarkot,safe_location_query,train
mero aamalai ambulance chai urgent,medical_emergency_request,validation
police emergency number dinu hos,emergency_contact_request,train
भूकम्पपछि के गर्ने,status_check_general,train
bhachiyeko haat ko first aid k ho,first_aid_query,train
merobuwa debris muni thuniyo,trapped_debris_report,validation
earthquake hit Lalitpur 5minutes ago,earthquake_occurring_report,train
gas leak bhyo,gas_leak_report,train
धन्यवाद बुवा छिटो,goodbye_thanks,train
my mother collapsed and not waking up,medical_emergency_request,train
cylinder leaking gas,gas_leak_report,train
saaf khane pani urgentchai,food_water_request,validation
छिमेकभरि बिजुली गएको छ!!,power_outage_report,train
mero saathi bhukapa pachi missing hunuhuncha,family_member_missing,train
everything is shaking,earthquake_occurring_report,train
koi cha helpgarne,sos_help_request,train
दाजु सुरक्षित हुनुहुन्छ भनेर स्थिति अपडेट गर्न चाहन्छु,family_reunification_status,train
ललितपुर नजिकैको घरमा आगो लागेको छ,fire_incident_report,train
evacuation plan for Pokhara plz,evacuation_guidance_query,train
k ho yo bot,fallback_unclear,train
hamro area jana sakidaina road band cha now,road_blockage_report,train
bhukampa rreport garna man xa Pokhara ma,earthquake_occurring_report,train
दाजु लडेरढाडमा चोट लाग्यो,injury_report,train
building collapsed in Lalitpur plz,building_collapse_report,validation
police emergency number please!!!,emergency_contact_request,train
kasari safely evacuate garne now,evacuation_guidance_query,train
cannot reach Pokhararoad is closed,road_blockage_report,train
what's your favorite food plz,fallback_unclear,train
mero bhai lai badly innjury bhayo,injury_report,train
मद्दत गर है,sos_help_request,train
बुबा लडेरढाडमा चोट लाग्यो!!,injury_report,train
परिवारको लागि खाद्य सामग्री चाहियो!!,food_water_request,train
mero aama debris muni thuniyo,trapped_debris_report,train
help asap malai dheerai dar lagyo,sos_help_request,validation
mero aama ghar aaunu bhako xaina ahile samma,family_member_missing,train
सिलिन्डरबाट ग्यास चुहिँदैछ???,gas_leak_report,validation
mero aama sangaabhi reunite bhayo,family_reunification_status,train
छोरी को बेपत्ता व्यक्ति रिपोर्ट,family_member_missing,train
helpp,sos_help_request,train
गोर्खा मा बिजुली गएको छ,power_outage_report,train
पर्खालमा ठूला चिरा छन् बाहिरिनु पर्छ कि है,building_damage_check,train
meroo buwa lai deep wound xa,injury_report,train
please rescueme malai help chai,sos_help_request,validation
earthquakein Gorkha,earthquake_occurring_report,train
hurt my leg during earthquake,injury_report,validation
के म भवनभित्र फेरि जान मिल्छ,building_damage_check,train
howw to bandage a wound properly,first_aid_query,train
bhukampa paci mero saathi lai bhettauna sakina,family_member_missing,train
हिजोदेखि खाना छैन,food_water_request,train
mero didi ko phone lagdaina bhukampa dehki,family_member_missing,train
much appreciated help,goodbye_thanks,validation
राहत शिविरमा दाजु भेटियो,family_reunification_status,train
जाजरकोट माभूकम्प गयो,earthquake_occurring_report,train
merobuwa unconscious bhayo,medical_emergency_request,train
building collapsed in Pokhara,building_collapse_report,train
राष्ट्रिय आपतकालीन कार्य केन्द्रको नम्बर,emergency_contact_request,train
my grandmother is stuck under the roof,trapped_debris_report,train
ghar balirraxa fire brigade chai,fire_incident_report,train
mero bhai bhukampa pachi missing hunuhuncha,family_member_missing,validation
building collapsed in Kathmandu!!!,building_collapse_report,train
Kathmandu jana sakidaina road band cha,road_blockage_report,train
joke bhanna saknu huncha,fallback_unclear,train
ghar bhatkiyo Kathmandu ma,building_collapse_report,train
हजुरबुबा लाई गम्भीरचोट लागेको छ,injury_report,train
building ma fire xa hamro area najik,fire_incident_report,validation
mero didi lai deep wound xa plz,injury_report,validation
mero buwa lai aambulance chai urgent,medical_emergency_request,train
हामी कहाँ सुरक्षित आश्रय लिन सक्छौं प्लिज,safe_location_query,train
dhannyabad ekdum helpful thiyo,goodbye_thanks,train
धेरैरगत बगिरहेको छ मेडिक चाहियो,medical_emergency_request,train
जाजरकोट माआगो लागेको छ,fire_incident_report,train
yaha saafpani xaina,food_water_request,validation
kun khulla thau safe cha gather garna,safe_location_query,train
big bhukampa jasto lagyo,earthquake_occurring_report,train
छिटो निकाल्नुहोस् थुनिएको छु???,trapped_debris_report,validation
ghar bata dhuwa airaxa,fire_incident_report,train
पर्खालमा चिरादेखिएको छ,building_damage_check,train
malai nikalnu hos thuniyeko xu urgent pls,trapped_debris_report,validation
evacuation ko route k ho,evacuation_guidance_query,train
दिदी को लागि खाद्यान्न चाहियो,food_water_request,validation
hijo dekhi khana xaina,food_water_request,validation
meero didi ko phone lagdaina bhukampa dekhi,family_member_missing,train
bhukampa ko jhatka abhi feel hbayo,earthquake_occurring_report,train
malaii pillar le thichyo cannot move,trapped_debris_report,train
सहयोग???,sos_help_request,train
mydaughter is trapped under debris,trapped_debris_report,train
abhi ghar bhitra jana milxa ki,building_damage_check,train
पराकम्पकोजानकारी दिनुहोस्,aftershock_information_query,train
how to prepare an earthquake go bag plz,preparedness_tips_query,validation
road block bhayo landslide le gaun najik help,road_blockage_report,train
ahile ko situation k ho help,status_check_general,train
my father ismissing since the earthquake,family_member_missing,train
bridge collapsed near Gorkha,road_blockage_report,train
wall ma thulo crcak cha evacuate garne ki,building_damage_check,validation
अहिले मैले केकदम चाल्ने,status_check_general,train
what actions shouldi take now,status_check_general,train
ललितपुर नजिकपहिरोले सडक बन्द भयो,road_blockage_report,train
bhukampa dekhi bijuli xaiina,power_outage_report,train
आपतकालीन सामान कति पटक जाँच्ने हजुर,preparedness_tips_query,train
how to plan a family emergency meeting point plz,preparedness_tips_query,train
best practices for earthquake preparednessat home,preparedness_tips_query,validation
helo,greeting,train
firee alert near market,fire_incident_report,train
kitchencaught fire during quake,fire_incident_report,validation
हजुरआमा लडेरढाडमा चोट लाग्यो छिटो,injury_report,train
घर धेरै हल्लियो छिटो,earthquake_occurring_report,train
गोर्खा मा बिजुलीको तार खसेको छ!!,power_outage_report,train
mero bhai sanga contact tutyo pls,family_member_missing,train
any relief cmap nearby,shelter_request,train
how to treat  cut wound,first_aid_query,train
evacuation ko lagi khulla thau kaha cha!!!,safe_location_query,train
how to help choking person,first_aid_query,train
हजुरआमा बेहोस हुनुभयो है,medical_emergency_request,validation
hellp garnu na plz,sos_help_request,validation
पराकम्पपछि घरभित्र सुत्न सुरक्षित छ कि है,aftershock_information_query,train
yaha saaf panix aina,food_water_request,train
mero didi safe cha vanea status update garna man xa,family_reunification_status,train
eveything is shaking,earthquake_occurring_report,train
can i go back inside my hosue now,building_damage_check,train
ambulance ko number  kho,emergency_contact_request,train
bihana dekhi mero buwa bata khabar xaina,family_member_missing,train
mero saathi lai ambulance chai urgent,medical_emergency_request,train
दिदी भग्नावशेषमुनि थुनिनुभयो,trapped_debris_report,train
प्रहरी आपतकालीन नम्बर दिनुहोस् छिटो,emergency_contact_request,validation
need help pls,sos_help_request,train
आपतकालीन सामान कति पटक जाँच्ने???,preparedness_tips_query,train
searching for my sister in Kathmandu,family_member_missing,train
minorinjury on hand,injury_report,train
aftershock pachi ghar bhitra sutna safe cha ki,aftershock_information_query,train
building collapsed in Gorkha,building_collapse_report,validation
bhukampa gayo Kathmandu ma,earthquake_occurring_report,train
पहिरोले एकमात्र सडक बन्द भयो प्लिज,road_blockage_report,train
sprai bhayeko khutta ko lagi k garne,first_aid_query,train
नजिकैको सुरक्षित भेला हुने ठाउँ,safe_location_query,train
hamro ghar pura bhatkiyo pls,building_collapse_report,train
मेरोपरिवारको लागि आश्रय चाहियो,shelter_request,validation
हजुरबुबा लाई गहिरो घाउ छ,injury_report,train
घाउमा पट्टी कसरी बाँध्ने,first_aid_query,train
relief camp ma meero aama bhetiyo,family_reunification_status,train
mero bhai lai baldy injury bhayo,injury_report,train
Kathmandu ma safe zonekaha cha,safe_location_query,train
evacuationplan for Kathmandu,evacuation_guidance_query,train
राहत शिविरमा बुबा भेटियो है,family_reunification_status,train
which open are ais safe to gather,safe_location_query,validation
gas stove le aagolagyo,fire_incident_report,train
pelase help garnu bhai,sos_help_request,validation
my mother is injured badly,injury_report,train
cananyone help,sos_help_request,validation
i need help now,sos_help_request,train
मेरो भवन सुरक्षित छ कि भनेर कसरी थाहा पाउने,building_damage_check,train
छत खसेर छोरा थुनिनुभयो???,trapped_debris_report,validation
highway blocked due to debris,road_blockage_report,train
heart attack symptoms need doctor,medical_emergency_request,train
cracks appeared after the quake help,building_damage_check,train
gaun jana skidaina road band cha,road_blockage_report,train
आमा बेहोस हुनुभयो,medical_emergency_request,train
भक्तपुर मा तोकिएको सुरक्षित क्षेत्र कहाँ छ प्लिज,safe_location_query,validation
काठमाडौं नजिक ग्यास चुहावट भयो,gas_leak_report,train
बिजुलीको तारबाट आगो लाग्यो,fire_incident_report,validation
आपतकालीन सम्पर्क नम्बरहरूको सूची,emergency_contact_request,train
गोर्खा मा घर भत्कियो प्लिज,building_collapse_report,train
wallhas big cracks should i evacuate,building_damage_check,train
अर्को चरणहरू भन्नुहोस् छिटो,status_check_general,validation
पर्खालमा चिरा देखिएको छ,building_damage_check,train
found my grandmother at hte relief camp,family_reunification_status,train
hart attack symptoms need doctor,medical_emergency_request,validation
mero buwa debris muni thuniyo,trapped_debris_report,train
जे पनि टाइप गर्दैछु प्लिज,fallback_unclear,train
school najik ma fire lagyo,fire_incident_report,train
aftershock warning for Lalitpur,aftershock_information_query,train
जाजरकोट मा भूकम्प गयो,earthquake_occurring_report,train
cannot find my brother after the quake,family_member_missing,train
my daughter is sttuck under the roof,trapped_debris_report,validation
धन्यवाद बहिनी छिटो,goodbye_thanks,train
safe place kaha x anear Kathmandu,safe_location_query,train
बच्चाको लागि फर्मुला र पानीचाहियो,food_water_request,train
bridge collapsed near Lalitpur plz,road_blockage_report,train
debris le highway band bayo,road_blockage_report,train
mero bhai unconscious bhayo,medical_emergency_request,train
entire building came downin Kathmandu,building_collapse_report,validation
entire building came down in Jajarkot,building_collapse_report,train
bridge collapsed near Lalitpur,road_blockage_report,train
need tnts for the night,shelter_request,train
hamroarea najik ko pul bhatkiyo,road_blockage_report,train
"dhanyabad, bye bye",goodbye_thanks,train
हिजोदेखि खानाछैन,food_water_request,train
ललितपुर मा आगो छिट्टै फैलिँदैछ छिटो,fire_incident_report,train
apartment blockcollapsed nearby,building_collapse_report,train
पोखरा को लागिनिकासा योजना,evacuation_guidance_query,validation
wall ma thulo crack cha evacuate garne ki pls,building_damage_check,train
brick khaseko le lagyo,injury_report,train
छोरा अझै घर आउनुभएको छैन!!,family_member_missing,train
building collapsedin Jajarkot,building_collapse_report,train
hamro gha rnajik gas leak bhayo,gas_leak_report,train
behosh bhako manxe lai kasari elp garne,first_aid_query,train
hllo dai k cha khabar,greeting,train
trapped under rubble,trapped_debris_report,validation
relief camp najik cha ki pls,shelter_request,train
thank youdai next time feri sodhchu,goodbye_thanks,train
malai bahcau please,sos_help_request,train
how to ehlp choking person,first_aid_query,train
k garne vanera guide garnuhos,status_check_general,train
wall ma thulo crack cha evacuate garne ki,building_damage_check,train
hey bot k a halkhabar,greeting,train
child helpline number???,emergency_contact_request,validation
आमा बेहोसहुनुभयो,medical_emergency_request,train
bhukapma aayo,earthquake_occurring_report,train
फर्निचरलाई खस्नबाट कसरी सुरक्षित गर्ने छिटो,preparedness_tips_query,train
hamro ghar najiik gas leak bhayo,gas_leak_report,train
नजिकैको सुरक्षित ठाउँ कहाँ छ हजुर,safe_location_query,train
2 din dekhi bijuli xaina,power_outage_report,train
गोडा मर्केर हिँड्नसकिँन,injury_report,train
nearest safe assembly point,safe_location_query,validation
बुबा को लागि खाद्यान्न चाहियो,food_water_request,validation
safe place kaha xa near Lalitpur help,safe_location_query,train
संरचना भत्कियोमानिसहरू भित्रै हुन सक्छन्,building_collapse_report,train
emergency supplies kati choti check garne pls,preparedness_tips_query,train
जाजरकोट जान सकिँदैन सडक बन्द छ,road_blockage_report,validation
thank you so much forhelping,goodbye_thanks,train
गोर्खा मा जोडदार धक्का महसुस भयो प्लिज,earthquake_occurring_report,validation
काठमाडौं जान सकिँदैन सडक बन्द छ,road_blockage_report,train
bhukampa report garna man xa hamroarea ma,earthquake_occurring_report,train
stuck can't get out,trapped_debris_report,train
koi vane help gara na urgent pls,sos_help_request,train
bachcha haru lai earthquakke drill ko lagi kasari prepare garne,preparedness_tips_query,validation
my sisterhas a deep wound,injury_report,train
cpr steps please,first_aid_query,train
mero buwa sanga abhi reunite bhayo,family_reunification_status,train
malaai pillar le thichyo cannot move,trapped_debris_report,train
ok got it thanks pls,goodbye_thanks,train
school rea ma ambulance patau na,medical_emergency_request,train
mero buwa safe chavanera status update garna man xa,family_reunification_status,train
lost contact withmy mother,family_member_missing,train
गोर्खा नजिकैको घरमा आगो लागेको छ प्लिज,fire_incident_report,train
Kathmandu ma fire lagyo,fire_incident_report,validation
emergency help needed,sos_help_request,train
हाम्रो घर असुरक्षित छ आश्रय चाहियो प्लिज,shelter_request,train
mero aamma lai safely locate garya,family_reunification_status,train
म र दाजु थुनिएका छौं,trapped_debris_report,train
bhukampa apchi mero saathi lai bhettauna sakina,family_member_missing,validation
bhukampa report garna man xa meero ghar najik ma,earthquake_occurring_report,validation
ग्यास चुल्होले आगो लाग्यो,fire_incident_report,train
अहिले मैले के गर्नुपर्छ!!,status_check_general,train
के पराकम्प आउनेछ,aftershock_information_query,train
ghar bhitra farkana milxa ki pls,building_damage_check,train
there are cracks in thewall,building_damage_check,train
mero buwa ko phone lagdaina bhukampa dekhi urgent pls,family_member_missing,validation
building m fire xa Kathmandu najik,fire_incident_report,validation
where is the nearest safe zone plz,safe_location_query,validation
यो भूकम्पहो कि,earthquake_occurring_report,train
earthquake in Gorkha,earthquake_occurring_report,train
गोर्खा मा घर भत्कियो,building_collapse_report,train
bhiana dekhi mero buwa bata khabar xaina,family_member_missing,train
ललितपुर मा बिजुली गएको छ प्लिज,power_outage_report,train
भूकम्पपछि आमा लाईभेट्टाउन सकिएको छैन,family_member_missing,validation
हाम्रो क्षेत्रमाबिजुली कटौती भयो,power_outage_report,train
bhukampa ko jhatka aaile feel bhayo,earthquake_occurring_report,train
roofcaved in during the quake,building_collapse_report,train
cannot reach Gorkha road is closed!!!,road_blockage_report,train
aago chittai ailira xa Kathmandu ma,fire_incident_report,train
जाजरकोट मा जोडदार धक्का महसुस भयो छिटो,earthquake_occurring_report,train
kitchen caught fire durin quake,fire_incident_report,train
mero lai help chaincha,sos_help_request,train
मेरो परिवारको सदस्य सुरक्षित भेटियो है,family_reunification_status,train
hey QSFAE,greeting,train
bhukampa pachi mero didi lai bhettauna sakina urgent pls,family_member_missing,train
food distribuution point nearby,food_water_request,train
erathquake,earthquake_occurring_report,train
mero didi lai badly injury bhayo,injury_report,train
बुबा लडेरढाडमा चोटलाग्यो,injury_report,validation
अर्को भूकम्प आउनेछ कि,aftershock_information_query,train
relief camp ma mero didi bhhetiyo,family_reunification_status,train
ambulancechaincha malai,medical_emergency_request,validation
gretings,greeting,train
हजुरबुबा लाई गम्भीर चोट लागेको छ,injury_report,train
घरमाग्यास चुहावट भयो,gas_leak_report,train
काठमाडौं मा सम्पूर्ण भवन ढल्यो,building_collapse_report,validation
where is the designated safe zone in Pokhara,safe_location_query,train
के हामी तुरुन्तै निकासा गर्नुपर्छ,evacuation_guidance_query,train
काठमाडौं मा आगो छिट्टै फैलिँदैछ,fire_incident_report,train
wall bhatkiyo roadma,building_collapse_report,train
meero saathi lai chest ma dukheko xa,medical_emergency_request,train
who inspects building safety after earthquake,building_damage_check,validation
ठिकै छ छोड्नुहोस्,goodbye_thanks,train
what should i do now,status_check_general,train
wall ma crack dekhiyo now,building_damage_check,train
हामीले अस्थायी आश्रय कहाँ पाउन सक्छौं,shelter_request,train
building on fire near Jajarkot???,fire_incident_report,validation
mero saathi debris muni thuniyo,trapped_debris_report,train
पोखरा मा बिजुली गएको छ,power_outage_report,train
गोर्खा मा आगो छिट्टै फैलिँदैछ,fire_incident_report,train
ghar bata dhuwa airaxa now,fire_incident_report,train
saaf khane pani urgent chai,food_water_request,validation
क क क छिटो,fallback_unclear,train
सबैभन्दा नजिकको सुरक्षित क्षेत्र कहाँ छ प्लिज,safe_location_query,train
राति बस्नपाल चाहियो,shelter_request,train
बुबा सुरक्षित हुनुहुन्छभनेर स्थिति अपडेट गर्न चाहन्छु,family_reunification_status,train
मेरो घरलाईभूकम्प प्रतिरोधी कसरी बनाउने,preparedness_tips_query,train
building aliakti tilt bhao danger cha ki,building_damage_check,validation
khutta ma chot lagyo running bbela,injury_report,train
is this an earthquake,earthquake_occurring_report,train
के हामी तुरुन्तै निकासा गर्नुपर्छ छिटो,evacuation_guidance_query,train
ग्यास चुहावट भयो सल्लाह दिनुहोस् छिटो,gas_leak_report,train
भूकम्पदेखि हजुरबुबा को फोन लाग्दैन,family_member_missing,train
mero aama ai chest ma dukheko xa,medical_emergency_request,validation
temporary shelter kaha paunxa now,shelter_request,validation
naamste,greeting,train
ललितपुर नजिकको पुल भत्कियो,road_blockage_report,train
road damaged after earthquake,road_blockage_report,train
भर्खरै भूकम्प आयो,earthquake_occurring_report,train
भक्तपुर नजिक ग्यास चुहावट भयो???,gas_leak_report,train
हेल्लो हजुर हजुर,greeting,train
roof caved in during the quake,building_collapse_report,train
भूकम्पमा छतखस्यो,building_collapse_report,train
दिदी लाई गहिरो घाउछ,injury_report,train
मेरो परिवारको लागि आश्रय चाहियो,shelter_request,validation
खुट्टामा घाउ भएर रगत बगिरहेको छ,injury_report,train
red cross ko helpline number asap,emergency_contact_request,train
cannot reach Jajarkot roadis closed,road_blockage_report,train
where is the designated safe zone in Kathmandu,safe_location_query,validation
फेरिभेटौंला,goodbye_thanks,train
earthquake bhayo hamro area ma,earthquake_occurring_report,train
pani ko supply band bhayo pani chai,food_water_request,train
अहिले दाजु सँग भेट भयो हजुर,family_reunification_status,train
आमा लाई सुरक्षित फेला परेको छ हजुर,family_reunification_status,train
steps to evacuate the building,evacuation_guidance_query,train
bhukampa gayo hamro area ma???,earthquake_occurring_report,train
gas leak bayo ghar ma,gas_leak_report,validation
सहयोगकोलागि धन्यवाद,goodbye_thanks,train
medical emergency cha helpgarnu,medical_emergency_request,train
mero family member safe bhetiyo,family_reunification_status,train
दाजु सुरक्षित हुनुहुन्छ भनेर स्थिति अपडेट गर्न चाहन्छु है,family_reunification_status,train
strong gas smell in the building,gas_leak_report,train
"can't move, trapped under concrete",trapped_debris_report,validation
building ma fire xa bazaar najik pls,fire_incident_report,train
road blocked by landslide near Gorkha,road_blockage_report,train
earthquake hit Bhaktapur just now,earthquake_occurring_report,train
भूकम्प भर्खरै आएको हो!!,earthquake_occurring_report,train
relief camp ma mero buwabhetiyo,family_reunification_status,train
bhukampagayo hamro area ma,earthquake_occurring_report,train
थाहाछैन,fallback_unclear,train
power outagec ha hamro area ma,power_outage_report,train
my grandmother has a deep wound,injury_report,validation
2 dni dekhi bijuli xaina,power_outage_report,train
weneed help,sos_help_request,train
sprain bhayeko khutta ko lagi k garrne,first_aid_query,validation
mero bhai lai deep woound xa,injury_report,train
mnior injury on hand,injury_report,train
main road ban dcha,road_blockage_report,train
thank you ery much,goodbye_thanks,train
bhukampaa gayo Pokhara ma,earthquake_occurring_report,validation
can i go back insidde my house now,building_damage_check,train
emergency contact numbers list,emergency_contact_request,train
help pls ma dherai frihgt ma xu,sos_help_request,train
के गर्ने भनेर मलाई मार्गदर्शन गर्नुहोस्,status_check_general,validation
power lines down in oGrkha,power_outage_report,train
what is theevacuation route,evacuation_guidance_query,train
next steps k ho bhannu hos,status_check_general,train
mero dii bhukampa pachi missing hunuhuncha,family_member_missing,train
next ssteps k ho bhannu hos,status_check_general,train
ल ठिकछ धन्यवाद,goodbye_thanks,validation
बच्चाकोलागि फर्मुला र पानी चाहियो,food_water_request,train
critical patient needs ambulance now pls,medical_emergency_request,train
कसैले सहयोग गर्नुहोस्???,sos_help_request,validation
someone fainted need medicalhelp,medical_emergency_request,train
we needhelp,sos_help_request,train
missing eprson report for my mother,family_member_missing,train
बाई???,goodbye_thanks,train
power lines dow nin Bhaktapur,power_outage_report,train
म र हजुरबुबा थुनिएका छौं,trapped_debris_report,train
bridge collapsed near Pokhara,road_blockage_report,train
how to bandage a wound properly,first_aid_query,train
भक्तपुर मा सम्पूर्ण भवन ढल्यो छिटो,building_collapse_report,train
५ मिनेट अगाडि भूकम्प आयो है,earthquake_occurring_report,train
how to evacuate wiith elderly people,evacuation_guidance_query,validation
building collapsed in Kathmandu,building_collapse_report,train
buied under rubble,trapped_debris_report,train
earthquake hhit Pokhara just now,earthquake_occurring_report,validation
building collapsed in Bhaktapur,building_collapse_report,validation
polekothau ko first aid,first_aid_query,train
will there beaftershocks,aftershock_information_query,train
बुबा सुरक्षित हुनुहुन्छ भनेर स्थिति अपडेट गर्न चाहन्छु,family_reunification_status,train
earthquake hit Kathmandu justnow,earthquake_occurring_report,train
दाजु लाई गहिरो घाउ छ???,injury_report,train
mero aama kophone lagdaina bhukampa dekhi,family_member_missing,train
जाजरकोटनजिक पहिरोले सडक बन्द भयो,road_blockage_report,validation
हामी कहाँ सुरक्षितआश्रय लिन सक्छौं,safe_location_query,validation
mero aama lai ambulance chai urgent???,medical_emergency_request,train
cannot find my mother after the quake,family_member_missing,train
ललितपुर को लागिपराकम्प चेतावनी,aftershock_information_query,train
furniture lai khasnu bata kasari secure garne,preparedness_tips_query,train
first aid kit items needed,first_aid_query,validation
पर्यटकप्रहरीको नम्बर दिनुहोस्,emergency_contact_request,train
howstrong will aftershocks be,aftershock_information_query,train
हजुर नमस्ते???,greeting,train
much aappreciated,goodbye_thanks,train
के होयो,fallback_unclear,train
bhukampa pachi mero mama lai bhettaunasakina,family_member_missing,train
mero bhai sanga abhi reunite bhayo help,family_reunification_status,train
where is the designated safe zone in Lalitpur,safe_location_query,train
aftershock warning for Gorkha,aftershock_information_query,train
first aid kit items needed pls,first_aid_query,train
stuck can'tget out,trapped_debris_report,train
गोर्खा नजिक ग्यास चुहावट भयो!!,gas_leak_report,train
ललितपुरमा आगो लागेको छ,fire_incident_report,train
namaste bot are u online,greeting,train
जाजरकोटमा बिजुली गएको छ,power_outage_report,train
the house is shaking badly pls,earthquake_occurring_report,train
power outage cha hamro area ma,power_outage_report,train
safe place kaha xa near Bhaktapur plz,safe_location_query,train
ल ठिक छ धन्यवाद,goodbye_thanks,validation
khana ra pan sakiyo,food_water_request,train
थाहा छैन,fallback_unclear,train
how to prepare an earthquake go bag,preparedness_tips_query,validation
mero bhai bhukampa pachi missing hunuhuncha now,family_member_missing,train
how many aftershocks re expected,aftershock_information_query,train
power outage in Bhaktapur,power_outage_report,train
बिजुली कहिले आउँछ है,power_outage_report,train
fire alertnear market,fire_incident_report,train
संरचना भत्कियो मानिसहरू भित्रै हुन सक्छन्???,building_collapse_report,train
searching for my grandfather inLalitpur,family_member_missing,train
god evening,greeting,validation
mero didi lai safely locat egarya,family_reunification_status,train
काठमाडौं को लागि निकासा योजना छिटो,evacuation_guidance_query,train
कोही छ सहयोग गर्नुहोस्,sos_help_request,validation
helol sir,greeting,train
my brother collapsed and not waking up pls,medical_emergency_request,validation
mero aama sanga abhi reunite bhayo,family_reunification_status,train
shoul we evacuate now,evacuation_guidance_query,train
first aid forburns,first_aid_query,train
म र हजुरआमा थुनिएका छौं,trapped_debris_report,train
नमस्कार,greeting,train
hamro raea najik ko pul bhatkiyo,road_blockage_report,train
what steps should i follow now asap,status_check_general,train
evacuation ko route k ho asap,evacuation_guidance_query,validation
rescue chai xa ma thuniyeko xu,trapped_debris_report,train
yo ghar ma basna safe cha ki xaina now,building_damage_check,train
worried about gas leak in aapartment,gas_leak_report,train
my grandmother is injure badly,injury_report,train
kitchen caught fire during quake,fire_incident_report,train
building on fire near Jajarkot asap,fire_incident_report,train
road block bhayo landslide le Kathmandu najik???,road_blockage_report,train
wherecan we get temporary shelter,shelter_request,validation
केम अहिले घरभित्र फर्कन सक्छु,building_damage_check,validation
wall khaseko le mero saathi lai thichyo,trapped_debris_report,train
gas leak nar Gorkha,gas_leak_report,train
pura building dhalyo gaun ma asap,building_collapse_report,validation
electricity is out across the neighborhood urgent pls,power_outage_report,train
भूकम्पदेखि बुबा को फोनलाग्दैन,family_member_missing,train
mero bhai bhukampa pachi missin ghunuhuncha,family_member_missing,validation
i dont know what to do,status_check_general,validation
साथी नमस्ते???,greeting,validation
earthquake in Bhaktpaur,earthquake_occurring_report,train
फेरि भेटौंला,goodbye_thanks,train
पानीको आपूर्ति बन्द भयो पानी चाहियो हजुर,food_water_request,train
malai nkialnu hos thuniyeko xu,trapped_debris_report,train
reunited with my brother now,family_reunification_status,train
bhetieko family member lai kasari register arne,family_reunification_status,validation
pani ko suply band bhayo pani chai,food_water_request,train
अर्को चरणहरू भन्नुहोस्,status_check_general,train
trapped in thecollapsed house,trapped_debris_report,validation
help e,sos_help_request,train
want to update status that my brother is safe asap,family_reunification_status,train
my sister is unconscious,medical_emergency_request,train
यहाँ सफा पानी उपलब्ध छैन छिटो,food_water_request,validation
के छ त!!,greeting,train
taauko bata raagat bagira xa,injury_report,train
wht can you do,fallback_unclear,train
k oh yo bot,fallback_unclear,train
ठिकैछ छोड्नुहोस्,goodbye_thanks,train
najik ko relief camp kaha cha,shelter_request,train
power lines dow nin Pokhara,power_outage_report,train
pura building dhalyo hamro area ma,building_collapse_report,train
bhukampa gayomero ghar najik ma,earthquake_occurring_report,train
my grandmotheris unconscious,medical_emergency_request,train
hmmm,fallback_unclear,train
strong tremor bhukampa jasto???,earthquake_occurring_report,train
what can you do,fallback_unclear,train
cut on my leg bleeding,injury_report,train
building on fire near Kathmandu plz,fire_incident_report,train
aftershock kati samma rahanxa help,aftershock_information_query,train
जाजरकोट मा सम्पूर्ण भवन ढल्यो,building_collapse_report,validation
भूकम्पपछि चिरा देखा पर्यो!!,building_damage_check,train
road blockbhayo landslide le gaun najik,road_blockage_report,validation
दाजु लडेरढाडमा चोटलाग्यो,injury_report,train
my mother has adeep wound,injury_report,train
wall khasekoo le mero didi lai thichyo,trapped_debris_report,validation
hostel ma ambulance patau na,medical_emergency_request,train
धेरै धन्यवाद,goodbye_thanks,train
ललितपुर मा बिजुली गएको छ,power_outage_report,validation
ghau ma bandage ksaari garne,first_aid_query,train
bhukampa pachi mero bhai lai bhttauna sakina,family_member_missing,train
dhanyabad that helped a lot,goodbye_thanks,validation
mero buwa lai safely locate garya,family_reunification_status,train
gas leak near Pokhara,gas_leak_report,train
कुन खुल्ला ठाउँ भेला हुन सुरक्षित छ,safe_location_query,train
electricity is out across the neighborhood,power_outage_report,validation
thank you so much for helping,goodbye_thanks,train
घरमा ग्यास चुहावट भयो,gas_leak_report,train
ghar bhatkiyo hamro area ma???,building_collapse_report,train
neaest safe assembly point,safe_location_query,train
mero ghar ma crack aayo safe cha ki,building_damage_check,validation
ललितपुर नजिक ग्यास चुहावट भयो,gas_leak_report,train
need food supplies for family,food_water_request,train
अहँ!!,fallback_unclear,train
mero ghar ma help chai xa help,sos_help_request,train
aago chittai faiira xa bazaar ma,fire_incident_report,validation
बाल हेल्पलाइननम्बर,emergency_contact_request,train
just testing123,fallback_unclear,train
building safe cha kikasari thaha pauney,building_damage_check,train
school buildingpartially collapsed,building_collapse_report,train
thanks a lot bahi,goodbye_thanks,train
आमा लाई सुरक्षित फेला परेको छ है,family_reunification_status,train
found my father at the relief camp,family_reunification_status,train
अहिले हजुरबुबा सँग भेट भयो है,family_reunification_status,train
highway blocked deu to debris,road_blockage_report,train
छत खसेर दिदी थुनिनुभयो हजुर,trapped_debris_report,validation
fire brigade contact unmber,emergency_contact_request,validation
भूकम्पको लागि गो-ब्याग कसरी तयार पार्ने प्लिज,preparedness_tips_query,train
hamro ghar puar bhatkiyo,building_collapse_report,train
hami kaha shelter linna sakxam safely,safe_location_query,validation
my brother has been located safely help,family_reunification_status,train
building collapsed in Jajarkot,building_collapse_report,train
हाम्रो घर असुरक्षित छ आश्रयचाहियो,shelter_request,validation
electricity cut off in our area asap,power_outage_report,train
hamro area ma safe zone kaha cha,safe_location_query,train
बचाउनुहोस्,sos_help_request,train
earthquake hit Gorkha 5 minutes ago help,earthquake_occurring_report,train
काठमाडौं नजिक ग्यास चुहावटभयो,gas_leak_report,train
we just felt an earthquake in GGorkha,earthquake_occurring_report,train
kitchen gas leaking badly,gas_leak_report,train
red cross ko helpline number,emergency_contact_request,train
road ma crack bhayo jana sakidaina asap,road_blockage_report,train
मेरोपरिवारको सदस्य सुरक्षित भेटियो,family_reunification_status,train
earthquake go bag kasari prepare garne urgent pls,preparedness_tips_query,validation
how many fatershocks are expected,aftershock_information_query,train
mero aama buwa ra kids ko lagi shelteer chai,shelter_request,validation
घर बलिरहेको छ दमकल चाहियो,fire_incident_report,train
hmai kaha shelter linna sakxam safely,safe_location_query,train
mero didi bhukampa pachi missing hunuhuncha,family_member_missing,validation
want to update stats that my grandmother is safe,family_reunification_status,train
cannot reeach Lalitpur road is closed,road_blockage_report,train
my grandmother is injured badly,injury_report,train
नमस्कार छिटो,greeting,train
hey app,greeting,train
bhukampa pachi merosaathi lai bhettauna sakina,family_member_missing,validation
mero bhaisafe cha vanera status update garna man xa,family_reunification_status,train
power linesdown in Kathmandu,power_outage_report,train
भूकम्पआयो,earthquake_occurring_report,train
ललितपुर मा बिजुलीको तार खसेको छ,power_outage_report,train
विपद रिपोर्टिङ हटलाइन है,emergency_contact_request,train
my sisteris unconscious,medical_emergency_request,train
how to secure furniture from falling,preparedness_tips_query,train
wall khaseko le mero bhai lai thichyo now,trapped_debris_report,validation
my mother is trappe under debris,trapped_debris_report,train
पराकम्पको जानकारी दिनुहोस्,aftershock_information_query,train
reunited with my grandmothernow,family_reunification_status,train
my sister having chest pain urgent pls,medical_emergency_request,train
भूकम्पपछि हजुरबुबा लाई भेट्टाउन सकिएको छैन,family_member_missing,train
help!!,sos_help_request,train
ललितपुर माआगो लागेको छ,fire_incident_report,train
Kathmandu am power line khaseko cha,power_outage_report,train
aftershock warning for Bhaktapur help,aftershock_information_query,train
taauko bataraagat bagira xa,injury_report,train
emergency kit ma k k hunu parxa,preparedness_tips_query,train
ok thanks bye is ma jjaanchu,goodbye_thanks,train
somebody help,sos_help_request,train
malai pillar lethichyo cannot move,trapped_debris_report,train
बुबा लाई एम्बुलेन्स चाहियोछिटो,medical_emergency_request,validation
mero buwa unconscious bhayo,medical_emergency_request,train
मेरो घरलाई भूकम्प प्रतिरोधी कसरी बनाउने,preparedness_tips_query,train
खानेपानीचाहियो,food_water_request,train
भग्नावशेष खसेर टाउकोमा चोटलाग्यो,injury_report,train
अहिले आमा सँग भेटभयो,family_reunification_status,train
aaja raati arko jhatkaaaunxa ki,aftershock_information_query,validation
earthquake hti Kathmandu just now,earthquake_occurring_report,train
searching for my father in Kathmandu,family_member_missing,train
पोखरा मा बिजुलीको तार खसेको छ???,power_outage_report,train
cylinderleaking gas,gas_leak_report,train
Kathmandu najik gas leak bhayo,gas_leak_report,train
bhukampa gayo Gorkha ma,earthquake_occurring_report,validation
gas leak bhayo ghar ma,gas_leak_report,train
नमस्ते बुवा!!,greeting,train
ghar bhitra farkkana milxa ki,building_damage_check,train
भक्तपुर मा बिजुलीको तार खसेको छ छिटो,power_outage_report,train
ahile k action linu parxa,status_check_general,train
ok thanks bye,goodbye_thanks,train
छोरी अझै घर आउनुभएको छैन,family_member_missing,validation
need ration for my father,food_water_request,train
shelter needed for my fahter and kids,shelter_request,train
हजुरबुबाभग्नावशेषमुनि थुनिनुभयो,trapped_debris_report,train
random type gadai xu,fallback_unclear,train
wall khaseko le mero aama lai thichyo!!!,trapped_debris_report,train
घरभरिग्यासको गन्ध छ,gas_leak_report,validation
earthquake hit Gorkha 5 minutes ago,earthquake_occurring_report,train
पोलेको ठाउँको लागि प्राथमिक उपचार है,first_aid_query,train
give menext steps please,status_check_general,train
missing person reportfor my mother,family_member_missing,validation
bihana deki mero aama bata khabar xaina,family_member_missing,validation
गोर्खा माभूकम्प गयो,earthquake_occurring_report,train
merodidi bhukampa pachi missing hunuhuncha,family_member_missing,train
hamro ghar pura bhatkiyo,building_collapse_report,validation
there is a fire in Pokhara pls,fire_incident_report,train
buildinng on fire near Gorkha,fire_incident_report,train
the house is shaking badly,earthquake_occurring_report,validation
thank u da malai thaha bhayo,goodbye_thanks,validation
धन्यवाद है साथी,goodbye_thanks,validation
ambulance ko number k ho,emergency_contact_request,train
no food since yesterday???,food_water_request,train
my gradmother has been located safely,family_reunification_status,train
आमासँग सम्पर्क टुटेको छ,family_member_missing,train
building ma firexa bazaar najik,fire_incident_report,train
power outage cha Kathmanu ma,power_outage_report,train
टाउकोबाट रगत बगिरहेको छ प्लिज,injury_report,train
भूकम्पपछि दाजु लाई भेट्टाउन सकिएको छैन प्लिज,family_member_missing,train
mero aama unconscious bhayo plz,medical_emergency_request,train
आपतकालीन सामान कति पटक जाँच्ने,preparedness_tips_query,train
strong tremor felt justnow,earthquake_occurring_report,validation
safest way to leave the building,evacuation_guidance_query,validation
wha'ts the weather like,fallback_unclear,train
heello,greeting,train
earthquake agadi k k ready rakhne,preparedness_tips_query,train
hlo,greeting,train
safest way to leave the building pls,evacuation_guidance_query,train
road block bhayo landslide le Kathmandu najik,road_blockage_report,train
"namaste, areyou there",greeting,train
gas leak near Kathmandu,gas_leak_report,train
my son is stuck underthe roof,trapped_debris_report,validation
have not heard from my grandfahter since morning,family_member_missing,train
need ration for my broter,food_water_request,train
bhukampa report garna manxa Pokhara ma,earthquake_occurring_report,train
bhukamp ko jhatka abhi feel bhayo,earthquake_occurring_report,validation
strong gas smell xa building ma,gas_leak_report,train
building safe cha ki kasari thaha pauney urgent pls,building_damage_check,train
भवन अलिकति ढल्किएको छ खतरा छ कि हजुर,building_damage_check,train
strong tremor bhukampa jasto,earthquake_occurring_report,train
मद्दत गर्नुहोस् है प्लिज,sos_help_request,train
wall khaseko le mreo didi lai thichyo,trapped_debris_report,train
hami kaha shelter linna sakxam safly,safe_location_query,validation
gr8 thanks urgent pls,goodbye_thanks,train
hey are you the earthquake bot,greeting,train
"dhanyabad, that heped a lot",goodbye_thanks,train
dhanyabad ekdum helpful thiyo plz,goodbye_thanks,train
छत खसेर हजुरबुबा थुनिनुभयो हजुर,trapped_debris_report,validation
my father is unconscious,medical_emergency_request,train
wall has big cracks should i evacuate,building_damage_check,train
अहिले दाजु सँग भेट भयो,family_reunification_status,train
my grandmother having chest pain,medical_emergency_request,train
fire spreading fast in Pokhara,fire_incident_report,validation
mero ghar mahelp chai xa,sos_help_request,train
हाम्रोक्षेत्रमा बिजुली कटौती भयो,power_outage_report,train
दिदी सुरक्षित हुनुहुन्छ भनेर स्थिति अपडेट गर्न चाहन्छु है,family_reunification_status,validation
cannot reachBhaktapur road is closed,road_blockage_report,validation
अहँ,fallback_unclear,train
what steps should i follow now,status_check_general,validation
haat bhachiyo help chai help,injury_report,train
havenot heard from my grandfather since morning,family_member_missing,train
earthquake preparedness ko tips dinu hos,preparedness_tips_query,train
need shelter for my family,shelter_request,train
भक्तपुर मा घर भत्कियो!!,building_collapse_report,train
evacuatoin instructions please,evacuation_guidance_query,validation
म र आमाथुनिएका छौं,trapped_debris_report,train
we need help,sos_help_request,train
sas pherna sakeko xxaina koi,medical_emergency_request,train
हेल्लो हजुर है,greeting,train
बालबालिकालाई भूकम्प अभ्यासको लागि कसरी तयार पार्ने,preparedness_tips_query,validation
मद्दत पठाउनुहोस्!!,sos_help_request,train
ahile ko situation kk ho,status_check_general,train
पोखरा नजिकैको घरमा आगो लागेको छ???,fire_incident_report,validation
earthquake in Lalitpur,earthquake_occurring_report,train
ahile  garne ma,status_check_general,train
भूकम्पदेखि छोरी बेपत्ता हुनुभएको छ प्लिज,family_member_missing,train
guide me on what to do,status_check_general,validation
sabai hallyo bhukaampa le,earthquake_occurring_report,train
परिवारको भेला हुने ठाउँ कसरी योजनाबनाउने,preparedness_tips_query,train
natiional emergency operation center number,emergency_contact_request,train
thank you very much,goodbye_thanks,train
bhukampa dekhi bijulixaina,power_outage_report,train
cylidner bata gas chuhi raxa,gas_leak_report,train
furniture lai khasnu batakasari secure garne,preparedness_tips_query,train
काठमाडौं मा बिजुली गएको छ,power_outage_report,train
debrisle highway band bhayo,road_blockage_report,validation
is it safe to sleep indoors after aftershocks pls,aftershock_information_query,train
पराकम्पकति समयसम्म रहन्छ,aftershock_information_query,train
poleko thau ko firstaid,first_aid_query,train
strong ttremor felt just now,earthquake_occurring_report,train
mero bhai unonscious bhayo,medical_emergency_request,train
hamro area ma bijuli katti bhayo,power_outage_report,train
bhukampa pachi mero aama lai bhettauna sakna,family_member_missing,train
namaste can you help me,greeting,train
namaste ca you help me,greeting,train
thanksyesto helpful huncha,goodbye_thanks,train
thank u dai malai thahabhayo,goodbye_thanks,train
bhukampa pachi emro aama lai bhettauna sakina,family_member_missing,train
परिवारको लागि खाद्य सामग्रीचाहियो,food_water_request,train
ललितपुर मा आगो छिट्टै फैलिँदैछ???,fire_incident_report,train
ललितपुर मा दिदी लाई खोजिरहेको छु!!,family_member_missing,train
my mother fell and hurt back,injury_report,train
संरचना भत्कियो मानिसहरू भित्रै हुन सक्छन्,building_collapse_report,validation
छत खसेरहजुरआमा थुनिनुभयो,trapped_debris_report,train
आमा लाई सुरक्षित फेला परेको छ,family_reunification_status,train
hellp pls,sos_help_request,train
there is a fire in Kathmandu,fire_incident_report,train
भूकम्प अघि के के तयार राख्ने हजुर,preparedness_tips_query,train
relief camp ma merobuwa bhetiyo,family_reunification_status,validation
नमस्ते दाइ,greeting,validation
बुबाको बेपत्ता व्यक्ति रिपोर्ट,family_member_missing,train
namastecan you help me,greeting,train
Kathmandu maambulance patau na,medical_emergency_request,train
can i go back inside my house now,building_damage_check,train
my grandfatther did not come home yet,family_member_missing,train
bhukampa aayo bhi,earthquake_occurring_report,train
wall khaseko le mero aama lai thichyo,trapped_debris_report,validation
need drinkingwater,food_water_request,train
hi are u working offline,greeting,train
mero bha ighar aaunu bhako xaina ahile samma,family_member_missing,train
पोखरानजिकको पुल भत्कियो,road_blockage_report,train
नजिकै कुनै राहत शिविर छकि,shelter_request,train
दिदी लाई गहिरो घाउ छ,injury_report,train
ललितपुर मा आमा लाई खोजिरहेको छु,family_member_missing,train
immediate help chai xa urgent pls,sos_help_request,train
कसैले सहयोग गर्नुहोस्,sos_help_request,validation
reunitedwith my mother now,family_reunification_status,validation
नजिकै कुनै राहत शिविर छ कि,shelter_request,train
हजुरनमस्ते,greeting,train
good evening!!!,greeting,train
building bata evacuate garne steps,evacuation_guidance_query,train
evacuation plan for Bhaktapur,evacuation_guidance_query,validation
यो भूकम्प हो कि,earthquake_occurring_report,train
ran out of foodand water,food_water_request,train
गोर्खा मा बिजुलीको तार खसेको छ,power_outage_report,validation
परिवारको लागि खाद्य सामग्री चाहियो,food_water_request,train
bihana dekhii mero bhai bata khabar xaina,family_member_missing,train
bridge collapsed near Jajarkot,road_blockage_report,validation
wall khaseko le mero ama lai thichyo,trapped_debris_report,validation
hamro area ma power line khasekocha,power_outage_report,train
the main roadis blocked,road_blockage_report,train
evacuation plan for Kathmandu,evacuation_guidance_query,train
अहिले हजुरआमा सँग भेट भयो छिटो,family_reunification_status,train
ghau bhayeko thau ma kasari treat garne now,first_aid_query,validation
namaste can you help mme,greeting,train
thanks a lot bhai help,goodbye_thanks,train
धन्यवाददाई,goodbye_thanks,train
भूकम्पपछि ग्यासको गन्ध आइरहेको छ,gas_leak_report,train
दाजु लडेरढाडमा चोट लाग्यो हजुर,injury_report,train
अहिले मैले केगर्ने,status_check_general,train
please ehlp me,sos_help_request,train
के म भवनभित्र फेरि जानमिल्छ,building_damage_check,train
भक्तपुर मा घरभत्कियो,building_collapse_report,train
medical emergency cha help garnu help,medical_emergency_request,validation
malai kahaa jana safe huncha,safe_location_query,train
thank u sira li help bhayo,goodbye_thanks,validation
we just felt an earthquake in Gorkha,earthquake_occurring_report,train
bhukampa pachi mero aama lai bhettauna sakina,family_member_missing,train
mero bhai lai badly injury bhayo,injury_report,train
merro buwa lai safely locate garya,family_reunification_status,train
random text here!!!,fallback_unclear,train
safe evacuationp oint near me,safe_location_query,train
appreciate it,goodbye_thanks,train
बिहानदेखि दिदी बाट कुनै खबर छैन प्लिज,family_member_missing,train
emergency supplies kati choti check garne now,preparedness_tips_query,train
found mmy mother at the relief camp,family_reunification_status,train
काठमाडौं मा भूकम्प गयो,earthquake_occurring_report,train
trapped in the collapsed house,trapped_debris_report,train
आमा सुरक्षित हुनुहुन्छ भनेर स्थिति अपडेट गर्न चाहन्छु,family_reunification_status,validation
पराकम्पको जानकारीदिनुहोस्,aftershock_information_query,train
mero didi lai safely locate garya,family_reunification_status,train
is my apartment structurally safe now,building_damage_check,validation
hamro areama bijuli katti bhayo,power_outage_report,train
ankle sprain bhayo hidna sakina!!!,injury_report,validation
najikai ko safe zonee kaha cha,safe_location_query,train
mero bhai lai deep woud xa,injury_report,validation
राहत शिविरमा हजुरआमा भेटियो!!,family_reunification_status,train
haat ma minor chot xa now,injury_report,validation
power lines down in Jajarkot,power_outage_report,train
पोखरामा बिजुली गएको छ,power_outage_report,train
bye urgent pls,goodbye_thanks,train
बच्चाको लागि फर्मुला र पानी चाहियो,food_water_request,train
reunited with my mother now,family_reunification_status,train
how often should i check emergency supplies,preparedness_tips_query,train
gas ko smell airaxa bhukampa pachi pls,gas_leak_report,validation
दिदी लडेरढाडमा चोट लाग्यो,injury_report,train
Kathmandu najik ko pul bhatkiyo plz,road_blockage_report,train
asdkajsd,fallback_unclear,validation
yo ghar ma basna safe cha ki xaina,building_damage_check,train
wall collapsed onthe street,building_collapse_report,train
पराकम्प कति समयसम्म रहन्छ,aftershock_information_query,train
हजुरआमा भग्नावशेषमुनिथुनिनुभयो,trapped_debris_report,train
what hsould be in an emergency kit,preparedness_tips_query,train
wall batkiyo road ma,building_collapse_report,train
भूकम्प भर्खरैआएको हो,earthquake_occurring_report,train
गोर्खा मा भूकम्प गयो है,earthquake_occurring_report,validation
घर भत्किएर भित्र फसियौं हजुर,trapped_debris_report,train
my father is unconscous,medical_emergency_request,train
cool thaanks,goodbye_thanks,train
how to prepare kids for earthquake drills,preparedness_tips_query,train
strong gas smell in the building now,gas_leak_report,train
बुबा लाईछातीमा दुखाइ भइरहेको छ,medical_emergency_request,train
मलबाका कारण राजमार्ग बन्द भयो,road_blockage_report,validation
wall khaseko le mero buwa lai thichyo,trapped_debris_report,validation
कोही सास फेर्न सकिरहेको छैन प्लिज,medical_emergency_request,train
भान्सामा ग्यासधेरै चुहिँदैछ,gas_leak_report,train
mero buwa lai chest ma dukheko xa,medical_emergency_request,train
मलाईबचाउनुहोस्,sos_help_request,validation
asdkkjasd,fallback_unclear,train
जाजरकोट मा बिजुलीको तार खसेकोछ,power_outage_report,train
please help garnu bhai,sos_help_request,train
भक्तपुर मा सम्पूर्ण भवन ढल्यो,building_collapse_report,train
परिवारको भेला हुने ठाउँ कसरी योजना बनाउने,preparedness_tips_query,validation
"gas elak, please advise",gas_leak_report,train
हेल्लो???,greeting,validation
hamro ghar pura bhatkiyo help,building_collapse_report,validation
evacuation ko instructionsdinu hos,evacuation_guidance_query,train
emergencycontact numbers list,emergency_contact_request,validation
trapped xughar bhatkeko debris muni,trapped_debris_report,train
ambulance chaincha malai,medical_emergency_request,validation
my grandmother fell and hurt back,injury_report,train
Kathmandu ma ammbulance patau na,medical_emergency_request,train
तिमीले के के गर्न सक्छौ हजुर,fallback_unclear,train
Kathmandu ko lagi evaccuation plan,evacuation_guidance_query,train
process to report a family member found,family_reunification_status,train
food distribution pointnearby,food_water_request,train
आमा र बालबालिकाका लागि आश्रय चाहियो छिटो,shelter_request,train
earthquake agadi k k ready rakhne plz,preparedness_tips_query,train
my grandfather collapsed and not wakinng up,medical_emergency_request,validation
दिदी लाई सुरक्षित फेला परेको छ,family_reunification_status,train
ghar bhitra farkana milxa ki,building_damage_check,train
bhukmpa aayo abhi,earthquake_occurring_report,train
sos malai help chai urgent pls,sos_help_request,train
aftershock warning fr Pokhara,aftershock_information_query,validation
सुप्रभात छिटो,greeting,validation
shelter needed for my brother and kids,shelter_request,train
पोखरा नजिक पहिरोले सडकबन्द भयो,road_blockage_report,train
are you a real person,fallback_unclear,validation
भान्सामा ग्यास धेरै चुहिँदैछ,gas_leak_report,validation
fire brigade ko contact numbeer,emergency_contact_request,train
भक्तपुर को लागि निकासा योजना,evacuation_guidance_query,train
hi bot help,greeting,validation
पोखरामा आगो छिट्टै फैलिँदैछ,fire_incident_report,validation
के छ त,greeting,train
गोर्खा नजिकको पुल भत्कियो है,road_blockage_report,train
bridge collapsed near Kathmandu,road_blockage_report,validation
धन्यवादबुवा,goodbye_thanks,train
power outgae in Bhaktapur,power_outage_report,validation
123456,fallback_unclear,train
who do i callfor rescue,emergency_contact_request,validation
हजुरबुबा भग्नावशेषमुनि थुनिनुभयो,trapped_debris_report,train
medical help needed urgently now,medical_emergency_request,train
school najik ma firelagyo,fire_incident_report,train
mero bhailai deep wound xa,injury_report,train
mero mama ko phone lagdaina bhukampa dekhi,family_member_missing,train
purabuilding dhalyo gaun ma,building_collapse_report,train
हाइ हजुर,greeting,train
वृद्धवृद्धाहरूसँग कसरी निकासा गर्ने छिटो,evacuation_guidance_query,train
fire brigade contatc number,emergency_contact_request,train
bazaar ma fire lagyo,fire_incident_report,train
hamroo area ma power line khaseko cha,power_outage_report,train
bihana dekhi mero aama bata khabar xaina,family_member_missing,train
राहत शिविरमा हजुरबुबा भेटियो प्लिज,family_reunification_status,train
help pls ma dherai fright ma xu,sos_help_request,validation
help help,sos_help_request,train
नेपाल रेडक्रसको हेल्पलाइन नम्बर छिटो,emergency_contact_request,validation
पोखरा मा आगो लागेको छ छिटो,fire_incident_report,train
mero bhai lai deep wound xa,injury_report,train
my son is stuck under the roof,trapped_debris_report,train
"wee are stuck inside, walls collapsed",trapped_debris_report,train
दाजु बेहोस हुनुभयो,medical_emergency_request,validation
नमस्कार सर प्लिज,greeting,train
yahasaaf pani xaina,food_water_request,train
hlep now,sos_help_request,validation
ओके धन्यवाद!!,goodbye_thanks,train
we just felt an earthquake in Gorkha???,earthquake_occurring_report,train
how to make my house earthquake safe,preparedness_tips_query,validation
aaja rati arko jhatka aaunxa ki,aftershock_information_query,train
mero saathi lai badly injury bhayo plz,injury_report,train
my father is innjured badly,injury_report,train
bihana dekhi mero mama bata habar xaina,family_member_missing,train
नजिकैको अपार्टमेन्टभत्कियो,building_collapse_report,validation
गोर्खा मा आगो लागेको छ!!,fire_incident_report,train
arko bhukampa aaunxa ki???,aftershock_information_query,validation
cannot find my brrother after the quake,family_member_missing,train
पोखरा मा एम्बुलेन्स चाहियो,medical_emergency_request,train
ललितपुर मा तोकिएको सुरक्षित क्षेत्र कहाँ छ,safe_location_query,validation
म र दिदी थुनिएका छौं,trapped_debris_report,train
nepal red cross helpline number,emergency_contact_request,train
ghar hallyo bhukampa jasto now,earthquake_occurring_report,train
help,sos_help_request,train
bleeding from had,injury_report,train
how ot help someone who fainted,first_aid_query,validation
bhukampa pachi mero mama laibhettauna sakina,family_member_missing,train
need ration for my mother,food_water_request,train
power lines down in Lalitpur,power_outage_report,train
shelter needd for my sister and kids,shelter_request,train
bhukampa dekhi bijuli xaia,power_outage_report,train
aago lagyo bhukampa pachi pls,fire_incident_report,train
please soomeone help,sos_help_request,train
wall khaseko le mero buwalai thichyo,trapped_debris_report,train
mero ai help chaincha,sos_help_request,train
डाक्टर तुरुन्तै चाहियो प्लिज,medical_emergency_request,train
entire building came down in Bhatkapur,building_collapse_report,train
ललितपुर मा दिदीलाई खोजिरहेको छु,family_member_missing,validation
गोर्खा को लागि पराकम्प चेतावनी,aftershock_information_query,train
pani ko supply band bhayo pani chai asap,food_water_request,train
आदाब प्लिज,greeting,validation
जोडदार भूकम्प आयो???,earthquake_occurring_report,train
ok thakns bye,goodbye_thanks,validation
nearest safe assembly pont,safe_location_query,train
Kathmandu najik ko pul bhatkiyo,road_blockage_report,train
काठमाडौं नजिक पहिरोले सडक बन्द भयो,road_blockage_report,train
my mother has been located safely,family_reunification_status,train
what to do for a sprained ankle,first_aid_query,train
घरबाट धुवाँ आइरहेको छ,fire_incident_report,validation
घरभरि ग्यासको गन्ध छ,gas_leak_report,validation
found my brother at the relief cap,family_reunification_status,train
my grandmother needs ambulnce urgently,medical_emergency_request,validation
mero buwa safe cha vanera status update garna man xa!!!,family_reunification_status,train
के म अहिले घरभित्र फर्कन सक्छु,building_damage_check,train
mero didi ghar aaunu bhako xain aahile samma,family_member_missing,validation
गोर्खा मा बिजुली गएकोछ,power_outage_report,validation
Kathandu ma safe zone kaha cha,safe_location_query,train
ghau ma bandage kasai garne,first_aid_query,train
टाउकोबाट रगत बगिरहेको छ,injury_report,train
my grandmother collapsed and not waking up,medical_emergency_request,train
ankle sprain bhayo hidna sakina,injury_report,train
family ko lagi food supply cahi,food_water_request,train
gaun najik ko pul bhtakiyo,road_blockage_report,train
ground shaking very hard,earthquake_occurring_report,train
shelter needed for my sister and kids now,shelter_request,train
want to updatestatus that my sister is safe,family_reunification_status,train
विस्थापितहरूलाई बस्नेठाउँ चाहिन्छ,shelter_request,train
need clean drinking waetr urgently,food_water_request,train
बचाउनुहोस्!!,sos_help_request,train
hi malai chahhiyo help,greeting,train
तिमी कति उमेरको हौ है,fallback_unclear,train
dheai raagat bagira xa medic chai xa,medical_emergency_request,train
भूकम्पपछि भवनको सुरक्षाजाँच कसले गर्छ,building_damage_check,train
pleaes help me,sos_help_request,train
भूकम्पको धक्का महसुस भयो प्लिज,earthquake_occurring_report,train
aftershock warning for Pokhara,aftershock_information_query,train
भूकम्प तयारीका सुझावहरू दिनुहोस् प्लिज,preparedness_tips_query,validation
हाम्रो क्षेत्रमा बिजुली कटौती भयो,power_outage_report,validation
सिलिन्डरबाट ग्यासचुहिँदैछ,gas_leak_report,train
where is the designated safe zonein Pokhara,safe_location_query,train
my grandmother having chestpain,medical_emergency_request,train
hi are uu working offline,greeting,train
छत खसेर हजुरबुबा थुनिनुभयो,trapped_debris_report,train
bhukampa gayo Pokhraa ma,earthquake_occurring_report,train
how to stop bleeding,first_aid_query,validation
how to register a found family member,family_reunification_status,validation
नमस्कार!!,greeting,train
powre outage in Jajarkot,power_outage_report,train
"dhanyaabd, bye bye",goodbye_thanks,train
found my grandmother at the relief camp,family_reunification_status,train
power lines down in Gorka,power_outage_report,train
बुबा रबालबालिकाका लागि आश्रय चाहियो,shelter_request,train
khane pani chainha,food_water_request,train
evacuation instructions please,evacuation_guidance_query,validation
behosh bhako mnxe lai kasari help garne,first_aid_query,train
how to help chokingg person,first_aid_query,train
Kathmandu ko lagi aftershock warning,aftershock_information_query,train
yo bhukampa sanga relatd xaina,fallback_unclear,train
दाजु र बालबालिकाका लागि आश्रय चाहियो,shelter_request,train
gas leak near oGrkha,gas_leak_report,train
entire building came down in Kathmandu,building_collapse_report,train
haat bhachiyo help chai???,injury_report,train
मलाई चोट लागेको छ प्लिज,injury_report,train
आमाबेहोस हुनुभयो,medical_emergency_request,train
my sister having chest pain,medical_emergency_request,train
medical help needed urgently,medical_emergency_request,train
बालहेल्पलाइन नम्बर,emergency_contact_request,train
अहिले दिदी सँग भेट भयो प्लिज,family_reunification_status,train
please someone heelp,sos_help_request,train
aago chittai failira xa bazaar ma pls,fire_incident_report,train
एम्बुलेन्सको नम्बर केहो,emergency_contact_request,train
हजुरआमा लाई गम्भीर चोट लागेको छ,injury_report,validation
earthquakepreparedness tips please,preparedness_tips_query,train
पोखरा मा सम्पूर्ण भवन ढल्यो,building_collapse_report,validation
ललितपुरजान सकिँदैन सडक बन्द छ,road_blockage_report,train
earthquake just occurred 5 minutes ago,earthquake_occurring_report,validation
भूकम्पदेखिबिजुली छैन,power_outage_report,train
gas leak near Kathmandu now,gas_leak_report,validation
राहत शिविरमा बुबा भेटियो,family_reunification_status,train
my grandfather is stuck under the roof???,trapped_debris_report,validation
need foodsupplies for family,food_water_request,train
anle sprain bhayo hidna sakina,injury_report,train
cpr stps please,first_aid_query,train
भूकम्पदेखि हजुरबुबा बेपत्ता हुनुभएको छ हजुर,family_member_missing,train
छत खसेर बुबा थुनिनुभयो,trapped_debris_report,train
डाक्टर तुरुन्तैचाहियो,medical_emergency_request,train
गीतगाउन सक्छौ,fallback_unclear,train
यो भूकम्पसँग सम्बन्धित छैन प्लिज,fallback_unclear,train
building collapsed in oPkhara,building_collapse_report,train
भूकम्पदेखि बुबा को फोन लाग्दैन,family_member_missing,train
my sister has a deep wound,injury_report,train
power outage cha hamro area ma???,power_outage_report,train
process to reporta  family member found,family_reunification_status,train
कति पराकम्प आउने अपेक्षा छ,aftershock_information_query,validation
मुख्य सडक बन्दछ,road_blockage_report,train
myf ather is trapped under debris,trapped_debris_report,train
mero bhai unconscious hbayo,medical_emergency_request,train
गोर्खानजिकैको घरमा आगो लागेको छ,fire_incident_report,train
sabai hallyo bhukampa le!!!,earthquake_occurring_report,train
red corss ko helpline number,emergency_contact_request,train
काठमाडौं मा घर भत्कियो हजुर,building_collapse_report,train
काठमाडौं मा जोडदार धक्का महसुस भयो!!,earthquake_occurring_report,train
mero familyra kids ko lagi shelter chai,shelter_request,train
hamro area ma fir lagyo,fire_incident_report,validation
searching for my grandfather in Lalitpur,family_member_missing,validation
my fathe fell and hurt back,injury_report,train
के हामीअहिले नै निकासा गर्नुपर्छ,evacuation_guidance_query,train
अहिले हजुरबुबा सँगभेट भयो,family_reunification_status,validation
hello dai malai kei sodhnu thiyo,greeting,train
ललितपुर नजिकको पुलभत्कियो,road_blockage_report,train
हाम्रोघर पूर्ण रूपमा भत्कियो,building_collapse_report,train
भूकम्प भर्खरै आएको हो,earthquake_occurring_report,train
गोर्खा जान सकिँदैन सडक बन्द छ छिटो,road_blockage_report,train
stuck ca't get out,trapped_debris_report,train
निकासाका निर्देशनहरूदिनुहोस्,evacuation_guidance_query,train
छत खसेर छोरा थुनिनुभयो,trapped_debris_report,train
whee should i go for safety,safe_location_query,train
hamro ghar unsafexa shelter chai,shelter_request,train
मलाई थाहा छैनके गर्ने,status_check_general,train
भूकम्पपछि भवनको सुरक्षा जाँच कसले गर्छ!!,building_damage_check,validation
steps to evacuate the buillding,evacuation_guidance_query,train
there are cracks in the wall,building_damage_check,train
भत्किएको घरभित्र फसेको छु छिटो,trapped_debris_report,train
cannot reach Pokhara road is closed,road_blockage_report,validation
shelter chainca mero family ko lagi,shelter_request,train
khutta ma cho tlagyo running bela,injury_report,train
thanks a lot bhai,goodbye_thanks,train
k garne vannera guide garnu hos,status_check_general,train
we just felt anearthquake in Kathmandu,earthquake_occurring_report,train
reelief camp ma mero bhai bhetiyo,family_reunification_status,train
खाना र पानी सकियो,food_water_request,validation
mero saathi lai ambulance chai urgent plz,medical_emergency_request,train
my dauughter is stuck under the roof,trapped_debris_report,validation
safe place kaha xa nearPokhara,safe_location_query,train
how do i know if my building is safe help,building_damage_check,train
mero mama sanga coontact tutyo,family_member_missing,train
fire spreading fast in Bhaktapur,fire_incident_report,train
भूकम्पले सबै हल्लियो छिटो,earthquake_occurring_report,validation
najikai ko sfae zone kaha cha,safe_location_query,train
सडकमा पर्खाल भत्कियो छिटो,building_collapse_report,train
my sonn is trapped under debris,trapped_debris_report,train
छोरा भग्नावशेषमुनि थुनिनुभयो,trapped_debris_report,train
mero saathi debris muni thuniyo help,trapped_debris_report,train
छिटो निकाल्नुहोस् थुनिएको छु,trapped_debris_report,train
electrical firre lagyo,fire_incident_report,train
need baby formula and water,food_water_request,train
भक्तपुर मा बिजुलीको तार खसेको छ प्लिज,power_outage_report,train
fire spreading fast in Lalitpur,fire_incident_report,validation
गोर्खा नजिक ग्यास चुहावटभयो,gas_leak_report,train
ठिकै छ छोड्नुहोस् प्लिज,goodbye_thanks,train
aftershock warning for Kathmandu pls,aftershock_information_query,train
what should be in anemergency kit,preparedness_tips_query,train
भाँचिएको हातको लागि प्राथमिक उपचार है,first_aid_query,train
malai thaha xaina k garne,status_check_general,train
broken ram need help,injury_report,train
दमकलकोसम्पर्क नम्बर,emergency_contact_request,train
भेटिएको परिवार सदस्य कसरी दर्ता गर्ने,family_reunification_status,train
will there be aftershocks,aftershock_information_query,validation
आमालाई गहिरो घाउ छ,injury_report,train
मौसम कस्तो छ,fallback_unclear,train
buildig bata bahira niskane safest tarika,evacuation_guidance_query,train
road bloccked by landslide near Jajarkot,road_blockage_report,train
have not heard from my father since morning,family_member_missing,train
namaste,greeting,validation
mero saathi bhukampa pachi missing hunuhuncha plz,family_member_missing,train
सहयोग गर्नु होला प्लिज,sos_help_request,train
म र हजुरआमा थुनिएका छौं है,trapped_debris_report,train
Kathmandu ma fire lagyo asap,fire_incident_report,train
safe place kaha xa near Gorkha,safe_location_query,train
प्राथमिक उपचार किटमा के चाहिन्छ हजुर,first_aid_query,train
भूकम्पदेखि बिजुली छैन,power_outage_report,validation
bhetieko family member lai kasari register garne,family_reunification_status,train
bihana dekhi mero bhai bata khabar xaina,family_member_missing,train
क क क,fallback_unclear,train
cannot move stuck underconcrete malai,trapped_debris_report,train
भूकम्पदेखि छोरी को फोन लाग्दैन,family_member_missing,train
दिदी लाई छातीमा दुखाइभइरहेको छ,medical_emergency_request,train
हजुरआमा लाई छातीमादुखाइ भइरहेको छ,medical_emergency_request,train
my mother has a dep wound,injury_report,train
entire bulding came down in Kathmandu,building_collapse_report,train
पोखरा नजिकको पुल भत्कियो छिटो,road_blockage_report,train
asdf urgent pls,fallback_unclear,train
भूकम्पपछि आमा लाई भेट्टाउन सकिएको छैन,family_member_missing,validation
छोराभग्नावशेषमुनि थुनिनुभयो,trapped_debris_report,train
भवनबाट बाहिर निस्कने सबैभन्दा सुरक्षित तरिका,evacuation_guidance_query,train
want to update status that my grandfather is safe,family_reunification_status,train
entire building came down in Gorkha asap,building_collapse_report,train
ambulance chaincha malai pls,medical_emergency_request,train
school ara ma ambulance patau na,medical_emergency_request,validation
wall khaseko le mero saathi lai thiichyo,trapped_debris_report,train
earthquake,earthquake_occurring_report,validation
are you a real perosn,fallback_unclear,validation
अहिले मैले के कदम चाल्ने,status_check_general,train
मौसम कस्तो छ प्लिज,fallback_unclear,validation
my hous ehas cracks is it safe,building_damage_check,train
my sister flel and hurt back,injury_report,validation
heelp help,sos_help_request,train
what steps sshould i follow now,status_check_general,train
hami abhi evcauate garnu parxa ki,evacuation_guidance_query,validation
relief capm najik cha ki,shelter_request,train
what to do after an earthquake pls,status_check_general,train
"can't move, trapepd under concrete",trapped_debris_report,train
भूकम्पको बेला खुट्टामा चोटलाग्यो,injury_report,train
भक्तपुर को लागि पराकम्प चेतावनी छिटो,aftershock_information_query,train
काठमाडौं मा तोकिएको सुरक्षित क्षेत्र कहाँ छ!!,safe_location_query,train
should we evacuate now plz,evacuation_guidance_query,train
hostel ma ambulance paatu na,medical_emergency_request,validation
our house collapsed completelly,building_collapse_report,train
immeediate help chai xa,sos_help_request,train
building ma fire xa school najik najik,fire_incident_report,train
काठमाडौं मा बिजुलीको तारखसेको छ,power_outage_report,train
my garndfather has been located safely,family_reunification_status,train
सडकचिरा परेर जान सकिँदैन,road_blockage_report,train
पोखरा मा तोकिएको सुरक्षित क्षेत्र कहाँ छ,safe_location_query,train
hey bhaujuk  cha,greeting,train
gana gauna saknuhuncha,fallback_unclear,validation
meero didi lai safely locate garya,family_reunification_status,train
furniturelai khasnu bata kasari secure garne,preparedness_tips_query,train
mero bhai debris munithuniyo,trapped_debris_report,train
power outage in Pokhara,power_outage_report,train
food distribution point najik cha ki,food_water_request,train
दाजुलाई गम्भीर चोट लागेको छ,injury_report,train
shelter needed formy father and kids,shelter_request,train
सुरक्षित रूपमा कसरी निकासा गर्ने???,evacuation_guidance_query,train
need shelter for myy family,shelter_request,train
हजुरआमा लाई छातीमा दुखाइ भइरहेको छ है,medical_emergency_request,train
hamro ghar unsafe xa shelterc hai,shelter_request,train
main road bnad cha,road_blockage_report,train
bridge cllapsed near Kathmandu,road_blockage_report,train
दाजु लाई गम्भीर चोट लागेको छ,injury_report,validation
"structure collapsed, peopl may be inside",building_collapse_report,train
इँटाखसेर लाग्यो,injury_report,train
electricity cut off in our area now,power_outage_report,train
my brother is stuck under the roof now,trapped_debris_report,train
एम्बुलेन्सको नम्बर के हो,emergency_contact_request,train
he app,greeting,train
tent camp ko loctaion chai,shelter_request,train
gas pipe bbroke during quake,gas_leak_report,train
ghar pura bhatkiyo,building_collapse_report,train
cannot reach Gorkha road is closed,road_blockage_report,train
ग्यासचुल्होले आगो लाग्यो,fire_incident_report,validation
gana gauna sakn uhuncha,fallback_unclear,train
smoke coming fromthe house,fire_incident_report,train
burned my hand slightly urgent pls,injury_report,train
what to keep ready before an earthuqake,preparedness_tips_query,train
water supply ct off need water,food_water_request,validation
हजुरबुबा को बेपत्ता व्यक्ति रिपोर्ट,family_member_missing,train
ग्यासचुहावट भयो सल्लाह दिनुहोस्,gas_leak_report,train
Kathmandu ma safe zone kahha cha,safe_location_query,train
road block bhayo landslide le hamro aarea najik,road_blockage_report,train
भवनबाट बाहिर निस्कने सबैभन्दा सुरक्षित तरिका!!,evacuation_guidance_query,train
पोखरा मा सम्पूर्ण भवनढल्यो,building_collapse_report,validation
mero saathi lai deep wound xa asap,injury_report,train
भक्तपुर मा बिजुलीको तार खसेको छ,power_outage_report,train
mero ghar lai earthuake safe kasari banaune,preparedness_tips_query,train
evacuatoin plan for Pokhara,evacuation_guidance_query,validation
Kathmandu najik gas leakbhayo,gas_leak_report,train
सहयोग गर्नुहोस्,sos_help_request,train
how longd o aftershocks continue,aftershock_information_query,train
mero didi bhhukampa pachi missing hunuhuncha,family_member_missing,train
can you sing a song now,fallback_unclear,train
small firein the kitchen,fire_incident_report,train
ओके धन्यवाद हजुर,goodbye_thanks,train
mero buwa lai mbulance chai urgent,medical_emergency_request,train
bhukampa kojhatka aaile feel bhayo,earthquake_occurring_report,train
ahlie k garnu parxa,status_check_general,train
yaha ma safe zon ekaha cha,safe_location_query,train
koi cha help garne,sos_help_request,train
aftershock aaunxa ki,aftershock_information_query,train
how to stoop bleeding,first_aid_query,train
mero ghar lai earthquake safe kasari banaune,preparedness_tips_query,train
नजिकैकोराहत शिविर कहाँ छ,shelter_request,train
we are trapped inside the building,trapped_debris_report,train
school building half bhatikyo,building_collapse_report,train
नजिकैको खाद्य वितरण स्थल प्लिज,food_water_request,train
जोकभन,fallback_unclear,train
भाँचिएको हातको लागि प्राथमिक उपचार,first_aid_query,validation
does this thing work,fallback_unclear,validation
ललितपुर मा जोडदार धक्का महसुस भयो!!,earthquake_occurring_report,train
wall ma crack dekhiyo plz,building_damage_check,train
earthquake hit Kathmandu just now,earthquake_occurring_report,train
wall collapsed on the street,building_collapse_report,train
दमकलको सम्पर्क नम्बर,emergency_contact_request,validation
my mother is missing since the eaarthquake,family_member_missing,train
mero saathi pinned under debris malai help chai,trapped_debris_report,validation
fire broke out afterthe earthquake,fire_incident_report,train
my grandmother has been located safely,family_reunification_status,train
power outage in Kathmndu,power_outage_report,train
छत खसेर दिदी थुनिनुभयो है,trapped_debris_report,train
गोर्खा नजिक पहिरोले सडक बन्द भयो,road_blockage_report,train
रगतबग्न रोक्ने उपाय के हो,first_aid_query,train
is another earthquake coming,aftershock_information_query,train
Kathmandu ma poewr line khaseko cha,power_outage_report,validation
hiik help garna saknu hunxa,greeting,train
कोही सास फेर्न सकिरहेको छैन,medical_emergency_request,train
hey bhauju k cha asap,greeting,train
bijulii kahile aaunxa,power_outage_report,train
ghar bata dhhuwa airaxa,fire_incident_report,validation
घरधेरै हल्लियो,earthquake_occurring_report,train
गोडा मर्केर हिँड्न सकिँन!!,injury_report,train
no electricity since the earthquake,power_outage_report,train
how long do aftershocks continue,aftershock_information_query,validation
bhukampa report garna man xa Gorkha ma urgent pls,earthquake_occurring_report,train
ललितपुर मा बिजुलीको तार खसेकोछ,power_outage_report,train
found my grandmother at the relief camp asap,family_reunification_status,train
thanks that's all,goodbye_thanks,train
गोर्खा नजिकैको घरमा आगो लागेको छ,fire_incident_report,validation
test,fallback_unclear,train
gas ko smell airaxa bhukampa pachi,gas_leak_report,train
khutta ma chot lagyo running bela now,injury_report,train
हाम्रो घर पूर्ण रूपमा भत्कियो,building_collapse_report,train
o bye ta dhanyabad,goodbye_thanks,train
बुबा लाई सुरक्षित फेला परेको छ है,family_reunification_status,train
kitchen ma gas dherai chuhira xa,gas_leak_report,train
काठमाडौं मा जोडदार धक्का महसुस भयो???,earthquake_occurring_report,train
where is the nearest relief camp,shelter_request,train
गोर्खा नजिक पहिरोलेसडक बन्द भयो,road_blockage_report,validation
my father phone not reachable ince quake,family_member_missing,train
भूकम्प ५ मिनेट अगाडि आएको हो है,earthquake_occurring_report,train
where is the designnated safe zone in Kathmandu,safe_location_query,train
gas stove caused fire,fire_incident_report,train
my grandmother collapsed and no waking up,medical_emergency_request,train
behosh bhako manxe laikasari help garne,first_aid_query,train
cylinder batagas chuhi raxa,gas_leak_report,validation
गोर्खा मा तोकिएको सुरक्षित क्षेत्र कहाँ छ???,safe_location_query,validation
need tents for the nnight,shelter_request,train
ललितपुर मा घर भत्कियो,building_collapse_report,train
mero buwa lai deep wound xxa,injury_report,train
cylinder bata gas chuhi raxa,gas_leak_report,train
hamro area ma power line khaseko cha,power_outage_report,validation
i needhelp now,sos_help_request,train
आपतकालीन किटमा के के हुनुपर्छ छिटो,preparedness_tips_query,train
help asap malai dherai dar lagyo,sos_help_request,train
दिदी लाई एम्बुलेन्स चाहियोछिटो,medical_emergency_request,train
abhi ghar bhitar jana milxa ki,building_damage_check,train
wha to do after an earthquake,status_check_general,train
गर्भवती महिलालाई उपचार चाहियो है,medical_emergency_request,validation
हेल्लो,greeting,train
hii tapai ko naam k ho,greeting,validation
tourist police number please,emergency_contact_request,train
मर्केको खुट्टाको लागि के गर्ने,first_aid_query,validation
बुबा लाई सुरक्षित फेला परेको छ,family_reunification_status,train
छिटोनिकाल्नुहोस् थुनिएको छु,trapped_debris_report,train
my sisetr having chest pain,medical_emergency_request,train
gas leak nearKathmandu,gas_leak_report,train
खाना र पानी सकियो छिटो,food_water_request,train
gas leak nearBhaktapur,gas_leak_report,train
roof caved in during the quake help,building_collapse_report,train
हजुरबुबा को बेपत्ता व्यक्ति रिपोर्ट हजुर,family_member_missing,validation
मर्केकोखुट्टाको लागि के गर्ने,first_aid_query,train
disaster reporting hotline,emergency_contact_request,train
evacuation plan for Lalitpur,evacuation_guidance_query,train
गोर्खानजिक पहिरोले सडक बन्द भयो,road_blockage_report,train
hamro area ko lagi afetrshock warning,aftershock_information_query,train
mero aamako phone lagdaina bhukampa dekhi,family_member_missing,validation
cannot finnd my mother after the quake,family_member_missing,train
strong tremor felt just now,earthquake_occurring_report,train
gude me on what to do,status_check_general,train
shelter chaincha mero family ko lagi,shelter_request,validation
power outagein Gorkha,power_outage_report,validation
taauko bata aragat bagira xa,injury_report,validation
how to help someone who fainted,first_aid_query,train
shelter needed for my brother and kids help,shelter_request,train
bijuli kahile aaaunxa,power_outage_report,train
ghar ekdam hallyo earthquake ho ki k ho now,earthquake_occurring_report,validation
the ground is shaking,earthquake_occurring_report,train
thnnx,goodbye_thanks,train
help chainchama darai xu,sos_help_request,train
gaun jana sakidaina roa dband cha,road_blockage_report,validation
के पराकम्प आउने छ,aftershock_information_query,train
mero saathi bhukampa pachi missing hunuhuncha asap,family_member_missing,validation
हजुरआमा लाई गम्भीर चोट लागेको छ!!,injury_report,train
कसैले सहयोग गर्नुहोस् है,sos_help_request,train
Ktahmandu jana sakidaina road band cha,road_blockage_report,validation
सडकमा पर्खाल भत्कियो,building_collapse_report,train
safe place kaha xa near Jajarkot,safe_location_query,train
merobuwa sanga abhi reunite bhayo,family_reunification_status,train
बुबा लाई गम्भीर चोट लागेको छ हजुर,injury_report,train
सिलिन्डरबाट ग्यास चुहिँदैछ,gas_leak_report,train
my mther collapsed and not waking up,medical_emergency_request,train
tapai k k gaarna saknu huncha,fallback_unclear,train
भूकम्पपछि दाजु लाई भेट्टाउनसकिएको छैन,family_member_missing,train
building on fire near Jajarkot,fire_incident_report,validation
my sister did not come homeyet,family_member_missing,validation
medical emergency cha help garnu,medical_emergency_request,validation
thaank you,goodbye_thanks,train
road blocked by landslide near Pokhara,road_blockage_report,train
ग्यासको पाइप भाँचियो भूकम्पमा,gas_leak_report,train
have not heard from my fathersince morning,family_member_missing,train
huh,fallback_unclear,train
trappe dunder rubble,trapped_debris_report,train
building ma fire xa bazaar najik,fire_incident_report,validation
कोही छ सहयोग गर्नुहोस्???,sos_help_request,train
hoow to help someone who fainted,first_aid_query,train
म र दिदी थुनिएका छौं???,trapped_debris_report,train
cpr stepps please,first_aid_query,train
hllp me,sos_help_request,train
भक्तपुर मा बिजुली गएको छ,power_outage_report,train
searching for my brother in Kathmandu urgent pls,family_member_missing,train
यो घरमा बस्न सुरक्षित छ कि छैन,building_damage_check,validation
my brother has a deep wound,injury_report,train
sos maai help chai,sos_help_request,train
haat ma minor chot xa,injury_report,train
kun khulla thau safe cha gather garna!!!,safe_location_query,train
दाजु भग्नावशेषमुनि थुनिनुभयो,trapped_debris_report,validation
सफा खानेपानी तुरुन्तै चाहियो,food_water_request,validation
Kathmandu ko lagi aftershocck warning,aftershock_information_query,train
घरपूर्ण रूपमा भत्कियो,building_collapse_report,validation
ललितपुर को लागि निकासा योजना प्लिज,evacuation_guidance_query,train
head injury from falling debris!!!,injury_report,train
we just felt an earthquakein Bhaktapur,earthquake_occurring_report,train
पोखरा कोलागि निकासा योजना,evacuation_guidance_query,train
जोडदारभूकम्प आयो,earthquake_occurring_report,train
family ko lgai food supply chai,food_water_request,validation
ग्यास चुल्होलेआगो लाग्यो,fire_incident_report,train
evacuation ko instructions dinu hos???,evacuation_guidance_query,train
mero didi sanga abhi reunite bhhayo,family_reunification_status,train
saaf khane pani urgent chi,food_water_request,train
तिमी कतिउमेरको हौ,fallback_unclear,train
bhukampa aayo,earthquake_occurring_report,train
mero ghar ma ambulancce patau na,medical_emergency_request,train
केहो यो,fallback_unclear,train
bridge collapsednear Jajarkot,road_blockage_report,train
सहयोग चाहियो???,sos_help_request,train
police emergency number please,emergency_contact_request,train
mero didi ghar aaunu bhako xaina ahile samma help,family_member_missing,validation
cylinder bata gaschuhi raxa,gas_leak_report,train
ghau bhayeko thau makasari treat garne,first_aid_query,train
re cross ko helpline number,emergency_contact_request,validation
entire building came down in Bhaktapur,building_collapse_report,validation
gas leak in the house,gas_leak_report,validation
najik ko reliefcamp kaha cha,shelter_request,validation
mero khutta ma chot lagyyo,injury_report,train
found my family member safe,family_reunification_status,train
छोरा अझै घर आउनुभएको छैन???,family_member_missing,validation
hamro ghar unsafe xa shelter chai,shelter_request,validation
जाँच्दैछु,fallback_unclear,validation
emergency contactnumbers list,emergency_contact_request,train
धन्यवाद,goodbye_thanks,train
help???,sos_help_request,train
there is a fire in Gorkha,fire_incident_report,train
evacuation pla nfor Gorkha,evacuation_guidance_query,train
धन्यबाद है,goodbye_thanks,train
bhukampa pachi mero didi lai bhettauna skaina,family_member_missing,train
ललितपुर मा दिदी लाई खोजिरहेको छु,family_member_missing,train
ललितपुर मा तोकिएकोसुरक्षित क्षेत्र कहाँ छ,safe_location_query,train
pleaserescue me malai help chai,sos_help_request,train
building bata evacuate garne steps now,evacuation_guidance_query,train
गोर्खा मा तोकिएको सुरक्षित क्षेत्र कहाँ छ!!,safe_location_query,train
kio cha help garne,sos_help_request,train
पोखरा नजिक पहिरोले सडक बन्द भयो,road_blockage_report,train
धेरै रगत बगिरहेको छ मेडिक चाहियो है,medical_emergency_request,train
found my father at the relief camp???,family_reunification_status,validation
नमस्ते जी,greeting,validation
ललितपुर को लागि निकासा योजना हजुर,evacuation_guidance_query,train
ok got it dhnayabad bahini,goodbye_thanks,train
काठमाडौं को लागि पराकम्प चेतावनी,aftershock_information_query,train
नजिकै कुनै राहत शिविर छ कि है,shelter_request,train
ahile k agrne ma,status_check_general,train
ठिक छ धन्यवाद???,goodbye_thanks,train
hello there,greeting,train
एकदम धन्यवाद,goodbye_thanks,train
यो घरमा बस्न सुरक्षित छ कि छैन हजुर,building_damage_check,train
mero aama lai chest ma dukheko xa plz,medical_emergency_request,train
massive hsaking right now,earthquake_occurring_report,train
aago chittai failira xa school najik ma???,fire_incident_report,train
my brother has a deepw ound,injury_report,train
best pracitces for earthquake preparedness at home,preparedness_tips_query,train
mero bhai pinned under deris malai help chai,trapped_debris_report,validation
bhukampa report garna man xa mero ghar najik ma,earthquake_occurring_report,train
entire building came down in Lalitpur,building_collapse_report,train
ghar bhitra farkana mmilxa ki,building_damage_check,validation
घाउ भएको ठाउँमा कसरी उपचार गर्ने है,first_aid_query,train
म र हजुरबुबा थुनिएका छौं???,trapped_debris_report,train
mero ghar lia earthquake safe kasari banaune,preparedness_tips_query,train
tent camp ko location chai,shelter_request,train
नजिकैको सुरक्षितभेला हुने ठाउँ,safe_location_query,train
भूकम्पपछिआगलागी भयो,fire_incident_report,train
malai kaha jana safe huncha,safe_location_query,train
small fire i nthe kitchen,fire_incident_report,train
hii,greeting,train
बिजुलीकोतारबाट आगो लाग्यो,fire_incident_report,train
mero didi laibadly injury bhayo,injury_report,train
reunited with my brothe rnow,family_reunification_status,validation
भक्तपुर मा आगो छिट्टै फैलिँदैछ,fire_incident_report,train
राष्ट्रिय आपतकालीनकार्य केन्द्रको नम्बर,emergency_contact_request,train
"danyabad, bye bye",goodbye_thanks,train
justt testing 123,fallback_unclear,train
hi bhai kasto cha???,greeting,train
idk,fallback_unclear,train
राहत शिविरमा हजुरआमा भेटियो,family_reunification_status,validation
my father phone not reachable since quake,family_member_missing,train
mero buwa lai ambulance chai urgent,medical_emergency_request,train
दाजुअझै घर आउनुभएको छैन,family_member_missing,train
can't move trapped under concrete,trapped_debris_report,validation
gas ko smell airaxa bhukampa pachi plz,gas_leak_report,validation
cannot reach Lalitpur road is closed,road_blockage_report,train
दाजु को लागि खाद्यान्न चाहियो,food_water_request,train
हजुरआमा सँग सम्पर्क टुटेको छ हजुर,family_member_missing,train
my mother is trapped under dbris,trapped_debris_report,train
evacuation planfor Bhaktapur,evacuation_guidance_query,train
earthquake preparedness tips please pls,preparedness_tips_query,train
have not heard from my father since morning???,family_member_missing,train
ग्यास चुहावट भयो सल्लाह दिनुहोस्,gas_leak_report,validation
भाँचिएको हातको लागि प्राथमिक उपचार???,first_aid_query,train
वृद्धवृद्धाहरूसँग कसरी निकासा गर्ने???,evacuation_guidance_query,train
ग्यासचुहियो,gas_leak_report,train
रगत बग्नरोक्ने उपाय के हो,first_aid_query,train
safe place kaha xa near Lalitpur pls,safe_location_query,train
kitchen ma aago agyo bhukampa ko bela,fire_incident_report,train
building on fire near Pokhara help,fire_incident_report,train
मद्दत गरहै,sos_help_request,train
ok got it thanks???,goodbye_thanks,validation
apartment block collapsed nearby,building_collapse_report,train
ललितपुर मा आमा लाई खोजिरहेको छु प्लिज,family_member_missing,train
जे पनि टाइप गर्दैछु!!,fallback_unclear,validation
touurist police number please,emergency_contact_request,validation
मद्दतचाहियो,sos_help_request,train
dherai raagat bagira xa medic chai xa,medical_emergency_request,train
डाक्टर तुरुन्तै चाहियो,medical_emergency_request,validation
cha tkhasyo bhukampa ma,building_collapse_report,train
छिटोमद्दत चाहियो,sos_help_request,train
is it safe to stay in this house,building_damage_check,train
poleko thau ko first aid,first_aid_query,train
evacuation koroute k ho,evacuation_guidance_query,train
mero buwa lai safely locaet garya,family_reunification_status,train
fire spreading fast in BBhaktapur,fire_incident_report,validation
aftershock katistrong huncha,aftershock_information_query,train
जाजरकोट नजिकैको घरमा आगो लागेको छ,fire_incident_report,train
दाजु भग्नावशेषमुनि थुनिनुभयो???,trapped_debris_report,validation
taaauko bata raagat bagira xa,injury_report,train
अहिले मैलेके गर्ने,status_check_general,validation
hey bot k xa halkhabar,greeting,train
any reliefc amp nearby,shelter_request,train
काठमाडौं नजिकैको घरमा आगो लागेको छ???,fire_incident_report,train
bihana dekhi mero aamaa bata khabar xaina,family_member_missing,train
कुन खुल्ला ठाउँभेला हुन सुरक्षित छ,safe_location_query,train
gas leak bhayo,gas_leak_report,train
myson is trapped under debris,trapped_debris_report,train
बुबा र बालबालिकाका लागि आश्रयचाहियो,shelter_request,train
searching for my sister in Kathmandu!!!,family_member_missing,train
ahile k action linu aprxa,status_check_general,train
aago chittai failira xa hamro area ma plz,fire_incident_report,validation
help hellp,sos_help_request,train
पर्खालमा ठूला चिरा छन् बाहिरिनु पर्छ कि छिटो,building_damage_check,train
यति नैहो धन्यवाद,goodbye_thanks,train
gas leak in the house urgent pls,gas_leak_report,validation
mero khutta am chot lagyo,injury_report,validation
mygrandmother has a deep wound,injury_report,train
mero aama debris muni thuniyo urgent pls,trapped_debris_report,validation
हजुरआमा भग्नावशेषमुनि थुनिनुभयो,trapped_debris_report,train
हजुरआमा लडेरढाडमा चोटलाग्यो,injury_report,train
gharp ura bhatkiyo,building_collapse_report,validation
विपद रिपोर्टिङहटलाइन,emergency_contact_request,train
next stepsk ho bhannu hos,status_check_general,validation
raati asna tent chai,shelter_request,train
hamro area ko lagi evacuation plan???,evacuation_guidance_query,train
strong tremor bhuampa jasto,earthquake_occurring_report,validation
what should i do now asap,status_check_general,train
power lines down in Jjaarkot,power_outage_report,validation
bleedng from head,injury_report,train
is my apartmnt structurally safe now,building_damage_check,train
evacuaton instructions please,evacuation_guidance_query,train
how do i know f my building is safe,building_damage_check,train
स्कूल भवन आंशिक रूपमा भत्कियो,building_collapse_report,validation
evacuation ko instructions dinu hos,evacuation_guidance_query,train
छत खसेर छोरा थुनिनुभयो है,trapped_debris_report,train
entre building came down in Bhaktapur,building_collapse_report,train
no clean water available here,food_water_request,train
earthquake bhyo hamro area ma,earthquake_occurring_report,validation
woh made you,fallback_unclear,validation
there is a firein Pokhara,fire_incident_report,train
my gradfather collapsed and not waking up,medical_emergency_request,validation
my sister collapsed and not waking up,medical_emergency_request,train
bihana dekih mero didi bata khabar xaina,family_member_missing,train
sos soshelp,sos_help_request,train
aftreshock update please,aftershock_information_query,validation
my brother has been olcated safely,family_reunification_status,train
this is not related to eearthquake,fallback_unclear,train
नजिकैको राहत शिविर कहाँ छ छिटो,shelter_request,train
म सुरक्षाको लागि कहाँ जानुपर्छ???,safe_location_query,train
pura bulding dhalyo Kathmandu ma,building_collapse_report,train
safe place kaha cha asap,safe_location_query,train
whe will power be restored,power_outage_report,train
help chaincha a darai xu,sos_help_request,validation
safe place kaha xa near Lalitpur,safe_location_query,train
bhetieko family member laai kasari register garne,family_reunification_status,validation
my father is trapped underdebris,trapped_debris_report,train
bhukampa report garna man xa Kathmandu ma pls,earthquake_occurring_report,train
mero didi ko phone lagdaina bhukampa dekhi,family_member_missing,train
तिमीले के के गर्न सक्छौ???,fallback_unclear,train
ok bye ta dhanyabad,goodbye_thanks,train
mero khutta ma chotlagyo,injury_report,train
tell me a oke,fallback_unclear,validation
जाजरकोट मा घरभत्कियो,building_collapse_report,train
aftershockaaunxa ki,aftershock_information_query,train
तिमी को हौ,fallback_unclear,train
sos malai helpchai,sos_help_request,train
मद्दत गर्नुहोस् है,sos_help_request,train
my brother has been located safely,family_reunification_status,validation
good afternoon,greeting,train
we just felt an earthquake in Kathmandu help,earthquake_occurring_report,validation
विस्थापितहरूलाई बस्ने ठाउँ चाहिन्छ प्लिज,shelter_request,train
road block bhayo landslide lehamro area najik,road_blockage_report,validation
Kathmandu kolagi aftershock warning,aftershock_information_query,train
भक्तपुर नजिकको पुल भत्कियो,road_blockage_report,validation
hello ji sanchai hunuhuncha,greeting,validation
के हामी अहिले नै निकासा गर्नुपर्छ,evacuation_guidance_query,train
trapped need rescueteam,trapped_debris_report,validation
भूकम्पदेखि छोरी को फोन लाग्दैन प्लिज,family_member_missing,validation
भूकम्प आयो है,earthquake_occurring_report,train
म र हजुरबुबाथुनिएका छौं,trapped_debris_report,train
fire spreading fast in Kathmandu!!!,fire_incident_report,train
राहत शिविरमा दाजु भेटियो छिटो,family_reunification_status,train
ललितपुर को लागि पराकम्प चेतावनी,aftershock_information_query,validation
आमा सुरक्षित हुनुहुन्छ भनेर स्थिति अपडेटगर्न चाहन्छु,family_reunification_status,train
dherai raagat bagira xa meic chai xa,medical_emergency_request,train
huuh,fallback_unclear,train
burned myhand slightly,injury_report,train
दुई दिनदेखि बिजुली छैन,power_outage_report,train
power outage in Lalitpur,power_outage_report,train
छिमेकभरि बिजुली गएको छ,power_outage_report,train
relief camp ma mero aama bhetiyo,family_reunification_status,validation
bhukampa gayo Gorkhama,earthquake_occurring_report,train
hey htere,greeting,train
दिदी को लागि खाद्यान्न चाहियो!!,food_water_request,train
hostel ma ambulance patau na urgent pls,medical_emergency_request,train
mero mamasanga contact tutyo,family_member_missing,train
mero buwa lai badly injuyr bhayo,injury_report,train
धन्यबादहै,goodbye_thanks,train
road damaged after eartqhuake,road_blockage_report,train
भूकम्पपछि सडक क्षतिग्रस्तभयो,road_blockage_report,validation
food distribution point najikcha ki,food_water_request,train
hleo,greeting,train
अहिले मैले के गर्नुपर्छ,status_check_general,train
जाजरकोट मा आगो लागेको छ,fire_incident_report,train
आमा लाई एम्बुलेन्स चाहियो छिटो???,medical_emergency_request,train
घर पूर्ण रूपमा भत्कियो,building_collapse_report,train
mero didi lai dee pwound xa,injury_report,train
strong gas smell xa building ma!!!,gas_leak_report,train
नमस्कार सर,greeting,validation
नमस्ते???,greeting,validation
उद्धार टोली चाहियो थुनिएको छु हजुर,trapped_debris_report,train
aago lagyo bhukamppa pachi,fire_incident_report,train
thanks hat's all,goodbye_thanks,validation
raati bsna tent chai,shelter_request,validation
building collapsed in Lalitpur,building_collapse_report,train
"gas leak, please advise",gas_leak_report,train
is this ane arthquake,earthquake_occurring_report,train
emergency helpneeded,sos_help_request,train
बाई है प्लिज,goodbye_thanks,train
we are stuck inside walls collapsed,trapped_debris_report,train
भक्तपुर को लागि निकासा योजना हजुर,evacuation_guidance_query,train
ghau ma bandage kasari agrne,first_aid_query,train
हजुरआमाभग्नावशेषमुनि थुनिनुभयो,trapped_debris_report,train
tourist poilce number please,emergency_contact_request,train
helpp me,sos_help_request,train
पोखरा मा बिजुली गएको छ हजुर,power_outage_report,train
should i re-enter the building,building_damage_check,train
प्रहरी आपतकालीन नम्बर दिनुहोस्,emergency_contact_request,validation
अहिले आमा सँग भेट भयो,family_reunification_status,train
yo,greeting,train
bhachiyeko haat o first aid k ho,first_aid_query,train
अहिले बुबा सँग भेट भयो,family_reunification_status,validation
निकासाको मार्ग के हो प्लिज,evacuation_guidance_query,train
how ofetn should i check emergency supplies,preparedness_tips_query,train
hami abhi evacuate garnu parxa ki urgent pls,evacuation_guidance_query,validation
bhukampa report garna man xa Gorkha ma,earthquake_occurring_report,train
काठमाडौं मा आगो छिट्टै फैलिँदैछ हजुर,fire_incident_report,validation
kitchen ma gaas dherai chuhira xa,gas_leak_report,train
mero aama pinned under debris malai help chai urgent pls,trapped_debris_report,train
merolai help chaincha,sos_help_request,train
nearesst open ground for evacuation,safe_location_query,validation
गोर्खा को लागि पराकम्प चेतावनी प्लिज,aftershock_information_query,validation
cracks appeared after the quake,building_damage_check,train
भेटिएकोपरिवार सदस्य कसरी दर्ता गर्ने,family_reunification_status,train
found my sister at the relief camp,family_reunification_status,validation
यो भूकम्प हो कि हजुर,earthquake_occurring_report,validation
bihana dekhi mero bhaibata khabar xaina,family_member_missing,train
wallk haseko le mero buwa lai thichyo,trapped_debris_report,train
जाँच्दैछु प्लिज,fallback_unclear,validation
my father having chest pain pls,medical_emergency_request,train
नेपाल रेडक्रसको हेल्पलाइन नम्बर,emergency_contact_request,validation
bridge collapsed near Lalitpur asap,road_blockage_report,train
help ls,sos_help_request,validation
evacuation ko instrcutions dinu hos,evacuation_guidance_query,train
where can wet ake shelter safely,safe_location_query,train
पोखरा मा घर भत्कियो!!,building_collapse_report,train
हजुरबुबा भग्नावशेषमुनि थुनिनुभयो???,trapped_debris_report,train
tapai kati umer ko hunuhuncha,fallback_unclear,train
bhukmpa gayo mero ghar najik ma,earthquake_occurring_report,train
my grandfather has been lcoated safely,family_reunification_status,validation
shelter needed for my sister and kids,shelter_request,train
tset,fallback_unclear,train
काठमाडौं नजिकैको घरमा आगो लागेको छ,fire_incident_report,train
gas laek near Pokhara,gas_leak_report,train
ghar collapse bhayo hamib hitra fasyou,trapped_debris_report,train
हजुरबुबा लडेरढाडमाचोट लाग्यो,injury_report,train
my garndfather is stuck under the roof,trapped_debris_report,train
aago chittai failira xa Kathmandu ma???,fire_incident_report,train
जाजरकोट नजिकैको घरमा आगो लागेको छ!!,fire_incident_report,train
गर्भवतीमहिलालाई उपचार चाहियो,medical_emergency_request,validation
mero buwa lai badly injury bayo,injury_report,train
aftershoock kati samma rahanxa,aftershock_information_query,train
aago chittai failira xa school najik ma,fire_incident_report,train
tnhx,goodbye_thanks,train
yaha ma safe zone kaha cha now,safe_location_query,train
safe place near me,safe_location_query,train
thnx,goodbye_thanks,validation
need ambulace at Lalitpur,medical_emergency_request,train
help me,sos_help_request,train
there is a fire in Lalitpur,fire_incident_report,train
how to make my house eearthquake safe,preparedness_tips_query,train
gas leak near Lalitpur,gas_leak_report,train
where can we take sheltter safely,safe_location_query,train
सडक चिरापरेर जान सकिँदैन,road_blockage_report,train
my father needs ambulanceurgently,medical_emergency_request,train
najkai ko apartment bhatkiyo,building_collapse_report,train
haat bhachiyo help chai,injury_report,train
my sister has been located safely,family_reunification_status,train
cylinderl eaking gas,gas_leak_report,train
hello madam!!!,greeting,train
हजुरबुबालाई एम्बुलेन्स चाहियो छिटो,medical_emergency_request,validation
raagat bagna roknu ko upayak ho,first_aid_query,validation
हजुरबुबा लडेरढाडमा चोट लाग्यो छिटो,injury_report,train
my sister has adeep wound,injury_report,train
bhukampa gao mero ghar najik ma,earthquake_occurring_report,validation
उद्धार टोली चाहियो थुनिएको छु है,trapped_debris_report,train
relief camp ma mero diidi bhetiyo,family_reunification_status,train
power outage cha Kathmandu ma,power_outage_report,train
अहिले नैमद्दत चाहियो,sos_help_request,validation
बुबा भग्नावशेषमुनि थुनिनुभयो,trapped_debris_report,train
safeevacuation point near me,safe_location_query,validation
"dhanyabad, that helped a lot",goodbye_thanks,train
भूकम्पदेखि छोरी को फोन लाग्दैन!!,family_member_missing,train
ghau ma bandage kasari garne,first_aid_query,validation
"namaste, are you there",greeting,validation
gas leak in the house pls,gas_leak_report,train
मेरो घरमा चिरा परेकोछ सुरक्षित छ कि छैन,building_damage_check,train
found my motherat the relief camp,family_reunification_status,validation
काठमाडौं मा बिजुलीकोतार खसेको छ,power_outage_report,train
wall khaseko le mero saathi lai thichyo help,trapped_debris_report,train
दिदीलाई एम्बुलेन्स चाहियो छिटो,medical_emergency_request,train
अहिले बुबा सँगभेट भयो,family_reunification_status,train
ksaari safely evacuate garne,evacuation_guidance_query,train
cooll thanks,goodbye_thanks,train
school area ma ambulance patauna,medical_emergency_request,train
the main road is blocked,road_blockage_report,validation
हजुरलाई नमस्कार???,greeting,train
Kathmandu ma ambulance patau na,medical_emergency_request,train
पोखरा माघर भत्कियो,building_collapse_report,train
bhukampa dekhi bijuli xaina,power_outage_report,validation
mero family ra kids ko lagi sehlter chai,shelter_request,validation
reunited with my brother nw,family_reunification_status,train
hii tapai ko naa mk ho,greeting,validation
दाजु लाई गम्भीरचोट लागेको छ,injury_report,validation
aftershockwarning for Lalitpur,aftershock_information_query,validation
हजुरआमाको बेपत्ता व्यक्ति रिपोर्ट,family_member_missing,train
पोखरा नजिक ग्यास चुहावट भयो,gas_leak_report,validation
पानीको आपूर्ति बन्द भयो पानी चाहियो!!,food_water_request,train
काठमाडौं नजिकको पुल भत्कियो???,road_blockage_report,train
मलाई तुरुन्तै के गर्ने भनेर भन्नुहोस् छिटो,status_check_general,train
mero aama buwa ra kids ko lagi shelter chai,shelter_request,train
भक्तपुर नजिक पहिरोले सडक बन्द भयो प्लिज,road_blockage_report,validation
उद्धारका लागि नजिकैको खुल्ला ठाउँ,safe_location_query,train
kitchen gas leakingg badly,gas_leak_report,train
हजुर नमस्ते,greeting,train
want to update status that my grandfather issafe,family_reunification_status,train
smell of gas after earthqauke,gas_leak_report,train
raagat bagna roknu ko upaya k ho plz,first_aid_query,train
साथी नमस्ते,greeting,train
भूकम्पदेखि बिजुलीछैन,power_outage_report,train
earthquake go bag kasari prepare garne asap,preparedness_tips_query,train
मद्दतकोलागि धन्यवाद,goodbye_thanks,validation
मलबाका कारण राजमार्ग बन्द भयो है,road_blockage_report,train
"namaste, are you there help",greeting,train
how strong will aftershocks be!!!,aftershock_information_query,train
my grandmother has eben located safely,family_reunification_status,train
no foodd since yesterday,food_water_request,validation
haat ma minor chotxa,injury_report,validation
mero ghar ma help chai xa,sos_help_request,train
हजुरआमा लडेरढाडमा चोट लाग्यो,injury_report,train
someone fainted need medical help???,medical_emergency_request,train
bhukampa ko jhatka aaile feel bhayo!!!,earthquake_occurring_report,train
mero ghar lai earthquake safe kasari banaune pls,preparedness_tips_query,train
भूकम्प अघि के के तयार राख्ने!!,preparedness_tips_query,train
food distribution point najik cha ki now,food_water_request,train
दिदी सुरक्षित हुनुहुन्छ भनेर स्थिति अपडेट गर्न चाहन्छु,family_reunification_status,train
खुट्टामा घाउ भएर रगत बगिरहेको छ हजुर,injury_report,validation
mero aama buwa ra ids ko lagi shelter chai,shelter_request,train
bhukampa report garna man xa Kathmandu a,earthquake_occurring_report,train
मद्दतको लागि धन्यवाद,goodbye_thanks,train
निकासाको मार्ग के हो,evacuation_guidance_query,train
गोर्खा मा सम्पूर्ण भवन ढल्यो???,building_collapse_report,train
road cracked cannot pass,road_blockage_report,train
my mother is trapped under debris,trapped_debris_report,train
भूकम्पको लागि गो-ब्याग कसरी तयार पार्ने,preparedness_tips_query,train
bye help,goodbye_thanks,train
my grandfather collapsed and not waking up,medical_emergency_request,train
pura buidling dhalyo gaun ma,building_collapse_report,validation
ग्यासकोपाइप भाँचियो भूकम्पमा,gas_leak_report,train
तिमी को हौ!!,fallback_unclear,train
need ambulance at Gorkha now,medical_emergency_request,train
themain road is blocked,road_blockage_report,train
earthquake hit Grkha 5 minutes ago,earthquake_occurring_report,validation
khanara pani sakiyo,food_water_request,train
fire spreadng fast in Jajarkot,fire_incident_report,train
earthquake hit Pokhara jst now,earthquake_occurring_report,train
mero bhai sangaabhi reunite bhayo,family_reunification_status,validation
कोहि छैन र मद्दत गर्ने छिटो,sos_help_request,train
mero bhai safe cha vanera status update garna man xa,family_reunification_status,train
mero saathi lai badly injuryb hayo,injury_report,train
have not heard from my rother since morning,family_member_missing,validation
जाजरकोट नजिकको पुल भत्कियो हजुर,road_blockage_report,train
के छहाल,greeting,validation
bhukampa pachi mero bhai lai bhettauna sakina,family_member_missing,validation
gharhallyo bhukampa jasto,earthquake_occurring_report,validation
म र छोरी थुनिएका छौं!!,trapped_debris_report,train
head njury from falling debris,injury_report,validation
भूकम्प गयो???,earthquake_occurring_report,train
mero aama ghar aaunu bhako xaina ahlie samma,family_member_missing,train
need hhelp,sos_help_request,validation
there is a fire in Lalitpur asap,fire_incident_report,train
गोर्खा मा आगो लागेको छ,fire_incident_report,train
mero saathi aru ra kids ko lagi shelter chai,shelter_request,train
greetinngs,greeting,validation
merosaathi unconscious bhayo,medical_emergency_request,validation
दाजु लाई छातीमा दुखाइ भइरहेको छ,medical_emergency_request,train
मेरो घरमा चिरा परेको छसुरक्षित छ कि छैन,building_damage_check,train
hello sir,greeting,train
found my family member safe asap,family_reunification_status,validation
merobuwa lai badly injury bhayo,injury_report,train
just testing 123,fallback_unclear,validation
बुबा र बालबालिकाका लागि आश्रय चाहियो,shelter_request,train
पोखरा माजोडदार धक्का महसुस भयो,earthquake_occurring_report,train
power lines down in Gorkha,power_outage_report,validation
आपतकालीन किटमा के के हुनुपर्छ,preparedness_tips_query,train
pollice emergency number please,emergency_contact_request,train
अहिले भूकम्प गयो???,earthquake_occurring_report,train
मलाईचोट लागेको छ,injury_report,train
hi are u working offline asap,greeting,train
need help,sos_help_request,train
mero buwa sanga abhi reunitebhayo,family_reunification_status,train
powe rlines down in Kathmandu,power_outage_report,train
गोर्खा मा बिजुलीको तार खसेकोछ,power_outage_report,train
मद्दत गर्नुहोस् है???,sos_help_request,train
food distribution point nearby,food_water_request,train
pura building dhalyo gaun ma,building_collapse_report,train
power outage cha hamro ara ma,power_outage_report,train
ghar ekdamm hallyo earthquake ho ki k ho,earthquake_occurring_report,train
नजिकैको खाद्य वितरणस्थल,food_water_request,train
mero aama safe chaa vanera status update garna man xa,family_reunification_status,train
धन्यवाद हजुर है,goodbye_thanks,validation
kasari safely evacaute garne,evacuation_guidance_query,validation
हजुरबुबा लाई गहिरो घाउ छ छिटो,injury_report,validation
searching for my grandfather iin Lalitpur,family_member_missing,train
परिवार पुनर्मिलन प्रक्रिया के हो,family_reunification_status,validation
road blocked by landslide near Pokhara now,road_blockage_report,train
ghar hallyo bhukampa jasto,earthquake_occurring_report,train
building on fire nea Gorkha,fire_incident_report,train
जाजरकोट नजिक पहिरोले सडक बन्द भयो,road_blockage_report,train
my grandmother having chest pain urgent pls,medical_emergency_request,train
ललितपुर मा बिजुलीको तार खसेको छ है,power_outage_report,train
my mother has a deep wound,injury_report,train
amulance ko number k ho,emergency_contact_request,train
is it saef to stay in this house,building_damage_check,train
what to do during evacuation,evacuation_guidance_query,train
building on fire near Kathmandu,fire_incident_report,validation
where is the designated safe zone in Gorkha,safe_location_query,validation
mero didi lai badly injjury bhayo,injury_report,train
how do i evacuate safely,evacuation_guidance_query,train
pregnant lady lai emergency care chai,medical_emergency_request,train
aparmtent block collapsed nearby,building_collapse_report,train
help me right now urgent pls,sos_help_request,validation
यहाँ सफा पानी उपलब्ध छैन,food_water_request,train
shelter chaincha mero family ko lagi plz,shelter_request,train
severe bleeding need medic urgent pls,medical_emergency_request,train
sas phherna sakeko xaina koi,medical_emergency_request,train
पराकम्प कति शक्तिशाली हुन्छ,aftershock_information_query,train
भक्तपुर मा तोकिएको सुरक्षित क्षेत्र कहाँ छ,safe_location_query,train
bijuli kahilea aunxa,power_outage_report,train
ambulance ko numbr k ho,emergency_contact_request,validation
anyonethere help,sos_help_request,train
building ma fire xa Kathmandu najik,fire_incident_report,train
पोखरा नजिकग्यास चुहावट भयो,gas_leak_report,train
राति बस्न पालचाहियो,shelter_request,train
merobhai sanga abhi reunite bhayo,family_reunification_status,train
छिटो मद्दत चाहियो,sos_help_request,validation
घर पूर्ण रूपमा भत्कियो प्लिज,building_collapse_report,train
raagat bagna roknu ko upaya k ho,first_aid_query,train
road blocked by landslid near Bhaktapur,road_blockage_report,train
सहयोगचाहियो,sos_help_request,train
bye,goodbye_thanks,validation
मद्दत चाहियो,sos_help_request,train
ran out of food and water,food_water_request,train
बिहानदेखिदिदी बाट कुनै खबर छैन,family_member_missing,validation
अर्को भूकम्प आउने छ कि प्लिज,aftershock_information_query,train
building ma fire xa Kathmandu najiik,fire_incident_report,train
building bata evacuate gane steps,evacuation_guidance_query,train
missing person report for my brother,family_member_missing,validation
hiii,greeting,train
hamro area ma bijuli atti bhayo,power_outage_report,validation
भवन अलिकति ढल्किएको छ खतरा छ कि,building_damage_check,train
when will power berestored,power_outage_report,train
hi bhaikasto cha,greeting,train
cpr kasari garne,first_aid_query,train
गोर्खाको लागि निकासा योजना,evacuation_guidance_query,train
जाजरकोट मा घर भत्कियो हजुर,building_collapse_report,validation
big bhukamppa jasto lagyo,earthquake_occurring_report,validation
ok bye t adhanyabad,goodbye_thanks,train
we are trapped inside the bilding,trapped_debris_report,validation
५ मिनेट अगाडि भूकम्प आयो,earthquake_occurring_report,train
pura building dhalyo hamro areama,building_collapse_report,train
कोही सास फेर्न सकिरहेको छैन हजुर,medical_emergency_request,train
भूकम्प अघि के के तयार राख्ने,preparedness_tips_query,train
worried about gas leak in apartment,gas_leak_report,train
what should i do right now now,status_check_general,train
where can we get temporary shelter,shelter_request,train
दुईदिनदेखि बिजुली छैन,power_outage_report,validation
nee dration for my sister,food_water_request,train
gas stove caused frie,fire_incident_report,validation
दिदी लाई सुरक्षित फेला परेको छ हजुर,family_reunification_status,train
displaced need a plaec to stay,shelter_request,train
the house has completly collapsed,building_collapse_report,train
काठमाडौं मा सम्पूर्ण भवन ढल्यो!!,building_collapse_report,validation
ghar hatkiyo gaun ma,building_collapse_report,train
भूकम्पले सबै हल्लियो,earthquake_occurring_report,validation
anyone there help,sos_help_request,train
बेहोस भएको मान्छेलाई कसरी मद्दत गर्ने छिटो,first_aid_query,validation
earthquake in Gorka,earthquake_occurring_report,train
landsllide blocking the only road out,road_blockage_report,train
mero bhai lai ambulance chai ugent,medical_emergency_request,validation
बिजुलीकहिले आउँछ,power_outage_report,train
भक्तपुर नजिक ग्यास चुहावट भयो!!,gas_leak_report,train
आमा लाई छातीमा दुखाइ भइरहेको छ प्लिज,medical_emergency_request,train
massive shaking right now,earthquake_occurring_report,train
मलाई बचाउनुहोस्,sos_help_request,train
no power for two adys now,power_outage_report,validation
दिदी लाई सुरक्षित फेला परेकोछ,family_reunification_status,train
gas leak bhayo ghar ma???,gas_leak_report,train
पोखरा मातोकिएको सुरक्षित क्षेत्र कहाँ छ,safe_location_query,train
राहतशिविरमा हजुरबुबा भेटियो,family_reunification_status,train
aftershock warning for Bhaktapur,aftershock_information_query,train
best practices for earthquake preparedness at home,preparedness_tips_query,train
हजुरआमा सुरक्षित हुनुहुन्छ भनेर स्थिति अपडेट गर्नचाहन्छु,family_reunification_status,train
what should i do righ now,status_check_general,train
whho inspects building safety after earthquake,building_damage_check,train
पोखरा मा आगो लागेको छ है,fire_incident_report,train
भेटिएको परिवार सदस्य कसरी दर्ता गर्ने???,family_reunification_status,train
बुबा को बेपत्ताव्यक्ति रिपोर्ट,family_member_missing,validation
behosh bhako manxe lai kasari help garne,first_aid_query,validation
hmm!!!,fallback_unclear,train
school area ma ambulance patau na,medical_emergency_request,validation
what to keep ready before an earthquake,preparedness_tips_query,train
bazara ma fire lagyo,fire_incident_report,train
my mother is missing since the earthquake,family_member_missing,train
भूकम्पमा छत खस्यो है,building_collapse_report,train
आमा सँग सम्पर्क टुटेको छ!!,family_member_missing,validation
pura building dalyo hamro area ma,building_collapse_report,train
अहिले दाजु सँग भेट भयो छिटो,family_reunification_status,train
my mother is stuck under the roof,trapped_debris_report,train
बहिनी नमस्ते छिटो,greeting,train
mero aama unconscious bhayo,medical_emergency_request,validation
ghar collapse bhayohami bhitra fasyou,trapped_debris_report,train
need shelter formy family,shelter_request,validation
hii k help garna saknu hunxa,greeting,train
छत खसेर हजुरआमा थुनिनुभयो हजुर,trapped_debris_report,train
bhukampaaayo abhi,earthquake_occurring_report,train
found my brother at the relief camp,family_reunification_status,train
ग्यासको पाइप भाँचियोभूकम्पमा,gas_leak_report,train
fire brigade contact number,emergency_contact_request,train
ghar hallyobhukampa jasto,earthquake_occurring_report,train
गोर्खा जान सकिँदैन सडक बन्द छ,road_blockage_report,train
my mother is injuerd badly,injury_report,train
pregnant lady laiemergency care chai,medical_emergency_request,train
tell me what to do immediately,status_check_general,train
"we are stuck inside, walls collapsed",trapped_debris_report,validation
asdkjasd,fallback_unclear,train
पाल शिविरको स्थान चाहियो हजुर,shelter_request,train
please rescue me mlai help chai,sos_help_request,train
mero saathi lai deepwound xa,injury_report,validation
Kathmandu ko lagi evacuation plan,evacuation_guidance_query,train
ahile k garne ma,status_check_general,validation
do we need to evacuateimmediately,evacuation_guidance_query,train
no electricity since theearthquake,power_outage_report,validation
road blocked by landslide near Lalitpur pls,road_blockage_report,train
bridge collapsed near Pokhara plz,road_blockage_report,validation
भक्तपुर मा बिजुली गएकोछ,power_outage_report,train
road bolck bhayo landslide le Kathmandu najik,road_blockage_report,train
mero buwa ko phone lagdaina bhukampa dekhi,family_member_missing,train
धन्यवाद दाई!!,goodbye_thanks,train
kasari safely evacuate garne,evacuation_guidance_query,train
medicalemergency please help,medical_emergency_request,train
najikko relief camp kaha cha,shelter_request,train
foudn my family member safe,family_reunification_status,validation
ललितपुर मा आगो लागेको छ,fire_incident_report,train
मुख्य सडक बन्द छ है,road_blockage_report,train
bhukampa ko jhatka abhi feel bhayo,earthquake_occurring_report,train
pani ko supply badn bhayo pani chai,food_water_request,train
hami abhi evacuate garnu parxa ki,evacuation_guidance_query,train
how to secure furniture from falling asap,preparedness_tips_query,train
building ollapsed in Bhaktapur,building_collapse_report,train
temporary shelter kkaha paunxa,shelter_request,validation
ok thanks bye is ma jaanchhu,goodbye_thanks,train
ललितपुर जान सकिँदैनसडक बन्द छ,road_blockage_report,train
trappeed xu ghar bhatkeko debris muni,trapped_debris_report,train
भग्नावशेष खसेर टाउकोमा चोट लाग्यो!!,injury_report,validation
भूकम्पको बेला खुट्टामा चोट लाग्यो,injury_report,validation
any relief camp nearby,shelter_request,train
hii tapaiko naam k ho,greeting,train
sos malai help chai,sos_help_request,train
जाजरकोट मा बिजुलीको तार खसेको छ!!,power_outage_report,validation
भक्तपुर को लागि पराकम्प चेतावनी,aftershock_information_query,train
अहँ छिटो,fallback_unclear,train
good aftenroon,greeting,train
abhi ghar bhitra ajna milxa ki,building_damage_check,validation
mero aama unconsciousbhayo,medical_emergency_request,train
head injury bhayodebris khaseko le,injury_report,train
safe place kaha xa near Bhaktapur,safe_location_query,train
नमस्ते बहिनी,greeting,train
landslide blocking the only rooad out,road_blockage_report,train
mero ghar ma crack aayo safe chaki,building_damage_check,validation
bhukampa ko jhatka 5 minute agadi feel bhayo,earthquake_occurring_report,validation
दिदीबेहोस हुनुभयो,medical_emergency_request,train
दाजु लाई गहिरोघाउ छ,injury_report,train
main road band cha,road_blockage_report,train
दाजुलाई छातीमा दुखाइ भइरहेको छ,medical_emergency_request,train
घाउभएको ठाउँमा कसरी उपचार गर्ने,first_aid_query,train
बेहोस भएको मान्छेलाई कसरी मद्दत गर्ने,first_aid_query,train
hi malai chahiyo help,greeting,train
bhukampa gayo Gorkha ma help,earthquake_occurring_report,train
frie spreading fast in Jajarkot,fire_incident_report,validation
मेडिकल इमर्जेन्सी छ मद्दत गर्नुहोस् हजुर,medical_emergency_request,train
haat bhachiyo help chai pls,injury_report,train
want to update status that my sister is safe,family_reunification_status,train
gana gauna aknu huncha,fallback_unclear,train
my grandmotheris stuck under the roof,trapped_debris_report,train
power uotage in Pokhara,power_outage_report,train
म र आमा थुनिएका छौं???,trapped_debris_report,validation
बुबा लाई गम्भीर चोट लागेको छ,injury_report,validation
भूकम्पको बेलाखुट्टामा चोट लाग्यो,injury_report,validation
cool thanks,goodbye_thanks,train
हजुरबुबा बेहोस हुनुभयो,medical_emergency_request,train
जाजरकोट मा भूकम्प गयो???,earthquake_occurring_report,train
mero saathi unconsciuos bhayo,medical_emergency_request,train
whereis the nearest safe zone,safe_location_query,train
भूकम्पपछि चिरादेखा पर्यो,building_damage_check,train
mero didi safe cha vanera status update garna man xa,family_reunification_status,train
hamro area ko lagi aftershock warning,aftershock_information_query,train
tell me a joke help,fallback_unclear,train
we are trapped inside the building help,trapped_debris_report,validation
परिवारको भेला हुने ठाउँकसरी योजना बनाउने,preparedness_tips_query,validation
nepal red cross helplinenumber,emergency_contact_request,train
mero buwa pinned under debris malaih elp chai,trapped_debris_report,validation
power outage in Jjaarkot,power_outage_report,train
बुबा भग्नावशेषमुनिथुनिनुभयो,trapped_debris_report,train
bhukampa pachi mero mama lai bhettauna sakina,family_member_missing,train
छोरा अझै घर आउनुभएको छैन,family_member_missing,train
howto make my house earthquake safe,preparedness_tips_query,train
ahile k grnu parxa,status_check_general,train
najik ko assembly point kaha cha,safe_location_query,train
मद्दतगर है,sos_help_request,train
bhukampa report garna man xa hamro area ma,earthquake_occurring_report,train
rescue chai x ma thuniyeko xu,trapped_debris_report,train
mero bhai lai sfaely locate garya,family_reunification_status,validation
आमा लाई गहिरो घाउ छ,injury_report,validation
fire spreading fast in Jajarkot,fire_incident_report,train
ललितपुर नजिककोपुल भत्कियो,road_blockage_report,train
entire building came down i nGorkha,building_collapse_report,train
५ मिनेट अगाडि भूकम्प आयो!!,earthquake_occurring_report,train
firsta id for burns,first_aid_query,train
सहयोग गर्नुन,sos_help_request,train
khane pani chaincha,food_water_request,validation
घरबाट धुवाँआइरहेको छ,fire_incident_report,train
buried under rubble,trapped_debris_report,validation
which open area is safe to gather,safe_location_query,train
साथीनमस्ते,greeting,train
वृद्धवृद्धाहरूसँग कसरी निकासा गर्ने,evacuation_guidance_query,validation
खाना र पानी सकियो है,food_water_request,train
have not heard from my grandfather since morning,family_member_missing,validation
safeplace kaha xa near Jajarkot,safe_location_query,train
head injury bhayo debris khaseko le,injury_report,validation
भक्तपुर नजिक ग्यास चुहावट भयो,gas_leak_report,train
आमा लडेरढाडमा चोट लाग्यो हजुर,injury_report,train
how to evacuate with elderly people,evacuation_guidance_query,train
safe place kaha xa near Pokhara,safe_location_query,train
ok got it thanks,goodbye_thanks,train
bhukampa report garna man xaPokhara ma,earthquake_occurring_report,train
electricity cut off in our area,power_outage_report,train
fire brigade kocontact number,emergency_contact_request,validation
mero saathi bhukampa pachi missing hunuhuncha,family_member_missing,train
भर्खरैभूकम्प आयो,earthquake_occurring_report,train
पोखरा मासम्पूर्ण भवन ढल्यो,building_collapse_report,train
malai pillar le thichyo cannot move,trapped_debris_report,train
म र दिदी थुनिएका छौं प्लिज,trapped_debris_report,validation
najikai ko apartment bhatkiyo,building_collapse_report,validation
mero didi pinned under debris malai help chai,trapped_debris_report,train
who inspects buidling safety after earthquake,building_damage_check,validation
अहिले हजुरआमा सँग भेट भयो,family_reunification_status,validation
safeplace kaha xa near Gorkha,safe_location_query,train
meroaama lai ambulance chai urgent,medical_emergency_request,train
हजुरआमा सुरक्षित हुनुहुन्छ भनेर स्थिति अपडेट गर्न चाहन्छु है,family_reunification_status,train
relief camp najik cha ki!!!,shelter_request,validation
please help me,sos_help_request,train
aago chiittai failira xa Kathmandu ma,fire_incident_report,validation
पोखरा नजिकको पुल भत्कियो,road_blockage_report,train
मलाई थाहा छैन के गर्ने,status_check_general,train
पोखरा को लागि पराकम्प चेतावनी हजुर,aftershock_information_query,train
ठिक छ धन्यवाद,goodbye_thanks,train
hel chaincha ma darai xu,sos_help_request,train
fire spreading fast in Kathmandu,fire_incident_report,train
पाल शिविरको स्थान चाहियो,shelter_request,train
बाईहै,goodbye_thanks,train
need clean drinking water urgently,food_water_request,train
सहयोग गर्नु होला,sos_help_request,train
searching for my sister inKathmandu,family_member_missing,validation
bihana dekhi mero aama bata khabar aina,family_member_missing,train
budo budi sanga kasari evacuate ganre,evacuation_guidance_query,train
आमा लाई एम्बुलेन्स चाहियो छिटो,medical_emergency_request,validation
आपतकालीन किटमा केके हुनुपर्छ,preparedness_tips_query,validation
पोखरानजिक ग्यास चुहावट भयो,gas_leak_report,train
मेडिकल इमर्जेन्सी छ मद्दत गर्नुहोस्,medical_emergency_request,train
building ma firee xa school najik najik,fire_incident_report,train
mero lai helpchaincha,sos_help_request,train
earthquake hit Bhaktapur justn ow,earthquake_occurring_report,train
najik ko releif camp kaha cha,shelter_request,validation
can anyonehelp,sos_help_request,validation
there is afire in Bhaktapur,fire_incident_report,train
my sister di dnot come home yet,family_member_missing,train
blah blah blah,fallback_unclear,train
शुभ प्रभात,greeting,train
thanks rbo,goodbye_thanks,train
please someone help,sos_help_request,train
पोखरा को लागि निकासा योजना,evacuation_guidance_query,train
hey QSAFE,greeting,train
पोखरा मा आगो लागेको छ,fire_incident_report,train
building bata bahira nniskane safest tarika,evacuation_guidance_query,train
हजुरआमा सँग सम्पर्क टुटेको छ???,family_member_missing,train
road blocked by ladnslide near Gorkha,road_blockage_report,train
आमा लाई गहिरो घाउ छ प्लिज,injury_report,train
hello dai malai ekhi sodhnu thiyo,greeting,train
help pls ma dherai fright maxu,sos_help_request,train
hp me,sos_help_request,train
hey are youthe earthquake bot,greeting,train
मेडिकल इमर्जेन्सी छ मद्दतगर्नुहोस्,medical_emergency_request,train
हजुरबुबा लाई गहिरोघाउ छ,injury_report,train
"namaste bot,are u online",greeting,train
अहिले बुबासँग भेट भयो,family_reunification_status,train
is it safe to sleep indoors after ftershocks,aftershock_information_query,train
sos sos help,sos_help_request,train
earthquake go bag kasari prepare garne,preparedness_tips_query,train
आपतकालीन सम्पर्क नम्बरहरूको सूची???,emergency_contact_request,train
काठमाडौं को लागि निकासा योजना!!,evacuation_guidance_query,validation
where should i gofor safety,safe_location_query,validation
does this thing owrk,fallback_unclear,validation
gharbhatkiyo Kathmandu ma,building_collapse_report,train
my mother fell aand hurt back,injury_report,validation
भूकम्पमा छत खस्यो,building_collapse_report,train
najik ko assembly point kaha cha asap,safe_location_query,train
पराकम्पपछि घरभित्र सुत्न सुरक्षितछ कि,aftershock_information_query,validation
meroo didi sanga abhi reunite bhayo,family_reunification_status,train
mero buwa safe cha vannera status update garna man xa,family_reunification_status,train
bhukampa pachi k ggarne,status_check_general,train
my mother is stuckunder the roof,trapped_debris_report,train
school building half bhatkiyo,building_collapse_report,train
kitchen ma gas dherai chuhira xa urgent pls,gas_leak_report,validation
what to do fora sprained ankle,first_aid_query,train
aftershock kati strong huncha help,aftershock_information_query,validation
mero buwa lai safey locate garya,family_reunification_status,train
पोखरा मा जोडदार धक्का महसुस भयो,earthquake_occurring_report,train
school najik ma firee lagyo,fire_incident_report,validation
हाइ!!,greeting,validation
गोर्खा कोलागि निकासा योजना,evacuation_guidance_query,train
सहयोगको लागि धन्यवाद,goodbye_thanks,train
bhukampa ko jhatka 5 minute agadi feel bhayo help,earthquake_occurring_report,train
hello ji sanchai hunuhunccha,greeting,train
how to bandage a wound proprely,first_aid_query,train
mero aaam debris muni thuniyo,trapped_debris_report,train
evacuation plan for Gorkha,evacuation_guidance_query,train
धेरै रगत बगिरहेको छ मेडिक चाहियो,medical_emergency_request,train
ललितपुर नजिक ग्यास चुहावट भयो छिटो,gas_leak_report,validation
earthquake inLalitpur,earthquake_occurring_report,train
भूकम्पपछि सडकक्षतिग्रस्त भयो,road_blockage_report,validation
आमा लाई गम्भीर चोट लागेको छ,injury_report,validation
steps to evacuate the building pls,evacuation_guidance_query,train
दिदी लाई एम्बुलेन्स चाहियो छिटो,medical_emergency_request,train
good evening,greeting,train
gs ko smell airaxa bhukampa pachi,gas_leak_report,train
भवनबाट निकासा गर्ने चरणहरू प्लिज,evacuation_guidance_query,validation
गीत गाउनसक्छौ,fallback_unclear,train
fire spreading fast in Gorkha,fire_incident_report,validation
हजुरबुबा लाईएम्बुलेन्स चाहियो छिटो,medical_emergency_request,train
म र छोरी थुनिएका छौं,trapped_debris_report,train
child helpline number,emergency_contact_request,train
hamro area ko algi evacuation plan,evacuation_guidance_query,train
relief camp ma mero aaa bhetiyo,family_reunification_status,train
भक्तपुर जान सकिँदैन सडक बन्द छ प्लिज,road_blockage_report,train
theground is shaking,earthquake_occurring_report,train
एस ओ एस,sos_help_request,train
help me right now,sos_help_request,train
छोरी अझै घर आउनुभएको छैन!!,family_member_missing,train
ahile ko situation k ho,status_check_general,train
emergency supplies kati choti check garne,preparedness_tips_query,train
सबैभन्दा नजिकको सुरक्षित क्षेत्र कहाँ छ!!,safe_location_query,train
पोलेको ठाउँको लागि प्राथमिक उपचार,first_aid_query,train
doctor chai xa abhi nai,medical_emergency_request,train
hamro area ma power line khaseko cha plz,power_outage_report,train
mero ghar ma ambulance patau na,medical_emergency_request,train
दाजु लाई एम्बुलेन्स चाहियो छिटो हजुर,medical_emergency_request,train
पहिरोले एकमात्रसडक बन्द भयो,road_blockage_report,train
how to plana family emergency meeting point,preparedness_tips_query,train
nepal red cross helpline nummber,emergency_contact_request,train
अहिले आमा सँग भेट भयो???,family_reunification_status,train
baby formula ra panichai,food_water_request,validation
found my brother at the relief camp pls,family_reunification_status,validation
अहिलेको अवस्थाके हो,status_check_general,train
13456,fallback_unclear,train
दाजु को लागि खाद्यान्न चाहियो हजुर,food_water_request,train
mero ghra ma ambulance patau na,medical_emergency_request,train
earthquake in Pokhara,earthquake_occurring_report,train
smoke coming from the house,fire_incident_report,validation
mero family ra kids ko lagi shelter chai,shelter_request,train
ललितपुर को लागि निकासा योजना,evacuation_guidance_query,train
tourist police konumber dinu hos,emergency_contact_request,validation
hlepp,sos_help_request,train
hijo dekhi khana xaiina,food_water_request,train
najika iko safe zone kaha cha,safe_location_query,train
road blocked by landslide near Lalitpur,road_blockage_report,validation
my father having chest pain,medical_emergency_request,train
भक्तपुरमा बिजुली गएको छ,power_outage_report,train
my sister fell and hurt back,injury_report,train
earthquakego bag kasari prepare garne,preparedness_tips_query,train
बाई,goodbye_thanks,train
random tyype gardai xu,fallback_unclear,validation
उद्धार टोली चाहियो थुनिएको छु,trapped_debris_report,train
mero saathi debris munni thuniyo,trapped_debris_report,train
काठमाडौं मा घरभत्कियो,building_collapse_report,train
gas pipe broke during quake,gas_leak_report,train
काठमाडौं माआगो लागेको छ,fire_incident_report,train
need ration for my brother,food_water_request,train
छोरी सँगसम्पर्क टुटेको छ,family_member_missing,train
mero bhai pinned under debris malai help chai help,trapped_debris_report,train
poleko thau ko firts aid,first_aid_query,validation
अहिले नै मद्दत चाहियो है,sos_help_request,train
जाजरकोट मा तोकिएको सुरक्षित क्षेत्र कहाँछ,safe_location_query,train
म डराएको छु मद्दत गर्नुहोस्,sos_help_request,train
hey bhauju kcha,greeting,train
ok thanks bye plz,goodbye_thanks,validation
brokenarm need help,injury_report,train
सी पी आर कसरी गर्ने छिटो,first_aid_query,train
आमा लाई छातीमा दुखाइ भइरहेको छ,medical_emergency_request,train
hamro area janaa sakidaina road band cha,road_blockage_report,validation
have not heard from my mother since morning,family_member_missing,train
सहयोग गर्नु न प्लिज,sos_help_request,validation
my brother is inured badly,injury_report,train
my son is trapped under debris,trapped_debris_report,validation
road ma crack bayo jana sakidaina,road_blockage_report,train
aftershokc warning for Pokhara,aftershock_information_query,train
थाहा छैन हजुर,fallback_unclear,train
सहयोग गर्नुहोस्!!,sos_help_request,train
भान्सामा सानो आगो लागेकोछ,fire_incident_report,train
tell me what to do immedaitely,status_check_general,train
sos sos help pls,sos_help_request,train
hi asap,greeting,train
my daughter is stuck under the roof,trapped_debris_report,train
my brother is stck under the roof,trapped_debris_report,train
my brother is stuck under the roof,trapped_debris_report,train
my sister iis unconscious,medical_emergency_request,validation
mero didi ghar aaunu bhako xaina ahile samma,family_member_missing,train
दिदी लाई छातीमा दुखाइ भइरहेको छ,medical_emergency_request,validation
हजुरलाईनमस्कार,greeting,train
ललितपुर मा एम्बुलेन्स चाहियो???,medical_emergency_request,train
send hlep,sos_help_request,train
ghar ekdam hallyo earthquake hoki k ho,earthquake_occurring_report,train
अहिले दिदी सँग भेटभयो,family_reunification_status,train
thanku sir ali help bhayo,goodbye_thanks,validation
पोखरा नजिक पहिरोले सडक बन्द भयो छिटो,road_blockage_report,train
heyare you the earthquake bot,greeting,train
तिमी को हौ हजुर,fallback_unclear,train
मलबाका कारण राजमार्ग बन्द भयो???,road_blockage_report,train
काठमाडौंमा बिजुली गएको छ,power_outage_report,train
mero didi sanga abhi reunite bhayo,family_reunification_status,train
khane panichaincha,food_water_request,validation
के छ हाल,greeting,train
ललितपुर नजिकैको घरमा आगोलागेको छ,fire_incident_report,train
केपराकम्प आउने छ,aftershock_information_query,train
ल ठिक छ बाई छिटो,goodbye_thanks,train
ghar bhatkiyo hamro area ma,building_collapse_report,train
मुख्य सडक बन्द छ,road_blockage_report,train
हजुरआमा सँग सम्पर्क टुटेको छ,family_member_missing,train
ललितपुर मा घर भत्कियो छिटो,building_collapse_report,validation
hey there,greeting,train
भान्सामा सानो आगो लागेको छ!!,fire_incident_report,validation
somebody elp,sos_help_request,validation
cut on my leg bleeding now,injury_report,train
help requied,sos_help_request,train
mero bhai sanga abhi reunite bhayo,family_reunification_status,train
cpr kaari garne,first_aid_query,validation
सुरक्षित रूपमा कसरी निकासा गर्ने छिटो,evacuation_guidance_query,train
hamro area najik ko pul bhatkiyo,road_blockage_report,train
hello dai k cha khabar,greeting,train
ललितपुर नजिकग्यास चुहावट भयो,gas_leak_report,train
ललितपुर मा सम्पूर्ण भवन ढल्यो हजुर,building_collapse_report,train
minor injury on hand,injury_report,train
najik ko assembly point kaaha cha,safe_location_query,train
काठमाडौं मा तोकिएको सुरक्षित क्षेत्र कहाँछ,safe_location_query,train
मेरो परिवारको लागि आश्रय चाहियो???,shelter_request,train
mero didi debris mun thuniyo,trapped_debris_report,validation
दाजु को लागिखाद्यान्न चाहियो,food_water_request,train
national emergency peration center number,emergency_contact_request,train
gas lea kbhayo ghar ma,gas_leak_report,train
family ko lagi food supply chai,food_water_request,train
cannot reach Pokhara roadi s closed,road_blockage_report,train
road blockked by landslide near Jajarkot,road_blockage_report,train
जाजरकोट मा आगोलागेको छ,fire_incident_report,train
greetings,greeting,train
हजुरआमा लाई छातीमा दुखाइ भइरहेको छ,medical_emergency_request,train
just testing 1223,fallback_unclear,train
दाजु लाई छातीमा दुखाइ भइरहेको छ!!,medical_emergency_request,train
हामीले अस्थायीआश्रय कहाँ पाउन सक्छौं,shelter_request,validation
सुरक्षित रूपमा कसरी निकासा गर्ने,evacuation_guidance_query,train
mero bhai pinned under debris malai help chai,trapped_debris_report,train
namaste ma euta prashna sodhna chahanchu,greeting,train
thanks bro ekdamramro jankari,goodbye_thanks,train
राष्ट्रिय आपतकालीन कार्य केन्द्रको नम्बर है,emergency_contact_request,validation
much appreciated,goodbye_thanks,train
road cracked cannotpass,road_blockage_report,train
our house is unsafeneed shelter,shelter_request,train
भूकम्पले सबै हल्लियो!!,earthquake_occurring_report,train
mero family member safebhetiyo,family_reunification_status,train
बहिनी नमस्ते,greeting,train
हजुरआमा को बेपत्ता व्यक्ति रिपोर्ट,family_member_missing,train
bihana dekhi mero buwa bata khabarxaina,family_member_missing,train
diasster reporting hotline,emergency_contact_request,train
the ground i sshaking,earthquake_occurring_report,train
काठमाडौं नजिक पहिरोले सडकबन्द भयो,road_blockage_report,train
shelter chaincha mero faimly ko lagi,shelter_request,train
haa tma minor chot xa,injury_report,train
earthquake hit Lalitpur 5 minutes ago,earthquake_occurring_report,train
mero bhai pinned unde debris malai help chai,trapped_debris_report,train
my brother fell and hurt back urgent pls,injury_report,validation
bhukampa pachi crack aayo pls,building_damage_check,train
random tye gardai xu,fallback_unclear,train
पोखरा नजिकैको घरमा आगो लागेको छ,fire_incident_report,train
khane pani chaincha now,food_water_request,train
mero aama lai safely locateg arya,family_reunification_status,validation
random text here,fallback_unclear,train
building on fire near Pokhara,fire_incident_report,train
how strong will aftershocks be,aftershock_information_query,train
Kathmandu jana skidaina road band cha,road_blockage_report,train
मद्दत चाहियो हजुर,sos_help_request,train
my grandmother fell and hur tback,injury_report,train
जाजरकोट मा जोडदार धक्का महसुस भयो,earthquake_occurring_report,train
"thankyou, that helped",goodbye_thanks,train
"namaste bot, are u online",greeting,train
how to treat a cut wound!!!,first_aid_query,train
ललितपुर मा एम्बुलेन्स चाहियो,medical_emergency_request,train
my father has a deep wound???,injury_report,train
bhukampa report garna man xa Kathmandu ma,earthquake_occurring_report,train
जोक भन,fallback_unclear,train
रगत बग्न रोक्ने उपाय के हो,first_aid_query,validation
mero bhai bhukampa pach missing hunuhuncha,family_member_missing,train
grouund shaking very hard,earthquake_occurring_report,train
mero gar ma ambulance patau na,medical_emergency_request,validation
ground shaknig very hard,earthquake_occurring_report,train
my grandmother needs ambulance urgently,medical_emergency_request,train
उद्धारका लागि कहाँ फोन गर्ने,emergency_contact_request,train
cannot fin my brother after the quake,family_member_missing,train
where is the designated safe zone in Bhaktapur now,safe_location_query,train
निकासाका निर्देशनहरू दिनुहोस्,evacuation_guidance_query,train
my father needs ambulance urgently,medical_emergency_request,train
road block bhayo landslide le gaaun najik,road_blockage_report,validation
परिवारपुनर्मिलन प्रक्रिया के हो,family_reunification_status,train
my sister hs been located safely,family_reunification_status,train
bhukampa achi crack aayo,building_damage_check,validation
दिदी लडेरढाडमा चोटलाग्यो,injury_report,train
how to prepare kids foor earthquake drills,preparedness_tips_query,train
अहिले कुन चरण पालनागर्ने,status_check_general,train
बुबा को बेपत्ता व्यक्ति रिपोर्ट,family_member_missing,train
mero bwua sanga abhi reunite bhayo,family_reunification_status,train
भूकम्पपछि छोरीलाई भेट्टाउन सकिएको छैन,family_member_missing,validation
के छ हाल हजुर,greeting,train
help me pls im scared pls,sos_help_request,train
merodidi safe cha vanera status update garna man xa,family_reunification_status,train
gaun jana sakidaina road band cha,road_blockage_report,train
अहिले नै मद्दत चाहियो,sos_help_request,train
want to update statu sthat my brother is safe,family_reunification_status,train
mero didi pinned under debrism alai help chai,trapped_debris_report,validation
police eemrgency number dinu hos,emergency_contact_request,train
need ration for myb rother,food_water_request,train
relief camp ma merob hai bhetiyo,family_reunification_status,validation
earthquake in Bhaktapur now,earthquake_occurring_report,train
buildin ma fire xa bazaar najik,fire_incident_report,train
aago chittai failira xa Kathmandu ma,fire_incident_report,train
bhukampa pachi crack aayo,building_damage_check,train
पोलेको ठाउँको लागि प्राथमिक उपचार???,first_aid_query,train
power outage chaKathmandu ma,power_outage_report,train
bachcha haru lai earthquake dril lko lagi kasari prepare garne,preparedness_tips_query,train
malai bacahu please,sos_help_request,train
भवन अलिकतिढल्किएको छ खतरा छ कि,building_damage_check,train
गोर्खा मा सम्पूर्ण भवनढल्यो,building_collapse_report,validation
who do i call for rescue,emergency_contact_request,train
भूकम्पदेखि बुबा कोफोन लाग्दैन,family_member_missing,train
power outage cha Katmandu ma,power_outage_report,train
sabai hallyo bhukampale,earthquake_occurring_report,train
tapai kati uer ko hunuhuncha,fallback_unclear,train
म डराएको छु मद्दत गर्नुहोस्???,sos_help_request,train
emergency contact number haru ko list,emergency_contact_request,train
आमा र बालबालिकाका लागि आश्रय चाहियो???,shelter_request,train
नजिकैको खाद्य वितरण स्थल,food_water_request,train
मडराएको छु मद्दत गर्नुहोस्,sos_help_request,validation
tent camp location neeedd,shelter_request,train
help me pls im scared plz,sos_help_request,train
need cleandrinking water urgently,food_water_request,train
medical helpneeded urgently,medical_emergency_request,train
searching for my brother in Kathmandu,family_member_missing,train
bhukampa gayo hamro area ma,earthquake_occurring_report,train
म र दाजु थुनिएका छौं है,trapped_debris_report,train
namaste now,greeting,train
the house has completely collapsed,building_collapse_report,train
म र छोरीथुनिएका छौं,trapped_debris_report,train
घरमा ग्यास चुहावट भयो प्लिज,gas_leak_report,train
hostelma ambulance patau na,medical_emergency_request,train
के गर्ने भनेरमलाई मार्गदर्शन गर्नुहोस्,status_check_general,train
randoom text here,fallback_unclear,validation
hamro ghar najik gas leak bhayo,gas_leak_report,train
"structure collapsed, people may be inside!!!",building_collapse_report,validation
pinned under debris,trapped_debris_report,train
पोखरा मा एम्बुलेन्स चाहियो हजुर,medical_emergency_request,train
my grandfather is injured badly,injury_report,train
दुई दिनदेखि बिजुली छैन प्लिज,power_outage_report,train
building tilted slightly is it dangerous,building_damage_check,train
काठमाडौंजान सकिँदैन सडक बन्द छ,road_blockage_report,train
mero buwa lai ambulancechai urgent,medical_emergency_request,validation
क क क है,fallback_unclear,train
पाल शिविरकोस्थान चाहियो,shelter_request,train
wall khaseko le mero bhai lai thichyo,trapped_debris_report,train
Kathmanndu ma ambulance patau na,medical_emergency_request,train
"structure collapsed, people may be inside",building_collapse_report,train
hello daimalai kehi sodhnu thiyo,greeting,validation
भक्तपुर को लागि निकासा योजना है,evacuation_guidance_query,validation
घरमा भूकम्प तयारीको उत्तम अभ्यासके हो,preparedness_tips_query,train
Kathmandu najik ko pulbhatkiyo,road_blockage_report,train
my house has cracks is it safe,building_damage_check,train
electrical fire lagyo plz,fire_incident_report,train
bridg collapsed near Kathmandu,road_blockage_report,train
सहयोगको लागि धन्यवाद प्लिज,goodbye_thanks,train
bhukampa pachi mero saathi lai bhettauna sakina,family_member_missing,train
bihana dekhi mero didi bata khabar xaina,family_member_missing,train
when will power be restored,power_outage_report,train
national emergency operation center number,emergency_contact_request,train
mero bai lai ambulance chai urgent,medical_emergency_request,train
safe place nearr me,safe_location_query,validation
earthquake just occurred 5 minutesago,earthquake_occurring_report,train
bachcha haru lai earthquake drill ko lagi kasari prepare garne plz,preparedness_tips_query,validation
need drinking water,food_water_request,train
good orning,greeting,train
बुबा लडेरढाडमा चोट लाग्यो,injury_report,train
khana ra pani sakiyo help,food_water_request,train
scholo najik ma fire lagyo,fire_incident_report,train
hey are you the earthquake bot pls,greeting,train
what's the weatherl ike,fallback_unclear,train
भूकम्प गयो,earthquake_occurring_report,train
mero buwa debrismuni thuniyo,trapped_debris_report,train
k garne vanera guide garnu hos,status_check_general,train
कोही छ सहयोग गर्नुहोस् है,sos_help_request,train
reunited with my gandmother now,family_reunification_status,train
what's the weather like,fallback_unclear,train
arko bhukampa aaunxaki,aftershock_information_query,train
पोखरा को लागि पराकम्प चेतावनी,aftershock_information_query,train
bihana dekhi mero mama bata khabar xaina,family_member_missing,validation
धेरैधन्यवाद,goodbye_thanks,train
भक्तपुर मा घर भत्कियो,building_collapse_report,train
we just felt an earthquake in Bhaktapur,earthquake_occurring_report,validation
