text,intent,split
namaste,greeting,train
काठमाडौं मा बिजुलीको तारखसेको छ,power_outage_report,train
dos ths thing work,fallback_unclear,train
help,sos_help_request,train
meroo didi sanga abhi reunite bhayo,family_reunification_status,train
ahile kgarnu parxa,status_check_general,train
gana gauna skanu huncha,fallback_unclear,train
ghr bhitra farkana milxa ki,building_damage_check,train
hlepp,sos_help_request,train
जाजरकोट मा तोकिएको सुरक्षित क्षेत्र कहाँ छ हजुर,safe_location_query,train
mero didi pinned under debris malai help chai,trapped_debris_report,train
should we evacuate now,evacuation_guidance_query,train
भक्तपुरमा बिजुली गएको छ,power_outage_report,train
मौसम कस्तो छ,fallback_unclear,train
हजुरबुबा लडेरढाडमाचोट लाग्यो,injury_report,train
मलाई थाहा छैन के गर्ने,status_check_general,train
कोही सास फेर्न सकिरहेको छैन हजुर,medical_emergency_request,train
my grandmother having chest pain,medical_emergency_request,train
भूकम्पदेखि बुबा कोफोन लाग्दैन,family_member_missing,train
छत खसेर बुबा थुनिनुभयो,trapped_debris_report,train
टाउकोबाट रगत बगिरहेको छ,injury_report,train
bhukampa pachi cracka ayo pls,building_damage_check,train
Kathmandu maambulance patau na,medical_emergency_request,train
hbukampa pachi mero aama lai bhettauna sakna,family_member_missing,train
aftershock kati samma rahanxa asap,aftershock_information_query,train
thank u dai malai thaha bhayo,goodbye_thanks,train
मलाई थाहा छैन के गर्ने है,status_check_general,train
काठमाडौं मा आगो लागेको छ,fire_incident_report,train
बुबा ला ईसुरक्षित फेला परेकोछ,family_reunification_status,train
power outagec ha hamro area ma,power_outage_report,train
जाँच्दैछु प्लिज,fallback_unclear,train
aftershock aaunxa ki???,aftershock_information_query,train
aftershock pachi ghar bhitra sutna safe cha ki help,aftershock_information_query,train
safeplace kaha xa near Jajarkot,safe_location_query,train
help garnuna plz,sos_help_request,train
cn you sing a song urgent pls,fallback_unclear,train
found my motherat the relief camp,family_reunification_status,train
aparmtent block collapsed nearby,building_collapse_report,train
my rgandfather is unconscious,medical_emergency_request,train
mero bhai pinned under deris malai help chai,trapped_debris_report,train
huh,fallback_unclear,train
राष्ट्रिय आपतकालीनकार्य केन्द्रको नम्बर,emergency_contact_request,train
गोर्खा नजिक ग्यास चुहावट भयो,gas_leak_report,train
पोखरा को लागिनिकासा योजना,evacuation_guidance_query,train
"namaste bot, are u online",greeting,train
kitchen m aago lagyo bhukampa ko bela,fire_incident_report,train
my mothris stuck under the roof,trapped_debris_report,train
where is the designnted safe zone in Kathmandu,safe_location_query,train
लठ िक छ बाई,goodbye_thanks,train
gas ko smell airaxa bhukampa pachi pls,gas_leak_report,train
ग्यास चुहियो छिटो,gas_leak_report,train
helpp,sos_help_request,train
hi mlai chahiyo help,greeting,train
my motherc ollapsed and not waking up,medical_emergency_request,train
आमा लाई छातीमाद ुखाइ भइरहेको छ,medical_emergency_request,train
hey QSAEF,greeting,train
earthqauke alert,earthquake_occurring_report,train
my daughter is stuck under the roof,trapped_debris_report,train
wall khaseko le mero bhai lai thichyo now,trapped_debris_report,train
family ko lagi foodsupply chai,food_water_request,train
ok ybe,goodbye_thanks,train
wall khaseko le mero didi lai thichyo,trapped_debris_report,train
joke bhanna saknu hucha,fallback_unclear,train
relief camp ma mero buwabhetiyo,family_reunification_status,train
entire building came down in Gorkha,building_collapse_report,train
आाम को लागि खाद्यान्न चाहियो,food_water_request,train
hkana ra pani sakiyo help,food_water_request,train
someone fainted need medical help???,medical_emergency_request,train
good orning,greeting,train
furniture lai khasnu bata kasari secure garne,preparedness_tips_query,train
my mother has been located safely,family_reunification_status,train
building bata evacuate garne steps now,evacuation_guidance_query,train
building ma fire xa Kathmandu najik asap,fire_incident_report,train
how mny aftershocks re expected,aftershock_information_query,train
भवनबाटब ाहिर निस्कने सबैभन्दा सुरक्षित तरिका,evacuation_guidance_query,train
entire building came down in Jajarkot,building_collapse_report,train
namaste ma euta prashna sodhna chahanchu,greeting,train
बुबा को बेपत्ताव्यक्ति रिपोर्ट,family_member_missing,train
my grandfather collapsed and not waking up,medical_emergency_request,train
my mother is missing since the eaarthquake,family_member_missing,train
buildin ma frie xa bazaar najik,fire_incident_report,train
जाजरकोटनजिक पहिरोले सडक बन्द भयो,road_blockage_report,train
ललितपुर मा बिजुली गएको छ,power_outage_report,train
searching for my sister in Kathmandu,family_member_missing,train
बेहोस भएको मान्छेलाई कसरी मद्दत गर्ने है,first_aid_query,train
how to preprae kids for earthquake drills,preparedness_tips_query,train
building aliakti tilt bhayo danger chaki,building_damage_check,train
gaun jana sakidaina road band cah,road_blockage_report,train
जाजरकोट मा बिजुलीको तार खसेकोछ,power_outage_report,train
कोही छ सहयोग गर्नुहोस्???,sos_help_request,train
घरभरि ग्यासको गन्ध छ,gas_leak_report,train
medical emergency cha help garnu help,medical_emergency_request,train
my fathe rhsa a deep wound,injury_report,train
mero aama laai chest ma dukheko xa,medical_emergency_request,train
काठमाडौं मा तोकिएको सुरक्षित क्षेतर् कहाँ छ!!,safe_location_query,train
whe will power be restored,power_outage_report,train
merodidi sfe cha vanera status update garna man xa,family_reunification_status,train
ground shknig very hard,earthquake_occurring_report,train
highway blocked deu to debris,road_blockage_report,train
mero saathi debrismuni thuniyo,trapped_debris_report,train
doctor chaixa abhi nai,medical_emergency_request,train
first aid for a broken arm,first_aid_query,train
tset,fallback_unclear,train
my father is uconscious,medical_emergency_request,train
हजुरआमाको बेपत्ता व्यक्ति िरपोर्ट,family_member_missing,train
safe place kaha cha,safe_location_query,train
yaha saaf pani xaina,food_water_request,train
what to do for a sprained ankle,first_aid_query,train
हजुरबुबा बेहोस हुनुभयो,medical_emergency_request,train
घाउमापट्टी कसरी बाँध्ने,first_aid_query,train
बुबा लाई छातीमा दुखाइ भइरहेकोछ,medical_emergency_request,train
मलबाका कारण राजमार्ग बन्द भयो???,road_blockage_report,train
bihana dekhii mero bhai bata khabar xaina,family_member_missing,train
aago chittai failria xa hamro area ma,fire_incident_report,train
yo ghar ma basna safe cha ki xania,building_damage_check,train
गोर्खा मा आगो लागेको छ हजुर,fire_incident_report,train
जाजरकोट मा जोडदार धक्का महसुस भयो छिटो,earthquake_occurring_report,train
where is the designated safe zone in Kathmandu,safe_location_query,train
दिदी कोलागि खाद्यान्न चाहियो,food_water_request,train
bhukampa pachi mero mama lai bhettauna sakina urgent pls,family_member_missing,train
bhukampa report garna man xaPokhara ma,earthquake_occurring_report,train
mero bhi unconscious hbayo,medical_emergency_request,train
wall ma crack dekhiyo,building_damage_check,train
haa tma minor cho txa,injury_report,train
evacuatino ko instructions dinu hos,evacuation_guidance_query,train
हेल्लो हजुर हजुर,greeting,train
विपद रिपोर्टिङ हटलाइन है,emergency_contact_request,train
bhchiyeko haat ko first aid k ho,first_aid_query,train
buied under rubble,trapped_debris_report,train
need tents for the nnight,shelter_request,train
रगतबग्न रोक्ने उपाय के हो,first_aid_query,train
गीत गाउन सक्छौ,fallback_unclear,train
road blocked by ladnslid enear Gorkha,road_blockage_report,train
बाल हेल्पलइाननम्बर,emergency_contact_request,train
भूकम्पपछि भवनको सुरक्षा जाँच कसले गर्छ,building_damage_check,train
medicalemergency please help,medical_emergency_request,train
mero ama buwa ra ids ko lagi shelter chai,shelter_request,train
एस ओ एस हजुर,sos_help_request,train
road blocked by landslide near Bhhaktapur,road_blockage_report,train
mero buwal ai safely locate garya,family_reunification_status,train
नजिकैको सुर्कषित भेला हुने ठाउँ,safe_location_query,train
reelief camp ma mero bhai bhetiyo,family_reunification_status,train
mero saathi aru ra kids ko lagi shelter chai,shelter_request,train
our house is unsafeneed shelter,shelter_request,train
stuck ca't get out,trapped_debris_report,train
helpm e right now now,sos_help_request,train
need foo dsupplies for familly,food_water_request,train
emergency supplies kati choti check garne pls,preparedness_tips_query,train
संरचना भत्कियो मानिसहरू भित्रै हुन सक्छन्,building_collapse_report,train
earthquake hit Grokha 5 minutes ago help,earthquake_occurring_report,train
taauko bata raagat bagira xa,injury_report,train
cannot find my son after the quake,family_member_missing,train
bhukampa ko jhatka aaile feel bhayo!!!,earthquake_occurring_report,train
ल ठिक छ बाई छिटो,goodbye_thanks,train
pprecciate it,goodbye_thanks,train
परिवारको लागि खाद्य सामग्री चाहियो,food_water_request,train
आज राति थप धक्का आउनसक्छ कि,aftershock_information_query,train
भक्तपुरमा तोकिएको सुरक्षित क्षेत्र कहाँ छ,safe_location_query,train
earthquake bhayo hamro area ma,earthquake_occurring_report,train
emergency supplies kati choti check garne,preparedness_tips_query,train
buried under rubble,trapped_debris_report,train
mero bhai debrismuni thuniyo,trapped_debris_report,train
how to bandage a wound properly,first_aid_query,train
cracks appeaared after the quake,building_damage_check,train
bijuli kahile aaaunxa,power_outage_report,train
काठमाडौं मा बिजुली गएको छ है,power_outage_report,train
मद्दत गरहै,sos_help_request,train
safe place kaha xa near Lalitpur help,safe_location_query,train
searching for my fathe rin Kathmandu,family_member_missing,train
earthquake in Bhaktapur,earthquake_occurring_report,train
mero buwa safe cha vanera status update garna man xa!!!,family_reunification_status,train
want to updatestatus that my sister is safe,family_reunification_status,train
sabai hallyo bhukaampa le,earthquake_occurring_report,train
havenot heard from my grandfather since morning,family_member_missing,train
bhukampa ko jhatka abhi feel bhayo,earthquake_occurring_report,train
ललितपुर मा एम्बुलेन्स चाहियो,medical_emergency_request,train
how to treat  cut wound,first_aid_query,train
someone finted need medical help,medical_emergency_request,train
जाजरकोट मा सम्पूर्ण भवन ढल्यो,building_collapse_report,train
नमस्कार छिटो,greeting,train
behosh bhako manxe lai ksaari elp garne,first_aid_query,train
relief camp m mero bhai bhetiyo,family_reunification_status,train
bye urgent pls,goodbye_thanks,train
bachcha haru lai earthquake drill ko lagi kasari prepare garne,preparedness_tips_query,train
ko icha help garne,sos_help_request,train
भक्तपुर नजिक ग्यास चुहावट भयो!!,gas_leak_report,train
छोरी सँग सम्पर्क टुटेको छ,family_member_missing,train
cannot find my sn after the quake,family_member_missing,train
ललितपुर मा बिजुलीको तार खसेको छ,power_outage_report,train
जाजरकोट मा तोकिएको सुरक्षित क्षेत्र कहाँ छ,safe_location_query,train
bhukampa pachi emro mama laibhettauna sakina,family_member_missing,train
जे पनि टाइप गर्दैछु!!,fallback_unclear,train
हजुरआमा बेहोसहुनुभयो,medical_emergency_request,train
mero bhai laichest ma dukheko xa,medical_emergency_request,train
hey bhaujuk  cha,greeting,train
काठमाडौं मा घर भत्कियो,building_collapse_report,train
mero buwa lai badly injury bhayo,injury_report,train
आमा सुरक्षित हुनुहुन्छ भनेर स्थिति अपडेटगर्न चाहन्छु,family_reunification_status,train
बुबा को लागि खाद्यान्न चाहियो प्लिज,food_water_request,train
बुबा लाईगम्भीर चोट लागेको छ,injury_report,train
पानीको आपूर्ति बन्द भयो पानी चाहियो हजुर,food_water_request,train
छत खसेर हजुरबुबा थुनिनुभयो,trapped_debris_report,train
काठमाडौं नजिक पहिरोले सडक बन्द भयो,road_blockage_report,train
हेल्लो हजुर,greeting,train
emergency supplis kti choti check garne,preparedness_tips_query,train
मआा सँग सम्पर्क टुटेको छ,family_member_missing,train
pura building dalyo hamro area ma,building_collapse_report,train
evacuation ko lagi khulla thau kaha cha,safe_location_query,train
gas stove le aago lgaoy,fire_incident_report,train
srtong ttremor felt just now,earthquake_occurring_report,train
घरभरि ग्यासको गन्ध छ प्लिज,gas_leak_report,train
safe place kaha xa nearPokhara,safe_location_query,train
power lines dow nin Bhaktapur,power_outage_report,train
immediate help chai xa,sos_help_request,train
हजुरबुबा लाईएम्बुलेन्स चाहियो छिटो,medical_emergency_request,train
राति बस्न पालचाहियो,shelter_request,train
पोखरा माघर भत्कियो,building_collapse_report,train
evacuation ko route k ho,evacuation_guidance_query,train
evacuation plan for Kathmandu,evacuation_guidance_query,train
randoom text here,fallback_unclear,train
ghar ekdam hallyo earthquake hoki k ho,earthquake_occurring_report,train
chat khasyo bhukampa ma,building_collapse_report,train
koi cha hel pgarne,sos_help_request,train
sabai hallyo bhukampa le!!!,earthquake_occurring_report,train
mero sathi lai ambulance chai urgent,medical_emergency_request,train
najik ko assembly point kaaha cha,safe_location_query,train
केपराकम्प आउने छ,aftershock_information_query,train
brick khasekole lagyo,injury_report,train
परिवारको लागि खाद् यसामग्री चाहियो,food_water_request,train
joke bhhanna saknu huncha,fallback_unclear,train
how to register a found family member,family_reunification_status,train
५ मिनेट अगाडि भूकम्प आयो है,earthquake_occurring_report,train
नमस्कारसर,greeting,train
kitchen ma gas dherai chuhira xa urgent pls,gas_leak_report,train
Kathmandu ma ammbulance patau na,medical_emergency_request,train
hey bhuju k cha,greeting,train
gas leak near Kathmandu,gas_leak_report,train
hmro area ma power line khasekocha,power_outage_report,train
k grne vanera guide garnuhos,status_check_general,train
namaste ca you help me,greeting,train
power outage in Pokhara,power_outage_report,train
सहयोग हजुर,sos_help_request,train
arkobhukamap aaunxa ki,aftershock_information_query,train
hello ji sanchai hunuhuncha,greeting,train
fire spreding fast in Kathmandu,fire_incident_report,train
अहिले दिदी सँग भेटभयो,family_reunification_status,train
नमस्कार!!,greeting,train
entre building came down in Bhaktapur,building_collapse_report,train
"dhanyaabd, that helped a lot",goodbye_thanks,train
mero bhai lai depe woound xa,injury_report,train
ghar balirraxa fire brigade chai,fire_incident_report,train
काठमाडौंजान सकिँदैन सडक बन्द छ,road_blockage_report,train
ground shaking very hard,earthquake_occurring_report,train
wnt to update status that my siser is safe,family_reunification_status,train
अहिले आमा सँग भेट भयो,family_reunification_status,train
tent cmp ko location chai,shelter_request,train
want to update status that my sister is safe,family_reunification_status,train
भूकम्पपछि ग्यासको गन्ध आइरहेको छ,gas_leak_report,train
mero ama lai chest ma dukheko xa plz,medical_emergency_request,train
के हो यो,fallback_unclear,train
"gas elak, please advise",gas_leak_report,train
ok thanks bye is ma jaanchhu,goodbye_thanks,train
ghr collapse bhayo hami bhitra fasyou,trapped_debris_report,train
found my grandfather at the relief camp asap,family_reunification_status,train
mero saathi unconsciuos bhayo,medical_emergency_request,train
poleko thau ko firts aid,first_aid_query,train
हजुरबुबा भग्नावेशषमुनि थुनिनुभयो???,trapped_debris_report,train
mero didi pinned under debris malai hel pchhai,trapped_debris_report,train
mero saathi lai deepwound xa,injury_report,train
हजुरआमा को बेपत्ता व्यक्ति रिपोर्ट,family_member_missing,train
bhukampa dekhi bijuli xaina,power_outage_report,train
हेल्लो,greeting,train
गोर्खा मा भूकम्प गयो,earthquake_occurring_report,train
bhukampa dekhi bijulixaina,power_outage_report,train
meero didi lai safely locate garya,family_reunification_status,train
धन्यबादहै,goodbye_thanks,train
mym otheris stuck under the roof,trapped_debris_report,train
भक्तपुर मा घरभत्कियो,building_collapse_report,train
नजिकैकोराहत शिविर कहाँ छ,shelter_request,train
sfe evacuationp oint near me,safe_location_query,train
आमासँग सम्रप्क टुटेको छ,family_member_missing,train
भक्तपुर मा जोडदारधक्का महसुस भयो,earthquake_occurring_report,train
सहयोग गर्नुहोस्,sos_help_request,train
evacuation ko laggi khulla thau kaha cha,safe_location_query,train
erthquake hit Kathmandu just now,earthquake_occurring_report,train
जाजरकोट मा घरभत्कियो,building_collapse_report,train
hamro area ko lagi aftershock warning!!!,aftershock_information_query,train
wll collapsed on the street,building_collapse_report,train
भान्सामा सानो आगो लगाेकोछ,fire_incident_report,train
भूकम्पकोल ागि गो-ब्याग कसरी तयार पार्ने,preparedness_tips_query,train
searching for my grandfathe rin Bhaktapur,family_member_missing,train
wha tccan you do,fallback_unclear,train
khutta ma cho tlagyo running bela,injury_report,train
भक्तपुर जान सकिँदैन सडक बन्द छ प्लिज,road_blockage_report,train
budo budi sannga kasari evacuate garne,evacuation_guidance_query,train
rescue ko lagi kaha phone garne help,emergency_contact_request,train
sos maai help chai,sos_help_request,train
tell me what tod o immeidately,status_check_general,train
there is a fire in Lalitpur asap,fire_incident_report,train
ahile k grnu parxa,status_check_general,train
दिदी लाई सुरक्षित फेला परेकोछ,family_reunification_status,train
bijuli kahile aaunxa,power_outage_report,train
पोखरा म ाआगो लागेको छ है,fire_incident_report,train
भूकम्पपछि सडक क्षतिग्रस्तभयो,road_blockage_report,train
हजुरबुबा लाई गम्भीर चोट लागेको छ,injury_report,train
gaun najik ko pul bhatkiyo,road_blockage_report,train
bhi ghar bhitra jana milxaa ki,building_damage_check,train
shelter neededf or my brother and kids,shelter_request,train
road block bhayo landslide le gaaun najik,road_blockage_report,train
mero aama sanga bahi reunite bhayo,family_reunification_status,train
kun kuhlla thau safe cha gather garna!!!,safe_location_query,train
छिमेकभरि बिजुली गएको छ,power_outage_report,train
ga leak near Lailtpur,gas_leak_report,train
छत खसेर बुबा थनुिनुभयो है,trapped_debris_report,train
building on fire near oPkhara,fire_incident_report,train
power lines down in Lalitpur,power_outage_report,train
mero buwa sanga abhi reunitebhayo,family_reunification_status,train
सहयोग गर्नु होला,sos_help_request,train
पाल शिविरको स्थान चाहियो हजुर,shelter_request,train
ग्यासको पाइप भाँचियोभूकम्पमा,gas_leak_report,train
buidling safe cha kikasari thaha pauney,building_damage_check,train
पहिरोले एकमात्र सडक बन्द भयो प्लिज,road_blockage_report,train
erathquake,earthquake_occurring_report,train
एस ओएस,sos_help_request,train
bhukampa report garna man xa Gorkha ma urgent pls,earthquake_occurring_report,train
अहँ,fallback_unclear,train
आमा लाई सुरक्षित फेला परेको छ है,family_reunification_status,train
thanks rbo,goodbye_thanks,train
धन्यबाद है छिटो,goodbye_thanks,train
घाउ भएको ठउाँमा कसरी उपचार गर्ने है,first_aid_query,train
my sister has a deep wound,injury_report,train
shelter chaincha mero family ko lagi plz,shelter_request,train
need tents for the night,shelter_request,train
भवन अलिकतिढल्किएको छ खतरा छ कि,building_damage_check,train
aago chittai failira xa Kathmandu ma???,fire_incident_report,train
road blocke dby landslide near Pokhara,road_blockage_report,train
random tye gardai xu,fallback_unclear,train
building batae vacuate garne steps now,evacuation_guidance_query,train
ploice emergency number dinu hos,emergency_contact_request,train
is my apartment structurally safe now!!!,building_damage_check,train
छोरी अझै रघ आउनुभएको छैन!!,family_member_missing,train
najik ko relief camp kaha cha,shelter_request,train
electricity cut off in our area,power_outage_report,train
विपद रिपोर्टिङ हटलाइन,emergency_contact_request,train
good vening!!!,greeting,train
how to prepare an earthquake go bag,preparedness_tips_query,train
earthquaake agadi k k ready rakhne,preparedness_tips_query,train
thanks for the hhelp,goodbye_thanks,train
यति नैहो धन्यवाद,goodbye_thanks,train
help chaincha ma darai xu,sos_help_request,train
cannot reach Pokhararoad is closed,road_blockage_report,train
pleaes help me,sos_help_request,train
need shelter for my family,shelter_request,train
haat ma minor chot xa,injury_report,train
मुख्य सडक बन्द छ है,road_blockage_report,train
my sister is trapped under debris,trapped_debris_report,train
emergency conatct numbers list,emergency_contact_request,train
road block bhayo landslide le gaun najik,road_blockage_report,train
कठामाडौं मा घर भत्कियो,building_collapse_report,train
bhukampa pachi merosaathi lai bhettauna sakina,family_member_missing,train
भूकम्पपछि भवनको सुरक्षाजाँच कसले गर्छ,building_damage_check,train
evacuation ko instructions diun hos???,evacuation_guidance_query,train
अर्को भूकम्प आउने छ कि,aftershock_information_query,train
ललितपुर जान सकिँदैनसडक बन्द छ,road_blockage_report,train
एकदमधन्यवाद,goodbye_thanks,train
nede ration for my mother,food_water_request,train
pcrkasari garne,first_aid_query,train
aago chittai failira xa hamro area ma,fire_incident_report,train
searching for my brother in Kathmandu urgent pls,family_member_missing,train
मेडिकल इमर्जेन्सी छ मद्दतगर्नुहोस्,medical_emergency_request,train
धन्यवाद दाई!!,goodbye_thanks,train
bridge collapsed near Pokhara plz,road_blockage_report,train
our house is unsafe need shelter help,shelter_request,train
हजुरलाई नमस्कार,greeting,train
भूकम्पपछिआलगागी भयो,fire_incident_report,train
my mother has beenlocated safely,family_reunification_status,train
गोर्खा निजकैको घरमा आगो लागेको छ प्लिज,fire_incident_report,train
हजुरआमा सुरक्षित हुनुहुन्छ भनेर स्थिति अपडेट गर्न चाहन्छु है,family_reunification_status,train
njik ko assembly point kaha cha asap,safe_location_query,train
छत खसेर हजुरआमा थुनिनुभयो हजुर,trapped_debris_report,train
mero aama ghar aaunu bhako xaina ahlie samma,family_member_missing,train
nepal red cross helplinenumber,emergency_contact_request,train
काठमाडौं को लागि पराकम्प चेतावनी प्लिज,aftershock_information_query,train
i needhelp now,sos_help_request,train
thanks,goodbye_thanks,train
काठमाडौं नजिक ग्यास चुहावटभयो,gas_leak_report,train
aago lagyo buhkampa pachi,fire_incident_report,train
khutt ma chot lagyo running bela now,injury_report,train
my grndmother is stuck under the roof,trapped_debris_report,train
अहिले बुबा सँग भेट भयो,family_reunification_status,train
need rattion for my mother,food_water_request,train
ghar bhitra farkana milxa ki,building_damage_check,train
my mother has a de pwound,injury_report,train
safe place kaha chaa sap,safe_location_query,train
searching for my grandfather in Lalitpur,family_member_missing,train
fire broke out aftert he earthquake,fire_incident_report,train
छत खसेर छोरा थुनिनुभयो???,trapped_debris_report,train
burned my hand slightly urgent pls,injury_report,train
hey QSFAE,greeting,train
how long do aftershocks cntinue,aftershock_information_query,train
कुन खुल्ला ठाउँभेला हुन सुरक्षित छ,safe_location_query,train
भवनबाट निकाास गर्ने चरणहरू!!,evacuation_guidance_query,train
bhachiyeko haat o first aid k ho,first_aid_query,train
mero aama ghar aaunu bhako axina ahile samma,family_member_missing,train
hamro area najik ko pul bhatkiyo,road_blockage_report,train
gas laek near Pokhara,gas_leak_report,train
we just felt an earthquake in GGorkha,earthquake_occurring_report,train
bhukampa dekhi bijuli xaiina,power_outage_report,train
my hous ehsa cracks is it safe,building_damage_check,train
heello,greeting,train
serching for my brother in Kathmandu urgent pls,family_member_missing,train
taauko bataraagat bagira xa,injury_report,train
merobahi lai safely locate garya,family_reunification_status,train
जे पनि टाइप गर्दैछु प्लिज,fallback_unclear,train
evacuation ko route k ho asap,evacuation_guidance_query,train
fire brigade contact unmber,emergency_contact_request,train
आपतकालीन किटमा के के हुनुपर्छ,preparedness_tips_query,train
पोखरा नजिकैको घरमा आगो लागेको छ???,fire_incident_report,train
hiare u working offline,greeting,train
निकासाको मार्ग के हो प्लिज,evacuation_guidance_query,train
हाम्रो घर असुरक्षित छ आश्रय चाहियो,shelter_request,train
थाहा छैन हजुर,fallback_unclear,train
erthquake in Pokhara,earthquake_occurring_report,train
building ma fire xa school najik najik,fire_incident_report,train
found my family member safe,family_reunification_status,train
ाकठमाडौं नजिक ग्यास चुहावट भयो!!,gas_leak_report,train
"namaste bot,are u online",greeting,train
relief cmp najik cha ki pls,shelter_request,train
earthquakepreparedness tips please,preparedness_tips_query,train
anyone there help,sos_help_request,train
thanks yesto helpfu huncha,goodbye_thanks,train
राहत शिविरमा हजुरआमाभेिटयो,family_reunification_status,train
rod blocked by ladnslide near Gorkha,road_blockage_report,train
बिजुलीकहिले आउँछ,power_outage_report,train
mreo aama sanga abhi reunite bhayo plz,family_reunification_status,train
मद्दत गर है,sos_help_request,train
ललितपुर मा बिजुली गएको छ है,power_outage_report,train
पोखराम ातोकिएको सुरक्षित क्षेत्र कहाँ छ,safe_location_query,train
everythign is sahking,earthquake_occurring_report,train
bhukampa kojhatka aaile feel bhayo,earthquake_occurring_report,train
ok gt it dhanyabad bahini,goodbye_thanks,train
strong tremor felt just now,earthquake_occurring_report,train
hello madam,greeting,train
brick khaseko le lagyo asap,injury_report,train
जाजरकोट नजिकैको घरमा आगो लागेको छ!!,fire_incident_report,train
mero aama pinned under debris malai help chai,trapped_debris_report,train
mero buwa pinned under debris mala help chai,trapped_debris_report,train
ghar bhatkiyo Kathmandu ma,building_collapse_report,train
mero bwua sanga abhi reunite bhayo,family_reunification_status,train
our house collpsed completely,building_collapse_report,train
छोरी को बेपत्ता व्यक्ति रिपोर्ट,family_member_missing,train
पराकम्पको जानकारी दिनुोहस्,aftershock_information_query,train
यहाँ सफा पानी उपलब्ध छैन,food_water_request,train
ललितपुर नजिक ग्यास चुहावट भयो,gas_leak_report,train
cannot move stuck under concrete malai,trapped_debris_report,train
who inspects building safety after earthquake,building_damage_check,train
mausam kasto cha,fallback_unclear,train
शुभसाँझ,greeting,train
much aappreciated,goodbye_thanks,train
how strong will aftershocks be,aftershock_information_query,train
building bata evacuate gane steps,evacuation_guidance_query,train
bhukampa report garna man xa hamro area ma urgent pls,earthquake_occurring_report,train
shelter needed for my mother andd kids,shelter_request,train
gs ko smell airaxa bhukmapa pachi,gas_leak_report,train
apartment bloc kcollapsed nearby,building_collapse_report,train
Kathmandu najik gas leak bhayo urgent pls,gas_leak_report,train
ghau bhayeko thau ma kasari treat gare,first_aid_query,train
ललितपुर नजिकपहिरोले सडक बन्द भयो,road_blockage_report,train
need hhelp,sos_help_request,train
polekothau ko first aid,first_aid_query,train
building on fire near Jajarkot???,fire_incident_report,train
बहिनी नमस्ते िछटो,greeting,train
भवन अलिकति ढल्किएको छ खतरा छ कि हजुर,building_damage_check,train
mero bhai bhukampa pachi missin ghunuhuncha,family_member_missing,train
दाजुअझै घर आउनुभएको छैन,family_member_missing,train
there are cracks in the wall,building_damage_check,train
namaste ma euta prashna sodhnachahanchu,greeting,train
raati basna tent chai,shelter_request,train
mero buwa pinned under debris malai help chai,trapped_debris_report,train
ध्नयवादबहिनी,goodbye_thanks,train
my father is missing since the earthquake,family_member_missing,train
my motehr is stuck under the roof,trapped_debris_report,train
najik ko assembly point kaha cha,safe_location_query,train
found mmy mother at the relief camp,family_reunification_status,train
safest way to leave the building,evacuation_guidance_query,train
bhukampa gayo Kathmandu ma!!!,earthquake_occurring_report,train
गोर्खा मा तोकिएको सुरक्षित क्षेत्र कहाँ छ???,safe_location_query,train
is aonther earthquake coming,aftershock_information_query,train
thank u dai maali thaha bhayo,goodbye_thanks,train
tent camp ko location chai,shelter_request,train
cylinder leaking gas,gas_leak_report,train
काठमाडौं मा आगो छिट्टै फैलिँदैछ हजुर,fire_incident_report,train
guide me on whatt to do,status_check_general,train
i need help,sos_help_request,train
डाक्टर तुरुन्तै चाहियो,medical_emergency_request,train
ghau ma bandage kasari garne,first_aid_query,train
which open area is safe to agther,safe_location_query,train
bhukampa achi crack aayo,building_damage_check,train
aftershokc warning for Bhaktapur help,aftershock_information_query,train
tahnnk u so much,goodbye_thanks,train
building on fire near Jajarkot asap,fire_incident_report,train
अहिले दिदी सँग भेटभयो,family_reunification_status,train
उद्धारकालागि कहाँ फोन गर्ने,emergency_contact_request,train
how ol dare you,fallback_unclear,train
please help me,sos_help_request,train
how to plna family emergency meeting point,preparedness_tips_query,train
धन्यबा दहै छिटो,goodbye_thanks,train
भवन अलिकति ढल्किएको छ खतरा छ कि,building_damage_check,train
गोर्खा मा सम्पूर्ण भवन ढल्यो,building_collapse_report,train
yo,greeting,train
पोखरा को लागि निकासा योजना,evacuation_guidance_query,train
ललितपुर मा आमा लाई खोजिरहेको छु!!,family_member_missing,train
mero didi laai safely locate garya,family_reunification_status,train
hey,greeting,train
entire building came down in Bhatkapur,building_collapse_report,train
cpr kasari garne,first_aid_query,train
छत खसेरहजुरआमा थुनिनुभयो,trapped_debris_report,train
building bata bahira niiskane safest tarika,evacuation_guidance_query,train
mysister collapsed and not waking up,medical_emergency_request,train
hey bhauuj k cha asap,greeting,train
mero bhailai deep wound xa,injury_report,train
cannot reeach Lalitpur road is closed,road_blockage_report,train
निकासाका निर्देशनहरू दिनुहोस्,evacuation_guidance_query,train
cylinderleaking gas,gas_leak_report,train
bhukampa ko jhatka aaile feel bhayo,earthquake_occurring_report,train
छोरा भग्नाशवेषमुनि थुनिनुभयो,trapped_debris_report,train
will there beaftershocks,aftershock_information_query,train
earthquake in Lalitpur,earthquake_occurring_report,train
earthquake preparedness tips please pls,preparedness_tips_query,train
help me pls im scared plz,sos_help_request,train
trapped xu ghar bhatkeko debrsi muni,trapped_debris_report,train
एम्बुलेन्सको नम्बर के हो प्लिज,emergency_contact_request,train
मद्दतगर है,sos_help_request,train
आमा लडेरढाडमा चोट लाग्यो,injury_report,train
सहयोग???,sos_help_request,train
gretings,greeting,train
परिवारको भेला हुने ठाउँ कसरी योजनाबनाउने,preparedness_tips_query,train
fire sperading fast in Gorkha,fire_incident_report,train
how many aftershocks are expected,aftershock_information_query,train
hi are uu working offline,greeting,train
worried abut gas leak in apartment,gas_leak_report,train
साथीनमस्ते,greeting,train
हजुरबुबा लाई गहिरोघाउ छ,injury_report,train
my sister collapsed adn no twaking up,medical_emergency_request,train
found my family member safe asap,family_reunification_status,train
घर भत्किएर भित्र फसियौं छिटो,trapped_debris_report,train
hep,sos_help_request,train
गोडा मर्केर हिँड्न सकिँन,injury_report,train
ललितपुर माआगो लागेको छ,fire_incident_report,train
can anyonehelp,sos_help_request,train
क क क छिटो,fallback_unclear,train
relief camp ma meero aama bhetiyo,family_reunification_status,train
cpr steps please,first_aid_query,train
missing person report for my brother,family_member_missing,train
kitchen gas leakingg badly,gas_leak_report,train
गोर्खा मा सम्पूर्ण भवनढल्यो,building_collapse_report,train
mero didi lai badly injury bhayo,injury_report,train
काठमाडौं मा घर भत्कियो हजुर,building_collapse_report,train
हामी कहाँ सुरक्षित आश्रय लिन सक्छौं प्लिज,safe_location_query,train
वृद्धवृद्धाहरूसँग कसरी निकासा गर्ने छिटो,evacuation_guidance_query,train
no clen water available ehre,food_water_request,train
mero bhisafe cha vanera status update garna man xa,family_reunification_status,train
tent cmap ko location chai,shelter_request,train
cannot finnd my mother after the quake,family_member_missing,train
ग्यास चुल्होले आगो लाग्यो,fire_incident_report,train
छिटो निकाल्नुहोस् थुनिएको छु,trapped_debris_report,train
भूकम्पपछि भवनको सुरक्षा जाँच कसले गर्छ,building_damage_check,train
mero buwa lai badly inujry bayo,injury_report,train
gretings,greeting,train
bhukmpako jhatka aaile feel bhayo,earthquake_occurring_report,train
soss oshelp,sos_help_request,train
thanks a lot,goodbye_thanks,train
गोर्खा नजिकको पुलभत्कियो,road_blockage_report,train
mero bhai debris munithuniyo,trapped_debris_report,train
सहयोग गर्नु न,sos_help_request,train
म र दिदी थुनिएाक छौं???,trapped_debris_report,train
भत्किएको घरभित्र फसेको छु!!,trapped_debris_report,train
malai kahaa jana safe huncha,safe_location_query,train
भूकम्पपछि दाजु लाई भेट्टाउनसकिएको छैन,family_member_missing,train
thanks yestohelpfu lhuncha,goodbye_thanks,train
road block bhayo landslide le gaun najik help,road_blockage_report,train
भक्तपुर मा तोकिएको सुरक्षित क्षेत्र कहाँ छ,safe_location_query,train
mero aama lai ambulance chai urgent???,medical_emergency_request,train
my brother collapsed and not waking up,medical_emergency_request,train
pinned nuder debris,trapped_debris_report,train
मलाई चोट लागेको छ,injury_report,train
power lines down in Lalitpu?r??,power_outage_report,train
building safe cha ki kasari thaha pauney,building_damage_check,train
mero bhai lai safely locate garya,family_reunification_status,train
राष्ट्रिय आपतकालीन कार्य केन्द्रको नम्बर,emergency_contact_request,train
"namaste, ar you there",greeting,train
उद्धार टोली चाहियो थुनिएको ुछ है,trapped_debris_report,train
fire spreading fast in Lalitpur,fire_incident_report,train
mero ghar lia earthquake safe kasari banaune,preparedness_tips_query,train
ललितपुर मा आगो लागेको छ,fire_incident_report,train
खाना र पानी सकियो है,food_water_request,train
पोखरा मा आगो लागेको छ है,fire_incident_report,train
hellp garnu na plz,sos_help_request,train
Kathmandu ma power line khaseko cha,power_outage_report,train
mlai kaha jana safe hunccha,safe_location_query,train
mero aamalai ambulance chai urgent,medical_emergency_request,train
जोकभन,fallback_unclear,train
found my grandfather at the relief camp,family_reunification_status,train
उद्धारकालागि नजिकैको खुल्ला ठाउँ,safe_location_query,train
gas leak in teh house pls,gas_leak_report,train
bihana dekhi mero aama bat akhabar aina,family_member_missing,train
how old are you!!!,fallback_unclear,train
hamro aream afire lagyo,fire_incident_report,train
gharhallyo bhukampa jasto,earthquake_occurring_report,train
evacuatoin instructions please,evacuation_guidance_query,train
दाजु सुरक्षित हुनुहुन्छ भनेर स्थिति अपडेट गर्न चाहन्छु,family_reunification_status,train
yaha ma safe zone kaha cha,safe_location_query,train
जाजरकोट नजिक पहिरोले सडक बन्द भोय,road_blockage_report,train
गोर्खा मा भूकम्प गयो है,earthquake_occurring_report,train
next steps k oh bhannu hos,status_check_general,train
namaste bot are u online,greeting,train
bihana deki mero aama bata khabar xaina,family_member_missing,train
safest way to leave the buliding pls,evacuation_guidance_query,train
my sister hving chest pain,medical_emergency_request,train
sfe place near me,safe_location_query,train
पर्यटक प्रहरीको नम्बर दिनुहोस्,emergency_contact_request,train
hell ppls,sos_help_request,train
एम्बुलेन्सको नम्बर केहो,emergency_contact_request,train
tell me what to do immeidately,status_check_general,train
my grandfater is injured badly,injury_report,train
food distribuution point nearby,food_water_request,train
my grandfather collapsed and not wakinng up,medical_emergency_request,train
evacuaton instructions please,evacuation_guidance_query,train
my father is unconscious,medical_emergency_request,train
wall khaseko le mero bai lait hichyo,trapped_debris_report,train
gana guana sakn uhuncha,fallback_unclear,train
want to update stauts that my siser is safe,family_reunification_status,train
पोखरा मा भूकम्प गयो हजुर,earthquake_occurring_report,train
काठमाडौं को लागि निकासा योजना,evacuation_guidance_query,train
what should i do now,status_check_general,train
khana ra pani sakiyo,food_water_request,train
भूकम्पदेखि हजुरबुबा बेपत्ता हुनुभएको छ हुजर,family_member_missing,train
my brotheris injured badly,injury_report,train
पोखरानजिकको पुल भत्कियो,road_blockage_report,train
bihana dekhi mero bhai bata khabar xaina,family_member_missing,train
अर्को भूकम्प आउने छ कि प्लिज,aftershock_information_query,train
fire alert near market,fire_incident_report,train
हजुरबुबा लाई गहिरो घाउ छ,injury_report,train
हजुरआमा को बेपत्ता व्यक्ति रिपोर्ट प्लिज,family_member_missing,train
mero family member safe bhetiyo,family_reunification_status,train
cracks appeared afte rthe quake,building_damage_check,train
ाकठमाडौं माआगो लागेको छ,fire_incident_report,train
hi bot help,greeting,train
दुई दिनदेखि बिजुली छैन प्लजि,power_outage_report,train
अहलिेको अवस्थाके हो,status_check_general,train
mero ali helpchaincha,sos_help_request,train
blah blah blah???,fallback_unclear,train
yo bhukampa sanga relatd xaina,fallback_unclear,train
mero buwa la ichest ma dukheko xa,medical_emergency_request,train
ghar bhaktiyo gaun ma,building_collapse_report,train
नमस्ते बुवा!!,greeting,train
bleeding from hed,injury_report,train
ahile k garnu praxa,status_check_general,train
भूकम्पपछि हजुरबुबा लाई भेट्टाउन सकिएको छैन,family_member_missing,train
smoke coming fromthe house,fire_incident_report,train
emergency contac tnumber haru ko list,emergency_contact_request,train
दिदी लडेरढाडमा चोट लाग्यो,injury_report,train
minorinjury on hand,injury_report,train
जाजरकोट मा बिजुलीको तार खसेको छ,power_outage_report,train
धन्यवाद दाई,goodbye_thanks,train
relief cmp m mero bhai bhetiyo,family_reunification_status,train
अहिले भूकम्प गयो???,earthquake_occurring_report,train
मद्दतपठाउनुहोस्,sos_help_request,train
road damaged after eartqhuake,road_blockage_report,train
mero mama ko phone lagdaina bhukampa dekhi,family_member_missing,train
power outage in Bhaktapur,power_outage_report,train
bhukampa report garna man xa Kathmandu a,earthquake_occurring_report,train
गोर्खा मा आग ोलागेको छ,fire_incident_report,train
थाहा छैन,fallback_unclear,train
we re stuck inside walls collapsed,trapped_debris_report,train
hey htere,greeting,train
नेपाल रेडक्रसको हेल्पलाइन नम्बर,emergency_contact_request,train
hamro area ko algi evacuation plan,evacuation_guidance_query,train
नजिकैको सुरक्षित भेला हुने ठाउँ,safe_location_query,train
पर्खालमा ठूला चिरा छन् बाहिरिनु पर्छ कि है,building_damage_check,train
thank u dai malai thahabhayo,goodbye_thanks,train
asdkjsad,fallback_unclear,train
ललितपुर नजिक पहिरोले सडक बन्द भयो,road_blockage_report,train
सहयोग चाहियो,sos_help_request,train
bzaar ma fire lagyo,fire_incident_report,train
displaced need a place to stay,shelter_request,train
where is the nearest safe zone,safe_location_query,train
relief camp najik cha ki!!!,shelter_request,train
कोहि छैन र मद्दत गर्ने है,sos_help_request,train
send help,sos_help_request,train
buildingo n fire nea Gorkha,fire_incident_report,train
पोखरा नजिक पहिरोले सडक बनद् भयो छिटो,road_blockage_report,train
gas stove le aago lagyo,fire_incident_report,train
random text here!!!,fallback_unclear,train
mer obhai lai safely locate garya,family_reunification_status,train
भक्तपुर मा सम्पूर्ण भवन ढल्यो हजुर,building_collapse_report,train
mlai bachau pleae,sos_help_request,train
safest way to leave the building pls,evacuation_guidance_query,train
khane pani chainha,food_water_request,train
fire spreading fast in Pokhara,fire_incident_report,train
छतखसेर हजुरबबुा थुनिनुभयो,trapped_debris_report,train
नमस्ते,greeting,train
भक्तपुर मा बिजुलीको तार खसेको छ प्लिज,power_outage_report,train
छोरा भग्नावशेषमुनिथुनिनुभयो,trapped_debris_report,train
bridge cllapsed near Kathmandu,road_blockage_report,train
thannk u so much,goodbye_thanks,train
भान्सामा ग्यास धेरै चुहिँदैछ है,gas_leak_report,train
reunited with my grandmother now,family_reunification_status,train
no power for two adys now,power_outage_report,train
प्रहरीआपतकालीन नम्बर दिनुहोस्,emergency_contact_request,train
help pls ma dherai fright maxu,sos_help_request,train
frst aid kit items needed,first_aid_query,train
भक्तपुर मा घर भत्कियो!!,building_collapse_report,train
wall has big cracks should i evacuate,building_damage_check,train
our house is unsafe need hselter,shelter_request,train
hi bhaikasto cha,greeting,train
behosh bhako mnxe lai kasrai help garne,first_aid_query,train
my mother has been located safely!!!,family_reunification_status,train
fire brigade contatc number,emergency_contact_request,train
काठमाडौंमा आगो छिट्टै फैलिँदैछ,fire_incident_report,train
my grandmother collapsed an dnot waking up,medical_emergency_request,train
mero aama ghar aauun bhako xaina ahile samma,family_member_missing,train
mero didi pinned under debris malai help chi,trapped_debris_report,train
ghar bhtkiyo Kathmand uma,building_collapse_report,train
thanksa lot,goodbye_thanks,train
thank u somuch,goodbye_thanks,train
mero aama safe cha vanera status update garna mna xa,family_reunification_status,train
schoolbuilding half bhatkiyo,building_collapse_report,train
hve not heard from my father since morning???,family_member_missing,train
hoow to help someone who fainted,first_aid_query,train
123456,fallback_unclear,train
reunited with my brother now,family_reunification_status,train
टाउकोबाटरगत बगिरहेको छ,injury_report,train
need shelter for myy fmily,shelter_request,train
hy QSFAE,greeting,train
mero bhi lai deep wound xa,injury_report,train
mero bhi pinned under debris malai help chai help,trapped_debris_report,train
there is a firein Pokhara,fire_incident_report,train
my father is trapped under debris,trapped_debris_report,train
how to prepre kids foor earthquake drills,preparedness_tips_query,train
हजुरबुबा लाई गहिरो घाउछ ,injury_report,train
ओके धन्यवाद,goodbye_thanks,train
the house has completely collapsed,building_collapse_report,train
there is  fire in Lalitpur,fire_incident_report,train
bhukmpa aayo abhi,earthquake_occurring_report,train
my mother is stuckunder the roof,trapped_debris_report,train
plese help garnu bhai,sos_help_request,train
के छहाल,greeting,train
भूकम्पपछि चिरादेखा पर्यो,building_damage_check,train
medicl emergecny cha help garnu,medical_emergency_request,train
power lines down in oGrkha,power_outage_report,train
sos sos help,sos_help_request,train
दाजु लाई सुरक्षितफ ेलापरेको छ,family_reunification_status,train
पानीको आपरू्ति बन्द भयो पानी चाहियो हजुर,food_water_request,train
pani ko supply band bhayo panic hai,food_water_request,train
thnks thats' all,goodbye_thanks,train
building on fire near Pokhara help,fire_incident_report,train
need rtion for myb rother,food_water_request,train
kun khulla thua safe cha gather garna pls,safe_location_query,train
school ara ma ambulance patau na,medical_emergency_request,train
eathquake preparedness ko tips dinu hos,preparedness_tips_query,train
wllk haseko le mero buwa lai thichyo,trapped_debris_report,train
gr8 thanks urgent pls,goodbye_thanks,train
reunited with my mother now,family_reunification_status,train
thank you so much for helping!!!,goodbye_thanks,train
cannot reach Lalitpur road is clsoed,road_blockage_report,train
ाटउकोबाटरगत बगिरहेको छ,injury_report,train
aftershock warning for Gorkha???,aftershock_information_query,train
ghar collapse bbhayo hami bhitra fasyou,trapped_debris_report,train
red corss ko helpline number,emergency_contact_request,train
आमा र बालबालिकाका लागि आश्रय चाहियो???,shelter_request,train
fire brigade ko contact numbeer,emergency_contact_request,train
rod bloccked by landslide near Gorkha,road_blockage_report,train
भक्तपुर को लागि पराकम्प चेतावनी छिटो,aftershock_information_query,train
के म अहिले घरभित्र फर्कन सक्छु,building_damage_check,train
myg randmother is unconscious pls,medical_emergency_request,train
power outage in Jajarkot,power_outage_report,train
कति पराकम्पआउने अपेक्षा छ,aftershock_information_query,train
पोखरा मा बिजुलीको तार खसेकोछ,power_outage_report,train
yo bhukampa sanga related xaina urgent pls,fallback_unclear,train
जाजरकोट नजिकपहिरोले सडक बन्द भयो,road_blockage_report,train
hamro ghar puar bhatkiyo,building_collapse_report,train
ghar bata dhuwa airaxa now,fire_incident_report,train
ags stove cause fire,fire_incident_report,train
saf eplace kaha cha,safe_location_query,train
mero saathi bhukampa pachi missing hunuhuncha asap,family_member_missing,train
bhukampa pachi mero bhai lai bhttauna sakina,family_member_missing,train
bhukampa report garna mna xa Kathmandu a,earthquake_occurring_report,train
temporary shelter kaha paunxa now,shelter_request,train
erthquake hit Kathmandu justnow,earthquake_occurring_report,train
घर भत्किएर भित्र फसियौं,trapped_debris_report,train
building collapsed inPokhara,building_collapse_report,train
highway blocked due t odebris,road_blockage_report,train
mero buwa ko phone lagdaina buhkampa deekhi,family_member_missing,train
gas pipe bbroke during quake,gas_leak_report,train
ok thnks bye is ma jaanchu,goodbye_thanks,train
tnhx,goodbye_thanks,train
kitchen gas leakingb adly,gas_leak_report,train
hey QSAFE,greeting,train
mero didi snga abhi reunite bhhayo,family_reunification_status,train
building bta evacuate gane steps,evacuation_guidance_query,train
mero sathi unconsciuos bhayo,medical_emergency_request,train
हजुरआमा सँग सम्पर्क टुटेको छ,family_member_missing,train
malai pillar lethihcyo cannot move,trapped_debris_report,train
नजिकैको राहत शिविर कहाँ छ छिटो,shelter_request,train
kitchen mag as dherai chuhira xa,gas_leak_report,train
दिदी र बालबालिकाका लागि आश्रय चाहियो है,shelter_request,train
दिदी लाई मए्बुलेन्स चाहियोछिटो,medical_emergency_request,train
निकासाका निर्देशनहरू दिनुहोस्!!,evacuation_guidance_query,train
tapai k k garna saknu hunncha,fallback_unclear,train
बुबा सुरक्षित हुनुहुन्छ भनेर स्थिति अपडेट गर्न चाहन्छु है,family_reunification_status,train
hi re u working offline asap,greeting,train
safe place kaha xa near Kathmandu,safe_location_query,train
mero ghar ma cracka ayo safe cha ki,building_damage_check,train
there is a fire in Kathmandu,fire_incident_report,train
my brother is stuck under the roof,trapped_debris_report,train
strong gs smell ni the building,gas_leak_report,train
"sturcture collapsed, people may be inside",building_collapse_report,train
bihana dekhi mero didi btaa khabar xaina,family_member_missing,train
काठमाडौं नजिक पहिरोले सडक ब्नदभयो,road_blockage_report,train
साथी नमस्ते???,greeting,train
ankle sprain bhayo hidna sakina,injury_report,train
child helplinen umber,emergency_contact_request,train
thanks yesto helfpul huncha,goodbye_thanks,train
सफा खानेपानी तुरुन्तै चाहियो,food_water_request,train
njikai ko apartmentbhatkiyo,building_collapse_report,train
आमा लाई सुरक्षित फेला परेको छ हजुर,family_reunification_status,train
म डराएको छु मद्दत गर्नुहोस्,sos_help_request,train
traped need rescue team,trapped_debris_report,train
gana gauna saknuhuncha,fallback_unclear,train
पहिरोले एकमात्र सडक बन्द भयो प्लजि,road_blockage_report,train
no houe to stay need shelter urgently,shelter_request,train
give menext steps please,status_check_general,train
mero lai help chaincha,sos_help_request,train
काठमाडौं नजिकैको घरमा आगो लागेको छ,fire_incident_report,train
found my afmily member safe,family_reunification_status,train
bihana dekhi mero didi bata khabar xaina,family_member_missing,train
road crackd cannot pass,road_blockage_report,train
sheletr needd for my sister and kids,shelter_request,train
छत खसेर बुबा थुनिनुभयो है,trapped_debris_report,train
मलाईमद्दत चाहियो,sos_help_request,train
aaja rati arko jhatka aaunx aki,aftershock_information_query,train
debris le highway band bayo,road_blockage_report,train
aago chittai failira xa hamro arrea ma,fire_incident_report,train
my daughter is traapped under debirs,trapped_debris_report,train
should i expect more tremors tonight,aftershock_information_query,train
reunited with my mtoher now,family_reunification_status,train
relief camp najik cha ki,shelter_request,train
how to prepare an earthquake go bag plz,preparedness_tips_query,train
के छ हाल हजुर,greeting,train
bihana dekhi mero aamaa bata khabar xaina,family_member_missing,train
आमा लाई गहिरो घाउ छ प्लिज,injury_report,train
earthquake hit Grkha 5 minutes ago,earthquake_occurring_report,train
thanks a lot bhai help,goodbye_thanks,train
tell me wht to do immeidately,status_check_general,train
अहिले मैले के गर्ने,status_check_general,train
cracks appeared after the quake,building_damage_check,train
therre is a fire in Kathmandu,fire_incident_report,train
धन्यवादब हिनी,goodbye_thanks,train
आपतकालीन सम्पर्क नम्बरहरूको सूची,emergency_contact_request,train
taauko abtaraagat bagira xa,injury_report,train
ghar pura bhatkiyo,building_collapse_report,train
wll khaseko le mero buwalai thichyo,trapped_debris_report,train
kio cha help garen,sos_help_request,train
muusam kasto cha,fallback_unclear,train
मडराएको छु मद्दत गर्नुहोस्,sos_help_request,train
pura building dhalyo hamro area am,building_collapse_report,train
ghar baliraxa fire briagde chai,fire_incident_report,train
arkobhukampa aaunxa ki,aftershock_information_query,train
पोखरा मा भूकम्पगयो,earthquake_occurring_report,train
hamro ghar unsafe xa shelter chai,shelter_request,train
सडक चिरा परेर जान कसिँदैन,road_blockage_report,train
घर बलिरहेको छ दमकल चाहियो,fire_incident_report,train
िहजोदेखि खानाछैन,food_water_request,train
k garne vannera guide garnu hos,status_check_general,train
वृद्धवृद्धाहरूसँग कसरी निकासा गर्ने,evacuation_guidance_query,train
police eemrgency number dinu hos,emergency_contact_request,train
जाजरकोट मा घर भत्कियो,building_collapse_report,train
शुभ साँझ,greeting,train
mero ghar maehlp chai xa,sos_help_request,train
need clean drinking waetr urgenlty,food_water_request,train
my father phone not reachable ince quake,family_member_missing,train
power outage chaKatmhandu ma,power_outage_report,train
गोर्खा मा सम्पूर्ण भवन ढल्यो???,building_collapse_report,train
hamro area ma bijuli atti bhayo,power_outage_report,train
पराकम्प कति समयसम्म रहन्छ!!,aftershock_information_query,train
electtrical firel agyo,fire_incident_report,train
mreo buw unconscious bhayo,medical_emergency_request,train
mero didi lai deeep wound xa,injury_report,train
building on fire near Pokhara,fire_incident_report,train
ग्यासचुहावट भयो सल्लाह दिनुहसो्,gas_leak_report,train
our house collappsed completely,building_collapse_report,train
ambulance chaincha malai pls,medical_emergency_request,train
mero saaathi lai deep wound xa,injury_report,train
helo,greeting,train
सहयोग गर्नुहोस्!!,sos_help_request,train
how to ehlp choking person,first_aid_query,train
hami kaha shelter linna sakxam safly,safe_location_query,train
building bta evacuate garne steps,evacuation_guidance_query,train
my father needs ambulannce urgently,medical_emergency_request,train
आदाब प्लिज,greeting,train
safe place kaha cha asap,safe_location_query,train
भूकम्पआयो,earthquake_occurring_report,train
my sisteris unconscious,medical_emergency_request,train
hamro ghar usnafe xa shelterc hai,shelter_request,train
भूकम्पदेखि बुबा को फोन लाग्दैन,family_member_missing,train
diasster reporting hotline,emergency_contact_request,train
there is a fire in Bhaktapur,fire_incident_report,train
brick khaseko le agyo,injury_report,train
how do i evcuate safely,evacuation_guidance_query,train
दुईदिनदेखि बिजुली छैन,power_outage_report,train
trapped need rescueteam,trapped_debris_report,train
यहाँ सफा पानी उपलब्ध छैन छिटो,food_water_request,train
bhukampa aayo abhi,earthquake_occurring_report,train
ghr hallyo bhukampa jasto now,earthquake_occurring_report,train
my grandmother has been located safely,family_reunification_status,train
hamro area ko lagi evacuationplan,evacuation_guidance_query,train
भूकम्प आयो,earthquake_occurring_report,train
found my father at the relief camp pls,family_reunification_status,train
sas pherna sakeko xainakoi,medical_emergency_request,train
mergency help neeedd,sos_help_request,train
shelter needed for my mother and kids,shelter_request,train
wall khaseko le mero bai lai thichyo,trapped_debris_report,train
भूकम्पपछिआगलागी भयो,fire_incident_report,train
hostel najik gas leak bhayo???,gas_leak_report,train
hii,greeting,train
emergency contactnumbers list,emergency_contact_request,train
छतखसेर हजुरबुबा थुनिनुभयो,trapped_debris_report,train
earthquakea lert,earthquake_occurring_report,train
how to prpeare kids for earthquake drills,preparedness_tips_query,train
cannot reach Jajarkot roadis closed,road_blockage_report,train
छत खसेर छोरा थुनिनुभयो है,trapped_debris_report,train
hp me,sos_help_request,train
ghau bhayeko thau ma kasari treat garne,first_aid_query,train
आमा को लागि खाद्यान्न चाहियो प्लिज,food_water_request,train
नजिकैको खाद्य वितरण सथ्ल प्लिज,food_water_request,train
जाजरकोट नजिक पहिरोले सडक बन्द भयो,road_blockage_report,train
heey,greeting,train
काठमाडौं मा बिजुलीको तार खसेको छ,power_outage_report,train
my brother collpsed and nto waking up,medical_emergency_request,train
want to updatestatus thatm y sister is safe,family_reunification_status,train
k garne avnera guide garnuhos,status_check_general,train
building collapsed in oPkhara,building_collapse_report,train
kitchen ma aago lagyo bhukammpa ok bela,fire_incident_report,train
temporary sheltre kaha paunxa,shelter_request,train
mero ghar mahelp chai xa,sos_help_request,train
पोखरा मा आगो छिट्टैफैलिँदैछ,fire_incident_report,train
ghau ma bandage kasari garne,first_aid_query,train
bihana dekhi mero buwa bata khabarxaina,family_member_missing,train
भक्तपुर नजिक पहिरोले सडकबन्द भयो,road_blockage_report,train
budo budi sanga kasari evacuate garne,evacuation_guidance_query,train
घर बलिरहेको छ दमक लचाहियो,fire_incident_report,train
hiii pls,greeting,train
दिदी भग्नावशेषमुनिथुनिनुभयो,trapped_debris_report,train
बालहेल्पलाइन नम्बर,emergency_contact_request,train
छोरी अझै घर आउनुभएको छैन!!,family_member_missing,train
आमा लडेरढाडमा चोट लाग्यो???,injury_report,train
my house has cracks is ti safe,building_damage_check,train
school building partially collapsed,building_collapse_report,train
bhukampa report garna man xa Pokhara ma,earthquake_occurring_report,train
Kathmandu jana sakidaina road band cha asap,road_blockage_report,train
sprin bhayeko khutta ko lagi k garne,first_aid_query,train
काठमाडौं माआगो लागेको छ,fire_incident_report,train
भूकम्पपछ िछोरी लाई भेट्टाउन सकिएको छैन,family_member_missing,train
Kathmandu ma ambulance patau na,medical_emergency_request,train
gas leak in the house urgent pls,gas_leak_report,train
is this an earthquake,earthquake_occurring_report,train
bridge collapsde nearr Bhaktapur,road_blockage_report,train
can anyone help,sos_help_request,train
भक्तपुर मा घर भत्कियो,building_collapse_report,train
road blockde by landslide near Pokhara,road_blockage_report,train
पर्खालमा ठूला चिरा छन् बाहिरिनु पर्छ कि,building_damage_check,train
जाजरकोट मा आगो लागेको छ,fire_incident_report,train
cannot reach Pokhar aroadi s closed,road_blockage_report,train
red cross ko helpline number,emergency_contact_request,train
frie spreading fast in Jajarkot,fire_incident_report,train
what to do after an earthquake,status_check_general,train
thre re cracks in the wall,building_damage_check,train
where is the designated safe zone in Gorkha help,safe_location_query,train
बुबा लडेराढडमा चोट लाग्यो,injury_report,train
परिवार पुनर्मिलन प्रक्रिया के हो,family_reunification_status,train
kitchen ma aagoa gyo bhukampa ko bela,fire_incident_report,train
the house has completly collapsed,building_collapse_report,train
where is the designnated safe zone in Kathmandu,safe_location_query,train
मेरो भवन सुरक्षित छ कि भनेर कसरी थाहा पाउने,building_damage_check,train
ok bye t adhanyabad,goodbye_thanks,train
Kathmanduu ma fire lagyo,fire_incident_report,train
there is a fire in Lalitpur,fire_incident_report,train
safe place kahax a near Pokhara,safe_location_query,train
जोक भन छिटो,fallback_unclear,train
heyare you the earthquake bot,greeting,train
आदाब हजुर,greeting,train
छोरा भग्नावशेषमुनि थुनिनुभयो,trapped_debris_report,train
मुख्य सडक बन्दछ,road_blockage_report,train
आपतकालीन सम्पर्क नम्बरहरूको सूच ीहजुर,emergency_contact_request,train
my mother fell and hurt back,injury_report,train
कोही सास फेर्न सकिरहेको छैन,medical_emergency_request,train
दाजुबेहोस हुनुभयो,medical_emergency_request,train
my mother has adeep wound,injury_report,train
पोखरा मा सम्पूर्ण भवनढल्यो,building_collapse_report,train
gs lea kbhayo ghar ma,gas_leak_report,train
भक्तपुर को लागि पराकम्प चेतावनी छिटो,aftershock_information_query,train
electricity cut off in our area now,power_outage_report,train
aftershockaaunxa ki,aftershock_information_query,train
नमस्कार,greeting,train
गोर्खा मा तोकिएको सुरक्षित क्षेत्र कहाँ छ!!,safe_location_query,train
Kathmandu ma fire lagyo asap,fire_incident_report,train
plees help me,sos_help_request,train
mero bhai unonscious bhayo,medical_emergency_request,train
how to treat a cut wound!!!,first_aid_query,train
aftershokc warning for Pokhara,aftershock_information_query,train
power outage in Lalitpur,power_outage_report,train
हाइ!!,greeting,train
mero didi safe cha vanea status update garna man xa,family_reunification_status,train
safe place kaha xa near Bhakatpur plz,safe_location_query,train
घर भत्किएर भित्रफ सियौं छिटो,trapped_debris_report,train
earthquake inn Pokhraa,earthquake_occurring_report,train
entire building came down in Pokhara,building_collapse_report,train
apartment blockcollapsed nearby,building_collapse_report,train
mero saathi haru ra kids ko lagi shelter cchai,shelter_request,train
Kathmandu ko lagi aftershock warnnig,aftershock_information_query,train
howto make my house earthquake safe,preparedness_tips_query,train
दाजुअझै घर आउनुभएको छैन,family_member_missing,train
gaun jana skidaina road band cha,road_blockage_report,train
bhukampa report garna man xaGorkha ma,earthquake_occurring_report,train
njik ko assembly point kaaha cha,safe_location_query,train
how to secure furniture fro mfalling asap,preparedness_tips_query,train
ललितपुर मा जोडदार धक्का महसुस भयो,earthquake_occurring_report,train
fire brigade kocontact number,emergency_contact_request,train
next steps kh o bhannu hos,status_check_general,train
road blocked by landslide near Pokhara now,road_blockage_report,train
ल ठिक छ धन्यवाद,goodbye_thanks,train
दाजु लाई सुरक्षित फेला परेको छ???,family_reunification_status,train
i need hlep,sos_help_request,train
khane panichaincha,food_water_request,train
want to update status that my brother is safe,family_reunification_status,train
head injury from falling debris,injury_report,train
ठिक छ धन्यवाद,goodbye_thanks,train
हजुर नमस्ते,greeting,train
"dhanyabad, that helped a lot",goodbye_thanks,train
"trapped, please send rescue plz",trapped_debris_report,train
thanksbro ekdam ramro jankari,goodbye_thanks,train
ललितपुर को लागि निकासा योजना हुजर,evacuation_guidance_query,train
bhukampa pachi mero didilai bhettauna sakina,family_member_missing,train
can i go back insidde my house now,building_damage_check,train
gaun jana akidaina road band cha,road_blockage_report,train
wall khaseko le mero saathi lai thichoy,trapped_debris_report,train
meroo iddi sanga abhi reunite bhayo,family_reunification_status,train
ok thanks bye is ma jjaanchu,goodbye_thanks,train
bhukampa paci mero saathi lai bhettauna sakina,family_member_missing,train
Kathmandu ma safe zone kaha cha,safe_location_query,train
what is the ambulance nubmer,emergency_contact_request,train
मला ईतुरुन्तै के गर्ने भनेर भन्नुहोस् हजुर,status_check_general,train
सिलिन्डरबाट ग्यासचुहिँदैछ,gas_leak_report,train
ho wto plana family emergency meeting point,preparedness_tips_query,train
mlaii pillar le thichyo cannot move,trapped_debris_report,train
इँटा खसेर लाग्यो,injury_report,train
mero buwa debris muni thuniyo,trapped_debris_report,train
need artion for my broter,food_water_request,train
सबैभन्दा नजिकको सुरक्षित क्षेत्र कहाँ छ!!,safe_location_query,train
tent camp location neeedd,shelter_request,train
पोखरामा बिजुली गएको छ,power_outage_report,train
is anothr earthquake coming,aftershock_information_query,train
how often sholud i check emergency supplies,preparedness_tips_query,train
mero saathi lai deep wound xa,injury_report,train
बाई है,goodbye_thanks,train
mero bhai safe cha vanera status update garna manxa,family_reunification_status,train
काठमाडौं जान सकिदँैन सडक बन्द छ,road_blockage_report,train
bhukampa pachi emro aama lai bhettauna sakina,family_member_missing,train
when will power berestored,power_outage_report,train
ल ठिकछ धन्यवाद,goodbye_thanks,train
mero mma sanga coontact tutyo,family_member_missing,train
raati asna tent chai,shelter_request,train
हेल्लो हजुर हजरु,greeting,train
जाजरकोटमा जोडदार धक्का महसुस भयो,earthquake_occurring_report,train
अहिले बुबासँग भेट भयो,family_reunification_status,train
भक्तपुर मा सम्पूर्ण भवन ढल्यो छिटो,building_collapse_report,train
पोखरानजिक ग्यास चुहावट भयो,gas_leak_report,train
भूकम्पपछिआगलागी भयो,fire_incident_report,train
mero aama debris muni thuniyo,trapped_debris_report,train
cyldiner bata gas chuhi raxa,gas_leak_report,train
guide me on what to do,status_check_general,train
mero saathipinned under debris malai help chai,trapped_debris_report,train
serching for my grandfather inBhaktapur,family_member_missing,train
scholo najik ma fire lagyo,fire_incident_report,train
my mother fell and hurt back asap,injury_report,train
बिजुलीको तारबाटआगो लाग्यो,fire_incident_report,train
नमस्ते जी,greeting,train
anyonethere help,sos_help_request,train
bhukampa gayo Gorkha ma,earthquake_occurring_report,train
hello daik cha khabar,greeting,train
bhukamp ko jhatka abhi feel bhayo,earthquake_occurring_report,train
घरमाग्यास चुहावट भयो,gas_leak_report,train
the ground i sshaking,earthquake_occurring_report,train
somebody help,sos_help_request,train
भूकम्पदेखि छोरी बेपत्ता हुनुभएको छ,family_member_missing,train
tell me a joke help,fallback_unclear,train
my grandmother fell and hurt bcak,injury_report,train
hijo edkhi khana xaiina,food_water_request,train
need rtion for my mother,food_water_request,train
फर्िनचरलाई खस्नबाट कसरी सुरक्षित गर्ने,preparedness_tips_query,train
म सुरक्षाको लागि कहाँ जानुपर्छ???,safe_location_query,train
गोर्खा मा घर भत्कियो प्लिज,building_collapse_report,train
kasari safely evacaute garne,evacuation_guidance_query,train
building ma fire xa Kathmandu najik,fire_incident_report,train
school building partially collapsed???,building_collapse_report,train
ok bye t dhanyabad,goodbye_thanks,train
ारहत शिविरमा बुबा भेटियो है,family_reunification_status,train
my grndfather collapsed and not waking up,medical_emergency_request,train
दाजु लडेरढाडमा चोटलाग्यो,injury_report,train
के हामीअहिले नै निकासा गर्नुपर्छ,evacuation_guidance_query,train
hii tapia ko naam k ho,greeting,train
मलाई थाहा छैन के ग्रने है,status_check_general,train
गोर्खा मा बिजुलीको तार खसकेो छ!!,power_outage_report,train
need drinking water,food_water_request,train
bridge collapsed near Lalitpur aspa,road_blockage_report,train
ललितपुर मा दिदी लाई खोजिरहेको छु,family_member_missing,train
म र दाजुथ ुनिएकाछौं,trapped_debris_report,train
के छत,greeting,train
temporary shelter kkaha paunxa,shelter_request,train
please soomeone help,sos_help_request,train
भेटिएकोपरिवार सदस्य कसरी दर्ता गर्ने,family_reunification_status,train
धन्यवाद ुबवा छिटो,goodbye_thanks,train
धन्यवादहजुर,goodbye_thanks,train
ललितपुर मा दिदी लाई खोजिरहेोक छु,family_member_missing,train
aftershock kati samma rahanxa,aftershock_information_query,train
my son is stuck under the roof,trapped_debris_report,train
mero buwa safe cha vannera status update garna man xa,family_reunification_status,train
haat bhacihyo help chai???,injury_report,train
पोखरा मा बिजुली गएको छ हजुर,power_outage_report,train
आमा लाई सुरक्षित फेला परेको छ,family_reunification_status,train
should i expect more tremorstonight,aftershock_information_query,train
mero aama ghar aaunu bhako xaina ahile samma,family_member_missing,train
help chainchama daari xu,sos_help_request,train
गोर्खा मा तोकिएको सुरक्षित क्षेत्र कहाँ छ!!,safe_location_query,train
aftershock pachi ghar bhitra sutna safe cha ki now,aftershock_information_query,train
koi vane help gara na urgent pls,sos_help_request,train
my father fell and hurt back???,injury_report,train
ललितपुर मा दिदी लाई खोजिरहेकोछ ु!!,family_member_missing,train
hey bot k xa halkhabar now,greeting,train
road blocked by landslide near Gorkha,road_blockage_report,train
hamro area ma safe znoe kaha cha,safe_location_query,train
धनय्वाददाई,goodbye_thanks,train
shelter needed for my brother and kids pls,shelter_request,train
help requuired,sos_help_request,train
आपतकालीन सामान कति पटक जाँच्ने???,preparedness_tips_query,train
bazara ma fire lagyo,fire_incident_report,train
ghau ma bandage ksaari garne,first_aid_query,train
मेरो परिवारको लागि आश्रय चाहियो???,shelter_request,train
my sisetr having chest pain,medical_emergency_request,train
thank you dai nex time feri sodhchu,goodbye_thanks,train
cannot find my mother after the quake,family_member_missing,train
mero family ra kids ko lagi shelter chai,shelter_request,train
फेरि भेटौंला,goodbye_thanks,train
worried bout gas leak in apartment,gas_leak_report,train
how to plan a family emergency meeting point,preparedness_tips_query,train
मआा बेहोस हुनुभयो,medical_emergency_request,train
गोर्खा को लागि पराकम्प चेतावनी,aftershock_information_query,train
road ma crack bayo jana sakidaina,road_blockage_report,train
aago chittai ailira xa Kathmandu ma,fire_incident_report,train
hl!!!,greeting,train
"trapped, please send rescue",trapped_debris_report,train
छिटो निकाल्नुहोस् थुनिएको छु???,trapped_debris_report,train
तिमी कतिउमेरको हौ,fallback_unclear,train
भक्तपुर मा बिजुली गएको छ,power_outage_report,train
evacuationplan for Gorkha,evacuation_guidance_query,train
मेरो घरमा चिरा परेको छ सुरक्षित छ कि छैन,building_damage_check,train
w need help,sos_help_request,train
बुबा लाई सुरक्षित फेला परेको छ,family_reunification_status,train
हजुरबुबाबेहोस हुनुभयो,medical_emergency_request,train
mero aama lai chest ma dukhkeo xa plz,medical_emergency_request,train
my father needs ambulance urgently,medical_emergency_request,train
trappeed xu ghar bhatkeko debris muni,trapped_debris_report,train
hiik help garna saknu hunxa,greeting,train
mero buwa pinnedunder debris malai help chai,trapped_debris_report,train
can you sing a song,fallback_unclear,train
help chaincha a darai xu,sos_help_request,train
खानेपानी चाहियो,food_water_request,train
asdf,fallback_unclear,train
want to upddate status that my grandmother is safe,family_reunification_status,train
पोखरा नजिक पहिरोले सडक बन्द भयो,road_blockage_report,train
stuck nuder a collapsed wall,trapped_debris_report,train
searching fo rmy grandfather inLalitpur,family_member_missing,train
thanks for the elp,goodbye_thanks,train
खाना र पाीन सकियो है,food_water_request,train
sf eplace kaha cha,safe_location_query,train
पोखरा को लागि पराकम्प चेतावनी हजुर,aftershock_information_query,train
hlp help,sos_help_request,train
building ma ifre xa hamro area najik,fire_incident_report,train
need tnts for the night,shelter_request,train
छोराभग्नावशेषमुनि थुनिनुभयो,trapped_debris_report,train
help me,sos_help_request,train
बुबा लाईछातीमा दुखाइ भइरहेको छ,medical_emergency_request,train
"thank you, that helped",goodbye_thanks,train
the house has completely collapssed,building_collapse_report,train
evacuation planf or Kathmandu,evacuation_guidance_query,train
मद्दत पठाउनुहोस्!!,sos_help_request,train
cannot reach Bhaktapur road is closed,road_blockage_report,train
kitchen caugh tfire durin quake,fire_incident_report,train
Kathmandu najik ko pul bhatkiyo,road_blockage_report,train
wht can you do,fallback_unclear,train
छत खसेर हजुरबुबा थुनिनुभयो हजुर,trapped_debris_report,train
what ccan you do,fallback_unclear,train
गोर्खा को लागि पराकम्प चेतावनी छिटो,aftershock_information_query,train
good mornnig,greeting,train
foudn my family member safe,family_reunification_status,train
mero bhi safe cha vanera status update garna manxa,family_reunification_status,train
बाल हेल्पलाइननम्बर,emergency_contact_request,train
my rgandmother needs mabulance urgently,medical_emergency_request,train
pregnant lady lai emergency care chai plz,medical_emergency_request,train
आमालाई एम्बुलेन्स चाहियो छिटो,medical_emergency_request,train
विस्थापितहरूलाई बस्ने ठाउँ चाहिन्छ,shelter_request,train
राहत शिविरमा हजुरआमा भेटियो!!,family_reunification_status,train
what to do fora sprained ankle,first_aid_query,train
स्कूल भवन आंशिक रूपमा भत्कियो!!,building_collapse_report,train
searching for my brother in Lalitpur,family_member_missing,train
is it saef to stay in this house,building_damage_check,train
my sister is trapped under dberis,trapped_debris_report,train
building bata bahira nniskane safest tarika,evacuation_guidance_query,train
earthquake inLalitpur,earthquake_occurring_report,train
बाई???,goodbye_thanks,train
प्राथमिक उपचार किटमा के चाहिन्छ हजुर,first_aid_query,train
first aid for burns,first_aid_query,train
धन्यवाद है,goodbye_thanks,train
गोर्खानजिकप हिरोले सडक बन्द भयो,road_blockage_report,train
power outagein Laliptur,power_outage_report,train
mero buwa lai ambulance chai urgent,medical_emergency_request,train
plesae ehlp me,sos_help_request,train
is it sef to stay in this house,building_damage_check,train
म डराएको छु मद्दत गर्नुहोस्???,sos_help_request,train
hlep now,sos_help_request,train
भग्नावशेष खसेर टाउकोमाच ोट लाग्यो,injury_report,train
sfe place kaha cha asap,safe_location_query,train
my sisterhas a deep wound,injury_report,train
अर्को चरणहरू भन्नुहोस्,status_check_general,train
खुट्टामा घाउ भएर रगत बगिरहेको छ हजुर,injury_report,train
mydaughter is trapped under debris,trapped_debris_report,train
any relief cmap nearby,shelter_request,train
yo bhukampa sanga related xaina,fallback_unclear,train
नेपाल रेडक्सरको हेल्पलाइन नम्बर!!,emergency_contact_request,train
Kthmandu jana sakidaina road band cha asap,road_blockage_report,train
wll khaseko le mero bhai lai thichyo,trapped_debris_report,train
mero aamma lai safely locate garya,family_reunification_status,train
नमस्ते बहिनी,greeting,train
Kathmandu ma safe zone kahha cha,safe_location_query,train
buildinng on fire near Gorkha,fire_incident_report,train
hello madaam,greeting,train
how to secure furniture from falling asap,preparedness_tips_query,train
ललितपुर नजिककोपुल भत्कियो,road_blockage_report,train
फर्निचरलाई खस्नबाट कसरी सुकर्षित गर्ने छिटो,preparedness_tips_query,train
evacuation planfor Bhaktapur,evacuation_guidance_query,train
what steps should i follow now,status_check_general,train
who made you,fallback_unclear,train
bhukampa report garna man xa mero ghar najik ma,earthquake_occurring_report,train
need drinkingwter,food_water_request,train
there is a fire in Pokhara,fire_incident_report,train
अहिले हजुरआमा सँग भेट भयो छिटो,family_reunification_status,train
whn will power be restored,power_outage_report,train
wht,fallback_unclear,train
पोखरा को लागि पराकम्पचेतावनी,aftershock_information_query,train
wha'ts the weather like,fallback_unclear,train
polekothau ko ifrst aid,first_aid_query,train
ahilek garne ma,status_check_general,train
भवनबाट बाहिर निस्कने सबैभन्दा सुरक्षित तरिका,evacuation_guidance_query,train
bazaar ma fire lagyo,fire_incident_report,train
power outagei n Kathmandu,power_outage_report,train
सडकमा पर्खाल भत्कियो,building_collapse_report,train
koi vane help gar ana urgent pls,sos_help_request,train
mero familyra kids ko lagi shelter chai,shelter_request,train
गोर्खा मा घर भत्कियो,building_collapse_report,train
आमा र बालबालिकाका लागि आश्रय चाहियो,shelter_request,train
my brother collapsed and not waking up,medical_emergency_request,train
हामीलाईमद्दत चाहियो,sos_help_request,train
national emergency peration center number,emergency_contact_request,train
गोर्खा जान सकिँदैन सडक बन्द छ छिटो,road_blockage_report,train
पोखरा मा सम्पूर्ण भवन ढल्यो,building_collapse_report,train
reunited with my brothe rnow,family_reunification_status,train
छोरी सँग सम्पर्क टुटेको छ???,family_member_missing,train
tapai k k garna saknu huncha plz,fallback_unclear,train
malai bacahu please,sos_help_request,train
there isa fire in Gorkha,fire_incident_report,train
meroo buwa lai deep wound xa,injury_report,train
best pracitces for earthquake preparedness at home,preparedness_tips_query,train
entire building came down ni Jajarkot,building_collapse_report,train
ठिक छ नध्यवाद है,goodbye_thanks,train
बुबा रबालबालिकाका लागि आश्रय चाहियो,shelter_request,train
जाजरकोट मा भूकम्प गोय???,earthquake_occurring_report,train
mlaai nikalnu hos thuniyeko xu,trapped_debris_report,train
"structure collapsed, people may be inside!!!",building_collapse_report,train
aftershockwarning for Lalitpur,aftershock_information_query,train
relief cmp ma mero bhai bhetiyo,family_reunification_status,train
building on fire nea Gorkha,fire_incident_report,train
sprai bhayeko khutta ko lagi k garne,first_aid_query,train
mero bhai debris mmuni thuniyo,trapped_debris_report,train
भक्तपुर मा सम्पूर्ण भवन ढल्योह जुर,building_collapse_report,train
mero bhai pinned under debris malai help chai,trapped_debris_report,train
mero ai help chaincha,sos_help_request,train
hi,greeting,train
bhiana dekhi mero buwa bata khabar xaina,family_member_missing,train
hostel ma ambulance patau na urgent pls,medical_emergency_request,train
safeevacuation point near me,safe_location_query,train
खाना र पानी सकियो छिटो,food_water_request,train
gas leak near Llaitpur,gas_leak_report,train
पोखरानजिकको ुपल भत्कियो,road_blockage_report,train
how often should i check emergency supplies,preparedness_tips_query,train
strong gas smell xa building ma!!!,gas_leak_report,train
waht,fallback_unclear,train
ललितपुर नजिक ग्यास चुहावट भयो छिटो,gas_leak_report,train
काठमाडौं नजिककोपुल भत्कियो,road_blockage_report,train
Kthmandu maambulance patau na,medical_emergency_request,train
minor injury on hand,injury_report,train
mero bhai laiambulance chai urgent,medical_emergency_request,train
road block bhayo landslide le hamro aaera najik,road_blockage_report,train
सए ओएस,sos_help_request,train
behosh bhako mnxe lai kasari help garne,first_aid_query,train
relie fcamp ma mero didi bhhetiyo,family_reunification_status,train
के छ हाल,greeting,train
fire broke out after the earthquake,fire_incident_report,train
ghar collapse bhayohami bhitra fasyou,trapped_debris_report,train
khutta ma cho tlagyo running blea,injury_report,train
stuck can'tget out,trapped_debris_report,train
हाम्रोक्षेत्रमा बिजुली कटौती भयो,power_outage_report,train
hamro ghar unsaafe xa shelter chai,shelter_request,train
my daughter is stuck udner the roof,trapped_debris_report,train
हजुरआमा लडेरढाडमा चोट लाग्यो छिटो,injury_report,train
mero didi lai badly injjury bhayo,injury_report,train
iwll there be aftershocks???,aftershock_information_query,train
हजुरआमा सुरक्षित हुनुहुन्छ भनेर स्थिति अपडेट गर्नचाहन्छु,family_reunification_status,train
where is the designated safe zone in Bhaktapur,safe_location_query,train
searching for my sister in Kathmandu!!!,family_member_missing,train
मलबाका कारण राजमार्ग बन्द भयो,road_blockage_report,train
ओके धन्यवाद हजुर,goodbye_thanks,train
mero bhai bhukampa pach missing hunuhuncha,family_member_missing,train
शुभसाँझ,greeting,train
हजुरआमा सँग सम्पर्क टुटेको छ???,family_member_missing,train
tapai kati umer ko hunuhuncha help,fallback_unclear,train
wnt to upddate status that my grandmother is safe,family_reunification_status,train
bhchhiyeko haat ko first aid k ho,first_aid_query,train
found my brother t the relief cap,family_reunification_status,train
पर्खालमा चिरा देखिएको छ???,building_damage_check,train
mbulance ko number  kho,emergency_contact_request,train
o bye ta dhanyabad,goodbye_thanks,train
thank u da malai thaha bhayo,goodbye_thanks,train
gas ko smell airaxa bhukampa pachi plz,gas_leak_report,train
aftershock kati samma rahanxa help,aftershock_information_query,train
nyonethere help,sos_help_request,train
अहिले आमा सँग भेट भयो,family_reunification_status,train
pura buidling dhalyo gaun ma,building_collapse_report,train
के छ हाल हजुर,greeting,train
road blocked by landslide near Pokhara,road_blockage_report,train
दिदी लाई गहिरो घाउ छ छिटो,injury_report,train
परिवार पुनर्मिलन प्रक्रियाके हो,family_reunification_status,train
परिवारको भेला हुने ठाउँकसरी योजना बनाउने,preparedness_tips_query,train
anle sprain bhayo hidna sakina,injury_report,train
भेटिएको परिवार सदस्य कसरी दर्ता गर्ने,family_reunification_status,train
Kathmandu ma safe zonekaha cha,safe_location_query,train
this is not related to earthquake,fallback_unclear,train
tapai k k garna saknu huncha,fallback_unclear,train
ेकहो यो,fallback_unclear,train
entire uilding came down in Lalitpur,building_collapse_report,train
अहिले कुन चरण पालनागर्ने,status_check_general,train
गोर्खा मा बिजुलीको तार खसेकोछ,power_outage_report,train
गोर्खा मा आगो छिट्टैफैलिँदैछ,fire_incident_report,train
बिहानदेखिदिदी बाट कुनै खबर छैन,family_member_missing,train
Kathandu ma safe zone kaha cha,safe_location_query,train
what should be in anemergency kit,preparedness_tips_query,train
meor buwa lai deep wound xa,injury_report,train
help e,sos_help_request,train
mero ghar lia earthquak esafe kasari banaune,preparedness_tips_query,train
के पराकम्प आउने छ,aftershock_information_query,train
building on fire ner Pokhara,fire_incident_report,train
aaja raati arko jhatkaaaunxa ki,aftershock_information_query,train
my brother has been located safely help,family_reunification_status,train
hmai kaha shelter linna sakxam safely,safe_location_query,train
burned my hand slightly,injury_report,train
mero aama pinned unerd ebris malai help chai,trapped_debris_report,train
fire spredng fast in Jajarkot,fire_incident_report,train
thank you so much ofr helping,goodbye_thanks,train
के  छहाल,greeting,train
अहिले नैमद्दत चाहियो,sos_help_request,train
mero aama ai chest ma dukheko xa,medical_emergency_request,train
छिटोमद्दत चाहियो,sos_help_request,train
म र हजुरबुबाथुनिएका छौं,trapped_debris_report,train
अहिले आमा सँग भेटभयो,family_reunification_status,train
where is the nearestrelie fcamp,shelter_request,train
बिहानदेखि दिदी बाट कुनै खबर छैन,family_member_missing,train
राहत शिविरमाबुबा भेटियो,family_reunification_status,train
छोरा भग्नावशेषमुनि थुनिनुभयो,trapped_debris_report,train
bhetieko family member lai kasari register garne,family_reunification_status,train
ललितपुर को लागिपराकम्प चेतावनी,aftershock_information_query,train
उद्धार टोली चाहियो थुनिएको छु है,trapped_debris_report,train
मर्केकोखुट्टाको लागि के गर्ने,first_aid_query,train
हजुरलाई नमस्कार???,greeting,train
there is a firei n Pokhara,fire_incident_report,train
दाजु र बालबालिकाका लागि आश्रय चाहियो,shelter_request,train
is my apartment structurally safe now,building_damage_check,train
thnx,goodbye_thanks,train
malaii pillar le thichyo cannot moev,trapped_debris_report,train
road blocked by landslid nearB haktapur,road_blockage_report,train
राहत शिविरमा हजुरबुबा भेटियो प्लिज,family_reunification_status,train
दाजुलईा छातीमा दुखाइ भइरहेको छ,medical_emergency_request,train
need ration for my brother,food_water_request,train
भ्कतपुर मा जोडदारधक्का महसुस भयो,earthquake_occurring_report,train
mero bha ighar aaunu bhako xaina ahile samma,family_member_missing,train
tapai kati umer koh unuhuncha,fallback_unclear,train
shelter needed for my brother and kids,shelter_request,train
missing person report for my brother???,family_member_missing,train
dherai raaat bagira xa medic cahi xa,medical_emergency_request,train
kitchen ma gaa sdherai chuhira xa,gas_leak_report,train
what is the ambulance number,emergency_contact_request,train
हजुरबुबाको बेपत्ता व्यक्ति रिोपर्ट,family_member_missing,train
भाँचिएको हातको लागि प्राथमिक उपचार है,first_aid_query,train
mero didi ghar aaunu bhako xaina ahile samma now,family_member_missing,train
mero bwua sagna abhi reunite bhayo,family_reunification_status,train
hamro area ko lagi afetrshock warning,aftershock_information_query,train
brikc khasekole lagyo,injury_report,train
have not heard from my brother since morning,family_member_missing,train
cannot move stuck under conccrete malai,trapped_debris_report,train
संरचना भत्कियोमानिसहूर भित्रै हुन सक्छन्,building_collapse_report,train
power lines downin Bhaktapur,power_outage_report,train
everythign is shaking,earthquake_occurring_report,train
गोर्खा मा जोडदार धक्का महसुस भयो प्लिज,earthquake_occurring_report,train
emergecny contact number haru ko list,emergency_contact_request,train
najikai ko apartment bhatkiyo now,building_collapse_report,train
aftershock warning forBhaktapur,aftershock_information_query,train
i dont know what to do,status_check_general,train
bhukampa dekhi bijuli axia,power_outage_report,train
smoke coming from the house,fire_incident_report,train
हजुरबुबा को बेपत्ता व्यक्ति रिपोर्ट,family_member_missing,train
ग्यासचुहावट भयो सल्लाह दिनुहोस्,gas_leak_report,train
ambulance ko number  kho,emergency_contact_request,train
main road bnad cha,road_blockage_report,train
घाउमा पट्टी कसरी बाँध्ने,first_aid_query,train
big bhukammpa jasto lagyo,earthquake_occurring_report,train
जाजरकोट नजिकको पुल भत्कियो हजुर,road_blockage_report,train
how doi evacuate safely,evacuation_guidance_query,train
what is the current situation,status_check_general,train
पर्खालमा चिरादेखिएको छ,building_damage_check,train
गोर्खा मा बिजुलीको तार खसेको छ,power_outage_report,train
mero didi debris muni thuniyo,trapped_debris_report,train
हजुरआमा भग्नावशेषमुनि थुनिनुभयो,trapped_debris_report,train
fire spreading fast in Bhaktapur,fire_incident_report,train
yo ghr ma basna safe cha ki xaina,building_damage_check,train
ahile k grun parxa,status_check_general,train
malai khaaa jana safe huncha,safe_location_query,train
how old are you,fallback_unclear,train
हेल्लो,greeting,train
भूकम्पले सबै हल्लियो!!,earthquake_occurring_report,train
ghar bata dhuwa airaxa onw,fire_incident_report,train
mero aaam debris muni thuniyo,trapped_debris_report,train
hii tapai ko naam k ho,greeting,train
tapai k k gaarna saknu huncha,fallback_unclear,train
bhukampa pachi crack aayo pls,building_damage_check,train
myf ather is trapped under debris,trapped_debris_report,train
भक्तपुर मा तोकिएको सुरक्षित क्षेत्र कहाँ छ प्लिज,safe_location_query,train
हजुरआमा लडेरढाडमा चोटलाग्यो,injury_report,train
ghar bhatkiyo hamro area ma???,building_collapse_report,train
my sister having chest pain urgent pls,medical_emergency_request,train
काठमाडौं मा घर भत्कियो,building_collapse_report,train
gaun najik k opul bhatkiyo,road_blockage_report,train
अहिले आमा सँग भेट भयो???,family_reunification_status,train
thnksbro,goodbye_thanks,train
kun khulla thau safe cha gather garna!!!,safe_location_query,train
my sister fell and hurt back???,injury_report,train
bihana dekhi mero mama bata khabar xaina,family_member_missing,train
hey bhuju kcha,greeting,train
building m fire xa bazaar najik pls,fire_incident_report,train
घर धेरै हल्लियो,earthquake_occurring_report,train
red cross ko helpline number asap,emergency_contact_request,train
khane pani chaincha now,food_water_request,train
के हामी तुरुन्तै निकासा गर्नुपर्छ,evacuation_guidance_query,train
malai thaha xaina k garne,status_check_general,train
bhukampa gayo hamr oraea ma,earthquake_occurring_report,train
mero saathi bhkuampa pachi missing hunuhuncha plz,family_member_missing,train
relief camp ma mero didi bhhetiyo,family_reunification_status,train
Kthmandu najik ko pulbhatkiyo,road_blockage_report,train
दिदी लाई सुरक्षित फेला परेकोछ,family_reunification_status,train
pura bulding dhalyo Kathmandu ma,building_collapse_report,train
हजुरआमा लडेरढाडमा चोट लगा्यो छिटो,injury_report,train
सहयोगकोलागि धन्यवाद,goodbye_thanks,train
hlpp me,sos_help_request,train
प्राथमिक उपचारकिटमा के चाहिन्छ,first_aid_query,train
के म अहिलेघरभित्र फर्कन सक्छु,building_damage_check,train
pura building dhalyo gaun ma asap,building_collapse_report,train
ghr bhitra farkkana milxa ki,building_damage_check,train
power outage cha hamro ara ma,power_outage_report,train
stuck nuder  collapsed wall,trapped_debris_report,train
भेटिएको परिवार सदस्य कसरी दर्ता गर्ने???,family_reunification_status,train
power outage cha hamro area ma,power_outage_report,train
सिलिन्डरबाट ग्यास चुहिँदैछ,gas_leak_report,train
bachcha haru lai earthquake drill ko lagi kasari prepare garne plz,preparedness_tips_query,train
दाजु को लागि खाद्यान्न चाहियो हजुर,food_water_request,train
evacuation pla nfor Gorkha,evacuation_guidance_query,train
भूकम्पदेखि हजुरबुबा को फोन लाग्दैन प्लिज,family_member_missing,train
bye help,goodbye_thanks,train
ललितपुर मा बिजुलीको तार खसेको छ है,power_outage_report,train
ok tanks bye is ma jaanchu,goodbye_thanks,train
just testing 123,fallback_unclear,train
gas stove le aagolagyo,fire_incident_report,train
mero didi sanga abhi reunite bhhayo,family_reunification_status,train
kitchen ma gas dherai chuhira xa,gas_leak_report,train
hello there,greeting,train
roadd amaged after earthquake,road_blockage_report,train
fire brgiade contatc number,emergency_contact_request,train
hey are you the earthquake bot,greeting,train
food distribution point najikcha ik,food_water_request,train
mero didi ko phone lagdaina bhukampa dekhi,family_member_missing,train
pura building dhalyo gaun ma,building_collapse_report,train
mero aama ko phone lagdaina bhukampadekhi,family_member_missing,train
nee dration for my sister,food_water_request,train
म र आमा थुनिएका छौं???,trapped_debris_report,train
bhukampa report garna man xa Gorkha ma,earthquake_occurring_report,train
पोलेको ठाउँको लागि प्राथमिक उपचार,first_aid_query,train
अिहले हजुरआमा सँग भेट भयो छिटो,family_reunification_status,train
tourist polic ko number dinuhos,emergency_contact_request,train
mero ama lai safely locate garya,family_reunification_status,train
bridge colalpsed near Pokhara,road_blockage_report,train
mero aama pinned uner debris malai help chai,trapped_debris_report,train
सहयोग चाहियो,sos_help_request,train
kasari safely evacuate garne,evacuation_guidance_query,train
ghar hallyo bhukampa jast onow,earthquake_occurring_report,train
विपद रिपोर्टिङ हटलाइन,emergency_contact_request,train
ग्यास चुहावट भयो सल्लाह दिनुहोस्,gas_leak_report,train
mero bhai dberismuni thuniyo,trapped_debris_report,train
bazaarma fire lagyo,fire_incident_report,train
यति नैहो धन्यवाद,goodbye_thanks,train
ललितपरु मा एम्बुलेन्स चाहियो,medical_emergency_request,train
तिमीले के के गर्न स्कछौ???,fallback_unclear,train
where is the nearest relief camp,shelter_request,train
कोहि छैन र मद्दत गर्ने,sos_help_request,train
pregnant lady laiemergency care chai,medical_emergency_request,train
wha to do after an earthquake,status_check_general,train
के छ त!!,greeting,train
ghar hallyo bhukampa jasto now,earthquake_occurring_report,train
भूकम्पदेखि हजरुबुबा बेपत्ता हुनुभएको छ,family_member_missing,train
wall bhatkiyo road ma now,building_collapse_report,train
jhatka mahsus bhayo 5 minute agadi,earthquake_occurring_report,train
भूकम्पदेखि छोरी को फोन लाग्दैन!!,family_member_missing,train
hostel ma ambulance patau na,medical_emergency_request,train
ghar bata dhwua airaxa asap,fire_incident_report,train
thanks bro,goodbye_thanks,train
my grandfather has been lcoated safely,family_reunification_status,train
हाम्रो क्षेत्रमा बिजुली कटौती भयो,power_outage_report,train
help me lps im scared plz,sos_help_request,train
earthquake inn Pokhara,earthquake_occurring_report,train
strong gs smell in the building,gas_leak_report,train
पराकम्प कति शक्ितशाली हुन्छ छिटो,aftershock_information_query,train
we needhelp,sos_help_request,train
earthquake go bag kasari prepare garne,preparedness_tips_query,train
immediate help chai xa urgent pls,sos_help_request,train
आमा लडेरढाडमा चोट लाग्यो हजुर,injury_report,train
where can wet ake shelter safely,safe_location_query,train
ग्यासचुहियो,gas_leak_report,train
how ot bandage a wound proprely,first_aid_query,train
bhukampa aayo,earthquake_occurring_report,train
पानीको आपूर्ति बन्द भयो पानी चाहियो!!,food_water_request,train
हअिले बुबा सँगभेट भयो,family_reunification_status,train
building on ifre near Gorkha,fire_incident_report,train
काठमाडौं मा जोडदार धक्का महसुस भयो!!,earthquake_occurring_report,train
random text here,fallback_unclear,train
bhukampa report garn aman xa ahmro area ma,earthquake_occurring_report,train
bhukampa ko jhatka abhi feel hbayo,earthquake_occurring_report,train
bhukampa report garna man xa Gorkha ma aspa,earthquake_occurring_report,train
there are cracks in tehwall,building_damage_check,train
के म भवनभित्रफेरि जान मिल्छ,building_damage_check,train
immedite help chai ax,sos_help_request,train
gas leak bayo ghar ma,gas_leak_report,train
ghau bhayeko thau ma kasari treat garne now,first_aid_query,train
do we need to evacuateimmediately,evacuation_guidance_query,train
electricit is out across the neighborhood,power_outage_report,train
what actions shouldi take now,status_check_general,train
जोडदार भूकम्प आयो???,earthquake_occurring_report,train
इँटा खसेर ला्गयो!!,injury_report,train
missing person reportfor my mother,family_member_missing,train
हजुरबुबा लडेरढाडमा चोट लाग्यो छिटो,injury_report,train
mero family ra kids ko lagis helter chai,shelter_request,train
कोही छ सहयोग गर्नुहोस्,sos_help_request,train
thnksyesto helpful huncha,goodbye_thanks,train
aaja raati arko jhatkaa aunxa ki,aftershock_information_query,train
huuh,fallback_unclear,train
yo ghar ma basna safe cha ki xaina now,building_damage_check,train
छत खसेर हजुरआमा थुनिनुभयो,trapped_debris_report,train
hello jisanchai hunuuhncha,greeting,train
strong tremor bhukampa jasto,earthquake_occurring_report,train
हामी कहाँ सुरक्षित आश्रय लिन सक्छौं,safe_location_query,train
mero dii bhukampa pachi missing hunuhuncha,family_member_missing,train
emergency help needed,sos_help_request,train
भूकम्प ५ मिनेट अगाडि आएको हो है,earthquake_occurring_report,train
how do i know f my building is safe,building_damage_check,train
घर धेैर हल्लियो छिटो,earthquake_occurring_report,train
stuck cn'tget out,trapped_debris_report,train
मसुरक्षाको लागि कहाँ जानुपर्छ,safe_location_query,train
Kathmandu ma fire lagyo,fire_incident_report,train
is it safet o stay in this house,building_damage_check,train
give me next steps please???,status_check_general,train
first aid forburns,first_aid_query,train
भाँचिएको हातको लागि प्राथमिक उपचार,first_aid_query,train
जाजरकोट मा जोडदार धक्का महसुस भयो,earthquake_occurring_report,train
ok bye,goodbye_thanks,train
want to update status that my siser is safe,family_reunification_status,train
जाजरकोट नजिक पहिरोले सडक बन्द भयो,road_blockage_report,train
भूकम्पको लागि गो-ब्याग कसरी तयार पार्ने प्लिज,preparedness_tips_query,train
म र दिदी थुनिएका छौं प्लिज,trapped_debris_report,train
what's the weather like,fallback_unclear,train
shelter chaincha mero faimly ko lagi,shelter_request,train
आज राति थप धक्का आउनसक्छ कि,aftershock_information_query,train
my granfather is unconscoius,medical_emergency_request,train
हजुरआमा को बेपत्ता व्यक्ति रिोपर्ट,family_member_missing,train
electricity is out across the neighborhood urgent pls,power_outage_report,train
namaste can you help mme,greeting,train
power lines dow nin Pokhara,power_outage_report,train
ambulance ko numbr k ho,emergency_contact_request,train
earthquake,earthquake_occurring_report,train
पोखरा मा आगो लागेको छ छिटो,fire_incident_report,train
गरो्खा मा आगो छिट्टैफैलिँदैछ,fire_incident_report,train
bab yformula ra pani chai,food_water_request,train
what steps should i follow now asap,status_check_general,train
सुरक्षित रूपमा कसरी निकासा गर्ने,evacuation_guidance_query,train
buuilding tilted slightly is it dangerous,building_damage_check,train
rod crackd cannot pass,road_blockage_report,train
काठमाडौं मा भूकम्प गयो,earthquake_occurring_report,train
doctor chai xa abhi ani,medical_emergency_request,train
my father phone not racahble since quake,family_member_missing,train
my father is injured badly,injury_report,train
bye take care,goodbye_thanks,train
should we evacuate now plz,evacuation_guidance_query,train
आमालाई गहिरो घाउ छ,injury_report,train
Kathmandu ma power line khaseko cha pls,power_outage_report,train
power outage cha Kathmandu ma,power_outage_report,train
my mother fell nd hurt back,injury_report,train
हजुरबुाब लाई गहिरोघाउ छ,injury_report,train
ललितपुर को लागि निकासा योजना प्लिज,evacuation_guidance_query,train
बाल हेल्पलाइननम्बर,emergency_contact_request,train
hi asap,greeting,train
अहिले बुबा सँगभेट भयो,family_reunification_status,train
भक्तपुर मा जोडदार धक्का महसुस भयो छिटो,earthquake_occurring_report,train
खुट्टामा घाउ भएर रगत बगिरहेको छ???,injury_report,train
दिदी लाई सुरक्षित फेला परेको छ हजुर,family_reunification_status,train
roofcaved in during the quake,building_collapse_report,train
helpp me,sos_help_request,train
building collapsed in Jajarkot,building_collapse_report,train
lost contact with my mother,family_member_missing,train
अहिले हजुरुबबा सँग भेट भयो है,family_reunification_status,train
दाजु अझै घरआउनुभएको छैन,family_member_missing,train
मुख्य सडक बन्द छ,road_blockage_report,train
wnt to update status that my sister is safe,family_reunification_status,train
gas leak please advise,gas_leak_report,train
we just felt an earthquake in Kathmandu,earthquake_occurring_report,train
नमस्ते जी है,greeting,train
bhukampa rreport garna man xa Pokhara ma,earthquake_occurring_report,train
पोखरा को लागि पराकम्प चेतावनी हजुर,aftershock_information_query,train
अहिलेको अवस्था के हो,status_check_general,train
gharbaliraxa fire brigade chai,fire_incident_report,train
पोखरा को लागि पराकम्प चेतावनी,aftershock_information_query,train
mero didi lai deep wound xa,injury_report,train
hami abhi evacuate garnu parxa ki,evacuation_guidance_query,train
एम्बुलेन्सको नम्बर के हो,emergency_contact_request,train
bhukampa pachi mero iddi lai bhettauna skaina,family_member_missing,train
मद्दत गर्नुहोस् है???,sos_help_request,train
malai thaha xaina k gaarne,status_check_general,train
विपद रिपोर्टिङहटलाइन,emergency_contact_request,train
मेरो परिवारको लागि आश्रय चाहियो,shelter_request,train
bhukampa report garna manxa Pokhara ma,earthquake_occurring_report,train
अहिले दाजु सँग भेट भयो हजुर,family_reunification_status,train
भवनबाट बाहिर निस्कने सबैभन्दा सुरक्षित तरिका छिटो,evacuation_guidance_query,train
hello ji snchai hunuhunccha,greeting,train
malai bahcau please,sos_help_request,train
मलबाका कारण राजमार्ग बन्द भयो है,road_blockage_report,train
thanks bro ekdam ramro jankari,goodbye_thanks,train
disaster reporting hotline,emergency_contact_request,train
power lines down in Laliitpur,power_outage_report,train
lost contact with my brother help,family_member_missing,train
fire psreading fast inP okhara,fire_incident_report,train
mero ghar ma help chai xa plz,sos_help_request,train
hlepp,sos_help_request,train
merolai help hcaincha,sos_help_request,train
hel!!,sos_help_request,train
छ तखसेर हजुरआमा थुनिनुभयो,trapped_debris_report,train
merobuwa unconscious bhayo,medical_emergency_request,train
hamro area janaa sakidaina road band cha,road_blockage_report,train
Kathmandu am power line khaseko cha,power_outage_report,train
strong gassmell xa buliding ma,gas_leak_report,train
criticl patient needs ambulancee now,medical_emergency_request,train
road damaged after earthqauke,road_blockage_report,train
नजिकैको अपार्टमेन्ट भत्कियो हजुर,building_collapse_report,train
pani ko supply badn bhayo pani chai,food_water_request,train
whereis the nearest relief camp,shelter_request,train
thnaksbro,goodbye_thanks,train
najikai ko safe zone kaha cha,safe_location_query,train
गोर्खा मा भूकम्प गयो,earthquake_occurring_report,train
mero ghra ma ambulance patau na,medical_emergency_request,train
भूकम्पमा छतखस्यो,building_collapse_report,train
yaha saafpani xaina,food_water_request,train
my grandmother needs ambulance urgently,medical_emergency_request,train
shelter needed for my fahter and kids,shelter_request,train
najik k oassebmly point kaha cha,safe_location_query,train
plese rescue me malai help chai,sos_help_request,train
आमा सँग सम्पर्क टुटेको छ,family_member_missing,train
have not heard from my grandfahter since morning,family_member_missing,train
someboy help,sos_help_request,train
पराकम्पपछि घरभित्र सुत्न सुरक्षित छ कि है,aftershock_information_query,train
hey bot k xa halkhabar,greeting,train
Ktahmandu jana sakidaina road band cha,road_blockage_report,train
what steps should if ollow now asap,status_check_general,train
छत खसेर छोरा थुनिनुभयो,trapped_debris_report,train
bhukampa report garna man xa Gorkha ma asap,earthquake_occurring_report,train
दिदी बेहोस हुनुभयो है,medical_emergency_request,train
school building hlf bhatikyo,building_collapse_report,train
jhtka mahsu sbhayo 5 minute agadi,earthquake_occurring_report,train
परिवारको लागि खाद्य सामग्री चाहियो!!,food_water_request,train
entire bulding came down in Kathmandu,building_collapse_report,train
how do i know if my building is safe help,building_damage_check,train
छोरी को बेपत्ता व्यक्ति रिपोर्ट!!,family_member_missing,train
missing person report for my mother,family_member_missing,train
bridge clolapsednear Jajarkot,road_blockage_report,train
काठमाडौं मा सम्पूर्ण भवन ढल्यो!!,building_collapse_report,train
much appreciated help,goodbye_thanks,train
thanks yesto helpful huncha,goodbye_thanks,train
evcuation ko instructions dinu hos,evacuation_guidance_query,train
relief capm najik cha ki,shelter_request,train
my grandmother having hcest pain,medical_emergency_request,train
hmm!!!,fallback_unclear,train
भक्तपुर को लागि पराकम्प चेतावनी,aftershock_information_query,train
where is the designated safe zone in Gorkha,safe_location_query,train
mero buwa unconscious bhayo pls,medical_emergency_request,train
whee should i og for safety,safe_location_query,train
भूकम्पको बेला खुट्टामा चोटलाग्यो,injury_report,train
need ration for my broter,food_water_request,train
भूकम्पपछि भवनको सुरक्षा जाँच कसले गर्छ!!,building_damage_check,train
afteshock aaunxa ki,aftershock_information_query,train
building ma firee xa school najik najik,fire_incident_report,train
भूकम्पको लागि गो-ब्याग कसरी तयार पार्न ेप्लिज,preparedness_tips_query,train
एकदम धन्यवाद हजुर,goodbye_thanks,train
aftershock update please,aftershock_information_query,train
building mafire xa hamro area najik,fire_incident_report,train
गोर्खा नजिकैको घरमा आगो लागेको छ,fire_incident_report,train
we just felt n earthquake in GGorkha,earthquake_occurring_report,train
mero ghar lai earthquake safe kasari banaune,preparedness_tips_query,train
सडकमा परख्ाल भत्कियो,building_collapse_report,train
अहिले मैले केकदम चाल्ने,status_check_general,train
शुभ प्रभात,greeting,train
theground is shaking,earthquake_occurring_report,train
helloo sir,greeting,train
frie brigade ko contact number,emergency_contact_request,train
जाजरकोट मा बिजुली गएकोछ,power_outage_report,train
ललितपुर नजिक ग्यास चुहावट भयो,gas_leak_report,train
sabai hallyo bhukampale,earthquake_occurring_report,train
want to update stats that my grandmother is safe,family_reunification_status,train
road block bhayo landslide le Kathmandu najik???,road_blockage_report,train
aaja raati arko jhatka aaunxa ki,aftershock_information_query,train
भूकम्पपछि हजुरबुबा लाई भेट्टाउन सकिएको छैन,family_member_missing,train
pelase help garnu bhai,sos_help_request,train
mero bha ibhukampa pachi missing hunuhuncha now,family_member_missing,train
building aliaktitilt bhayo danger cha ki,building_damage_check,train
power lines dow nin Bhaktaupr,power_outage_report,train
दिदी लाई गहिरो घाउ छ,injury_report,train
काठमाडौंमा सम्पूर्ण भवन ढल्यो,building_collapse_report,train
hye SQAFE,greeting,train
my motheris injured badly,injury_report,train
my grandmotehr has been located safely,family_reunification_status,train
गोर्खा मा ोतकिएको सुरक्षित क्षेत्र कहाँ छ!!,safe_location_query,train
पोखरा नजिकैको घरमा आगो लागेको छ छिटो,fire_incident_report,train
wall khaseko le mero ama lai thichyo,trapped_debris_report,train
medical emergecny cha help garnu,medical_emergency_request,train
भूकम्प गयो,earthquake_occurring_report,train
need drinkingwater,food_water_request,train
earthquakein Gorkha,earthquake_occurring_report,train
wall collapsed on the street,building_collapse_report,train
bhukampa ko jhatk 5 minute agadi feel bhayo,earthquake_occurring_report,train
बुबा लडेरढडामा चोट लाग्यो!!,injury_report,train
immedite help chi xa,sos_help_request,train
bhukampa pcahi  kgarne,status_check_general,train
i need help now lpz,sos_help_request,train
erthquake hit Pokhara just now,earthquake_occurring_report,train
what hsould be in an emergency kit,preparedness_tips_query,train
भक्तपुर नजिककैोघरमा आगो लागेको छ,fire_incident_report,train
बेहोस भएको मान्छेलाई कसरी मद्दतग र्ने है,first_aid_query,train
stuck cn't get out,trapped_debris_report,train
ok by,goodbye_thanks,train
malai nkialnu hos thuniyeko xu,trapped_debris_report,train
पोखरा माजोडदार धक्का महसुस भयो,earthquake_occurring_report,train
Kathmandu jana skidaina road band cha,road_blockage_report,train
पराकम्प कति शक्तिशाली हनु्छ,aftershock_information_query,train
ेक छ त!!,greeting,train
shoul we evcuate now,evacuation_guidance_query,train
mero bhi sanga contacttutyo,family_member_missing,train
ahlie k garnu parxa,status_check_general,train
cannot reach Pokhara road is closed,road_blockage_report,train
धन्यवाद दा!ई!,goodbye_thanks,train
जाँच्दैछु हजुर,fallback_unclear,train
building collapsed in Kathmandu,building_collapse_report,train
mero saathi lai badly injury bhayo,injury_report,train
बुबा लाई गम्भीर चोट लागेको छ हुजर,injury_report,train
बुबा को लागि खाद्यान्न चाहियो???,food_water_request,train
अहिले मैले के गर्नुपर्छ!!,status_check_general,train
road blocked by landslid near Bhaktapur,road_blockage_report,train
building on firenear Lalitpur,fire_incident_report,train
भूकम्पपछि दाजु लाई भेट्टाउनसकिएको छैन,family_member_missing,train
entire building came down in Lalitpuur,building_collapse_report,train
छोरी सँगसम्पर्क टुटेको छ,family_member_missing,train
road cracked cannotpass,road_blockage_report,train
earthquake alert,earthquake_occurring_report,train
joke bhanna saknu huncha now,fallback_unclear,train
mero bhai unconscious bhayo plz,medical_emergency_request,train
asdf ugrent pls,fallback_unclear,train
hami abhi evcauate garnu parxa ki,evacuation_guidance_query,train
greetinngs,greeting,train
yha saaf panix aina,food_water_request,train
hi are u working offline asap,greeting,train
malai pillar le thichyo cannot move,trapped_debris_report,train
mero dididebris muni thuniyo,trapped_debris_report,train
eatrhquake,earthquake_occurring_report,train
mero bhai sanga contacttutyo,family_member_missing,train
mero bhai pinned under debris malai help chai help,trapped_debris_report,train
bhukampa pachi mero bhai li bhettauna sakina,family_member_missing,train
broken rma need help,injury_report,train
merodidi bhukampa pachi missing hunuhuncha,family_member_missing,train
family ko lagi food supply chai,food_water_request,train
emergencycontact numbers list,emergency_contact_request,train
building bata evacuate garnes teps,evacuation_guidance_query,train
building on fire near Kathmandu,fire_incident_report,train
गोर्खानजिकैको घरमा आगो लागेको छ,fire_incident_report,train
massiveshaking right now,earthquake_occurring_report,train
my mother is trapped under debris,trapped_debris_report,train
my grandmother collapsed and not waking up,medical_emergency_request,train
gana gauna aknu huncha,fallback_unclear,train
cool thanks,goodbye_thanks,train
घाउमा पट्टी कसरीबाँध्ने,first_aid_query,train
बहिनी नमस्ते छिटो,greeting,train
school rea ma ambulance patauna,medical_emergency_request,train
हेल्लो हजुर है,greeting,train
जाजरकोट जानसकिँदैन सडक बन्द छ,road_blockage_report,train
have not heard from my father sinc emorning,family_member_missing,train
बाई,goodbye_thanks,train
re cross ko helpline number,emergency_contact_request,train
mreo buwa unconscious bhayo,medical_emergency_request,train
हा्मरो घर पूर्ण रूपमाभत्कियो,building_collapse_report,train
earthquakebhayo hamro area ma,earthquake_occurring_report,train
my grandmother is injured badly,injury_report,train
हेल्लो!!,greeting,train
mero buwa unconscious bhayo,medical_emergency_request,train
ghar bhitra farkana mmilxa ki,building_damage_check,train
fire spreading fast in Jajarkot,fire_incident_report,train
fire broke out after the earhtquake,fire_incident_report,train
भवनबाट बाहिर निस्कने सबैभन्दा सुरक्षित तरिका!!,evacuation_guidance_query,train
yo ghar ma basna safe cha ki xaina,building_damage_check,train
gas leak nearBhaktapur,gas_leak_report,train
mero didi ghar aaunu bhako xaina ahile samma help,family_member_missing,train
भूकम्पदेखि छोरी को फोन लाग्दैन,family_member_missing,train
bhukampa ko jhatka abhi feelbhayo,earthquake_occurring_report,train
ठिक छ धन्यवाद???,goodbye_thanks,train
road bloccked by landslide near Gorkha,road_blockage_report,train
गीत गाउनसक्छौ,fallback_unclear,train
bridge collapsednear Jajarkot,road_blockage_report,train
fire lertnear market,fire_incident_report,train
mero aama safe cha vanera status update grana mna xa,family_reunification_status,train
food distribution point najik cha ki,food_water_request,train
बालबालिकालाई भूकम्प अभ्यासको लागि कसरी तयार पार्ने छिटो,preparedness_tips_query,train
mero buwa ko phone lagdaina bhukampa deekhi,family_member_missing,train
अहिले दाजु सँग भेट भयो,family_reunification_status,train
शुभ प्भरात???,greeting,train
my brother has a deep wound,injury_report,train
अहिले मैले के गर्नुपर्छ,status_check_general,train
reunited with my gandmother now,family_reunification_status,train
mero khutta am chot lagyo,injury_report,train
मलाई तुरुन्तै के गर्ने भनेर भन्नुहोस् छिटो,status_check_general,train
जाजरकोट मा सम्पूर्ण भवन ढल्यो हजुर,building_collapse_report,train
big bhukmmpa jasto lagyo,earthquake_occurring_report,train
mero didi sanga abhi reunite bhayo,family_reunification_status,train
relie fcamp ma mero buwabhetiyo,family_reunification_status,train
के म अिहलेघरभित्र फर्कन सक्छु,building_damage_check,train
mero sthi pinned under debris malai help chai,trapped_debris_report,train
निकासाका निर्देशनहरूदिनुहोस्,evacuation_guidance_query,train
bhukampa report garna man xa Kathmandu ma,earthquake_occurring_report,train
काठमाडौं मा घरभत्कियो,building_collapse_report,train
when will opwer berestored,power_outage_report,train
earthquake hit Bhaktapur justn ow,earthquake_occurring_report,train
tent camp ko loctaion chai,shelter_request,train
मेडिकल इमर्जेन्सी छ मद्दत गर्नुहोस् हजुर,medical_emergency_request,train
mero buwa lai aambulance cahi urgent,medical_emergency_request,train
kitchen caught fire durin quake,fire_incident_report,train
should i expect moret remorstonight,aftershock_information_query,train
भूकम्पपछि आगलागी भयो है,fire_incident_report,train
earthquake hit Kathmandu justnow,earthquake_occurring_report,train
पोखरा नजिकैको घरमा आगो लागेको छ,fire_incident_report,train
earthuqake in Gorkha,earthquake_occurring_report,train
doctor chai xa abhi nai now,medical_emergency_request,train
thanks bro ekdam ramro jankai,goodbye_thanks,train
have not heard from my rother since morning,family_member_missing,train
head injury from falling debris!!!,injury_report,train
फर्निचरलाई खस्नबाट कसरी सुरक्षित गर्ने छिटो,preparedness_tips_query,train
पर्खालले थिचेको छ हल्लन सक्दिन,trapped_debris_report,train
emergency kit ma k k hunu pparxa,preparedness_tips_query,train
म र आमा थुनिएका छौं,trapped_debris_report,train
भूकम्पले सबै हल्लियो,earthquake_occurring_report,train
earthquaek hit Kathmandu justnow,earthquake_occurring_report,train
where is the designated safe zone in Lalitpur???,safe_location_query,train
wall khaseko le mero bhai lai thichyo,trapped_debris_report,train
भक्तपुर नजिकैकोघरमा आगो लागेको छ,fire_incident_report,train
rod cracked cannotpass,road_blockage_report,train
my grandfathe rdid not come home yet,family_member_missing,train
पोखरा मा बिजुलीग एको छ,power_outage_report,train
यहाँ सफा पानी उपलब् धछैन,food_water_request,train
abhi gahr bhitra jana milxaa ki,building_damage_check,train
"namaste, are you there",greeting,train
बुबा भग्नावशेषमुनि थुनिनुभयो छिटो,trapped_debris_report,train
hamro ghar unsafexa sheletr chai,shelter_request,train
power outage cha hamro raea ma,power_outage_report,train
wallk haseko le mero buwa lai thichyo,trapped_debris_report,train
अहिले मैले ककेदम चाल्ने,status_check_general,train
mero didi li badly injury bhayo,injury_report,train
पराकम्पकति समयसम्म रहन्छ,aftershock_information_query,train
shelter needd for my sister and kids,shelter_request,train
shoul dwe evacuate now plz,evacuation_guidance_query,train
yha saaf pani xaina,food_water_request,train
जाजरकोट मा भूकम्प गयो???,earthquake_occurring_report,train
hello dik cha khabar,greeting,train
earthquake bhyo hamro area ma,earthquake_occurring_report,train
my father has a deep wound,injury_report,train
ok bye t ahdanyabad,goodbye_thanks,train
merro buwa lai sfaely locate garya,family_reunification_status,train
नमस्कार सर,greeting,train
mero saathi lai deep wound xa asap,injury_report,train
sprain bhayeko khutta ko lagi k garrne,first_aid_query,train
aago chittai failira xa bazaar ma,fire_incident_report,train
my mother has a dep wound,injury_report,train
पराकम्पकति शक्तिशाली हुन्छ,aftershock_information_query,train
thnnx,goodbye_thanks,train
परिवारको लागि खाद्य सामग्री चाहियो!!,food_water_request,train
wll khaseko le mero saathi lai thiichyo,trapped_debris_report,train
my fathe fell and hurt back,injury_report,train
दमकलको सम्पर्क नम्बर छिटो,emergency_contact_request,train
नमस्कार सर प्लिज,greeting,train
पोखरा मा बिजुलीकोत ार खसेको छ???,power_outage_report,train
hey are you the earthquake bot pls,greeting,train
road blocked by landslide near Bhaktapur,road_blockage_report,train
earthquake in oPkhara,earthquake_occurring_report,train
ghar collapse bhayo hamib hitra fasyou,trapped_debris_report,train
आमाबेहोस हुनुभयो,medical_emergency_request,train
pregnant lady ali emergency care chai,medical_emergency_request,train
taauko bata raagat abgira xa,injury_report,train
want to update statu sthat my brother is safe,family_reunification_status,train
road blocked by landslide near Lalitpur,road_blockage_report,train
shelter needed for my father and kids,shelter_request,train
के म भवनभित्र फेरि जान मिल्छ,building_damage_check,train
मर्केको खुट्टाको लागिके गर्ने,first_aid_query,train
ground shaknig very hard,earthquake_occurring_report,train
olst contact withmy mother,family_member_missing,train
धन्यवाद है साथी,goodbye_thanks,train
बुबा को बेपत्ता व्यक्ति रिपोर्ट,family_member_missing,train
ललितपुर मा आमा लाई खोजिरहेको छु प्लिज,family_member_missing,train
hi bhai kasto cha,greeting,train
no powerfor two days now,power_outage_report,train
राहत शिविरमा हजुरबुबा भेिटयो प्लिज,family_reunification_status,train
just testing 1223,fallback_unclear,train
ambulance chaincha malai,medical_emergency_request,train
भग्नावशेष खसेर टाउकोमा चोट लाग्यो!!,injury_report,train
आमा को लागिखाद्यान्न चाहियो,food_water_request,train
trapped need rescue team,trapped_debris_report,train
गोर्खा को लागि पराकम्प चेतावनी प्लिज,aftershock_information_query,train
पराकम्पको जानकारी दिनुहोस्,aftershock_information_query,train
building ma fire xa Kathmandu najiik,fire_incident_report,train
Kthmanduu ma fire lagyo,fire_incident_report,train
eveything is shaking,earthquake_occurring_report,train
पोखरा नजिकग्यास चुहावट भयो,gas_leak_report,train
ललितपुर को लागि निकासा योजना हजुर,evacuation_guidance_query,train
my mother collapsed and not waking up,medical_emergency_request,train
my grandfather is nuconscious,medical_emergency_request,train
hey app!!!,greeting,train
बिजुलीको तारबाट आगो लाग्यो,fire_incident_report,train
दिदी लाई एम्बुलेन्स चाहियोछिटो,medical_emergency_request,train
cannot reach Gorkha road is closed,road_blockage_report,train
gas leak bhayo ghar ma,gas_leak_report,train
do we need to evacuate immeidately,evacuation_guidance_query,train
i dont know wha tto do,status_check_general,train
hamro ghar nusaafe xa shelter chai,shelter_request,train
bhukampa pachi mero mama lai bhettauna sakina,family_member_missing,train
broken ram need help,injury_report,train
mero saath unconscious bhayo,medical_emergency_request,train
hb hai kasto cha,greeting,train
अहिले मैले केग्रने,status_check_general,train
malai pillar lethichyo cannot move,trapped_debris_report,train
hostel m ambulance patau na urgent pls,medical_emergency_request,train
my sister fell and hurt back,injury_report,train
natiional emergency operation center number,emergency_contact_request,train
मलाई बचाउनुहोस्,sos_help_request,train
राहतशिविरमा हजुरबुबा भेटियो,family_reunification_status,train
broken arm need help,injury_report,train
हले्लो हजुर है,greeting,train
भक्तपुर नजिकको पुल भत्कियो,road_blockage_report,train
दाजु लडेरढाडमा चोट लाग्यो,injury_report,train
bihana dekhi mero bhai bata khabarxaina,family_member_missing,train
power outagein Gorkha,power_outage_report,train
भूकम्प तयारीका सुझावहरू दिनुहोस्,preparedness_tips_query,train
हजुरबुबा लाई गहिरो घाउ छ छिटो,injury_report,train
dhanyabad ekdum helpful thiyo plz,goodbye_thanks,train
h bhai kasto cha,greeting,train
आमा सुरक्षित हुनुहुन्छ भनेर स्थिति अपडेट गर्न चाहन्छु,family_reunification_status,train
help pls ma dherai fright ma xu,sos_help_request,train
के हामी तुरुन्तै निकासा गर्नुपर्छ छिटो,evacuation_guidance_query,train
काठमाडौं को लागि निकासा योजना!!,evacuation_guidance_query,train
भक्तपुर मा सम्पूर्ण भवन ढल्यो,building_collapse_report,train
need ration for my sister,food_water_request,train
छिमेकभरि बिजुली गएको छ प्लिज,power_outage_report,train
पोखरानजिक ग्यास चुहावट भयो,gas_leak_report,train
thank you so much forhelpnig,goodbye_thanks,train
bhukampa pachi mero aama lai bhettauna sakina,family_member_missing,train
भूकम्पआयो,earthquake_occurring_report,train
first ai for a broken arm,first_aid_query,train
mero aama lai chest ma dukheko xa plz,medical_emergency_request,train
घरधेरै हल्लियो,earthquake_occurring_report,train
yo bhukampa sanga realted xaina urgent pls,fallback_unclear,train
आमा को लागि खाद्यान्न चाहियो,food_water_request,train
आमा लाई एम्बुलेन्स चाहियो छिटो,medical_emergency_request,train
भूकम्प तयारीका सुझावहरू दिनुहोस् प्लिज,preparedness_tips_query,train
severe bleeding need medic,medical_emergency_request,train
धन्यवादबहिनी,goodbye_thanks,train
should iexpect more tremors tonight,aftershock_information_query,train
बिजुलीकोतारबाट आगो लाग्यो,fire_incident_report,train
is another earthquake coming,aftershock_information_query,train
help pls ma dheraai fright ma xu,sos_help_request,train
najik ko assembly point kaha cha asap,safe_location_query,train
धेरै रगत बगिरहेको छ मेडिक चाहियो है,medical_emergency_request,train
missing person report for my mother,family_member_missing,train
are you a real person,fallback_unclear,train
earthquake preparedness ko tips dinu hos,preparedness_tips_query,train
म र हजुरआमा थुनिएका छौं,trapped_debris_report,train
hello dai malai kei sodhnu thiyo,greeting,train
head njury from falling debris,injury_report,train
गोर्खा कोलागि निकासा योजना,evacuation_guidance_query,train
ago chittai failira xa hamro area ma pls,fire_incident_report,train
cut on myleg bleeding,injury_report,train
hamro area ma power line khaseko cha plz,power_outage_report,train
भूकम्पपछिछोरी लाई भेट्टाउन सकिएको छैन,family_member_missing,train
ग्यास चुहावट भयो सल्लाह दिनुहोस् छिटो,gas_leak_report,train
kun khulla thau safe cha gather gana,safe_location_query,train
जाजरकोट नजिकैको घरमा आगोलागेको छ,fire_incident_report,train
how to evacuate with elderly people,evacuation_guidance_query,train
earthquake hit Pokharaj st now,earthquake_occurring_report,train
head injury bhayo debris khaseko le urgent pls,injury_report,train
bhukampa pachi k ggarne,status_check_general,train
के हामी तुरुन्तैनिकासा गर्नुपर्छ,evacuation_guidance_query,train
frie briagde ko contact number,emergency_contact_request,train
अर्को चरणहरू भन्नुहोस्!!,status_check_general,train
भूकम्पको लागि गो-ब्याग कसरीतयार पार्ने,preparedness_tips_query,train
काठमाडौं मा सम्पूर्ण भवन ढल्यो,building_collapse_report,train
प्राथमिक उपचार किटमा के चाहनि्छ हजुर,first_aid_query,train
my brother collapsed and nto waking up,medical_emergency_request,train
cylinderl eaking gas,gas_leak_report,train
help me right now,sos_help_request,train
najika iko safe zone kaha cha,safe_location_query,train
my motheris stuck under the roof,trapped_debris_report,train
earthquake agadi k k ready rakhne plz,preparedness_tips_query,train
building ma firexa bazaar najik,fire_incident_report,train
debrisle highway band bhayo,road_blockage_report,train
ललितपुर मा घर भत्कियो हजुर,building_collapse_report,train
we just felt an earthquake in Kathmandu help,earthquake_occurring_report,train
earthquake in Gorkha,earthquake_occurring_report,train
पोखरा मा बिजुलीको तार खसेको छ???,power_outage_report,train
my daughter is sttuck under the roof,trapped_debris_report,train
mymother is missing since the erthquake,family_member_missing,train
my mother is missing since the aearthquake,family_member_missing,train
मद्दत पठाउनुहोस्,sos_help_request,train
immeediate help hcai xa,sos_help_request,train
bridge collapsed nearr Bhaktapur,road_blockage_report,train
where is the designnated saef zone in Kathmandu,safe_location_query,train
दाजु लाई एम्बुलेन्स चाहियो छिटो हजुर,medical_emergency_request,train
power outagein Bhaktapur,power_outage_report,train
भान्सामा सानो आगो लागेकोछ,fire_incident_report,train
बिजुली कहिले आउँछ है,power_outage_report,train
building ollapsed in Bhaktapur,building_collapse_report,train
bhukampa pachi crack aayo,building_damage_check,train
my grandfather is injured badly,injury_report,train
merro buwa lai safely locate garya,family_reunification_status,train
hamro area ko lagi evacuation plan???,evacuation_guidance_query,train
हामी कहाँ सुरक्षितआश्रय लिन सक्छौं,safe_location_query,train
first aid kit items needed,first_aid_query,train
where is the designated safe zone in Pokhara,safe_location_query,train
mero bhai bhukampa pachi missing hunuhuncha now,family_member_missing,train
thanks a lot bhai,goodbye_thanks,train
गोर्खा मा भूक्मप गयो,earthquake_occurring_report,train
how do i evacuate safely,evacuation_guidance_query,train
ललितपुर मा एम्बुलेन्स चाहियो???,medical_emergency_request,train
my grandmohter is stuck under the roof,trapped_debris_report,train
found my father at the relief camp,family_reunification_status,train
road blocked by ladnslide near Gorkha,road_blockage_report,train
cylinder bata gas chuhi raxa,gas_leak_report,train
no house to sty need shelter urgently,shelter_request,train
where is the designated saf ezone in Jajarkot,safe_location_query,train
प्रहरी आपतकालीन नम्बर दिनुहोस् छिटो,emergency_contact_request,train
what's hte weatherl ike,fallback_unclear,train
आज राति थप धक्का आउन सक्छ कि हजुर,aftershock_information_query,train
highway blockeddue to debris,road_blockage_report,train
my sisetr hving chest pain,medical_emergency_request,train
how to prepare an earthquake go bag???,preparedness_tips_query,train
saaf khane pani urgent chai,food_water_request,train
aftershock warning for Pokhara,aftershock_information_query,train
safest wy to leave the building,evacuation_guidance_query,train
भक्तपुर माआगो छिट्टै फैलिँदैछ,fire_incident_report,train
गोर्खा नजिक ग्यास चुहावटभयो,gas_leak_report,train
where is the designated safe zonein Pokhara,safe_location_query,train
bihana dekhimero mama bata khabar xaina,family_member_missing,train
ललितपुरमा एम्बुलेन्स चाहियो,medical_emergency_request,train
my father has a deep wound???,injury_report,train
hey bhauju kcha,greeting,train
ललितपुर मा तोकिएको सुरक्षित क्षेत्र कहाँ छ,safe_location_query,train
mero bhi ghar aaunu bhako xaina ahile samma,family_member_missing,train
Kathmandu kolagi aftershock warning,aftershock_information_query,train
i need help now plz,sos_help_request,train
सी पी आर कसरी गर्ने,first_aid_query,train
ललितपुर मा दिदीलाई खोजिरहेको छु,family_member_missing,train
"trapped, please send rerscue",trapped_debris_report,train
bhukampagayo hamro area ma,earthquake_occurring_report,train
मद्दतचाहियो,sos_help_request,train
ghar bhitra farkkana milxa ki,building_damage_check,train
उद्धार टोली चाहियो थुनिएको छु,trapped_debris_report,train
road blockbhayo landslide le gaun najik,road_blockage_report,train
मद्दत चाहियो हजुर,sos_help_request,train
rescue chi x ma thuniyeko xu,trapped_debris_report,train
how to hlp choking person,first_aid_query,train
trapped xughar bhatkeko debris muni,trapped_debris_report,train
need cleandrinking water urgently,food_water_request,train
building safe cha ki kaasarit haha pauney,building_damage_check,train
this is not related to eearthquake,fallback_unclear,train
घरमा भूकम्प तयारीको उत्तम अभ्यासके हो,preparedness_tips_query,train
want to update status that my grandfather is safe,family_reunification_status,train
mero ama buwa ra kids ko lagi shelter chai,shelter_request,train
found my sister at the relief camp,family_reunification_status,train
food distribution point najikcha ki,food_water_request,train
cnnot move stuck underconcrete malai,trapped_debris_report,train
पहिरोले एकमात्रसडक बन्द भयो,road_blockage_report,train
cannot find my mother after the qauke help,family_member_missing,train
hwo to regisetr a found family member,family_reunification_status,train
हजुरआमा लाई छातीमा दुखाइ भइरहेको छ,medical_emergency_request,train
entier building came down in Kathmandu,building_collapse_report,train
दिदी भग्नावशेषमुनि थुनिनुभयो,trapped_debris_report,train
दिदी लाई गहिरो घाउ छ,injury_report,train
bijulii kahile aaunxa,power_outage_report,train
need clean drinking water urgently,food_water_request,train
एकदम धन्यवादह जुर,goodbye_thanks,train
no clean water available ehre,food_water_request,train
evacuatoin plan for Pokhara,evacuation_guidance_query,train
नजिकैको अपार्टमेन्टभत्कियो,building_collapse_report,train
gas leak enar Gorkha,gas_leak_report,train
entire building came down in Lalitpur,building_collapse_report,train
how ofetn should i check emergency supplies,preparedness_tips_query,train
दाजु लाई छातीमा दुखाइ भइरहेको छ!!,medical_emergency_request,train
नमस्ते बहिनी प्लिज,greeting,train
building m fire xa Kathmandu najik,fire_incident_report,train
the house is shaking badly,earthquake_occurring_report,train
कोही छ सहयोगग र्नुहोस् है,sos_help_request,train
ok got it thanks,goodbye_thanks,train
buildnig aliakti tilt bhayo danger chaki,building_damage_check,train
my fathe fell and uhrt back,injury_report,train
ग्यासचुल्होले आगो लाग्यो,fire_incident_report,train
ghau bhayeko thau makasari treat garne,first_aid_query,train
गोर्खा मा आगो लागकेो छ हजुर,fire_incident_report,train
hve not heard from my brother since morning plz,family_member_missing,train
दिदी सुरक्षित हुनुहुन्छ भनेर स्थिति अपडेट गर्न चाहन्छु है,family_reunification_status,train
the main roadis blocked,road_blockage_report,train
ahile ko situation k ho help,status_check_general,train
small fire i nthe kitchen,fire_incident_report,train
sos soshelp,sos_help_request,train
mainr oad ban dcha,road_blockage_report,train
आदाब,greeting,train
bhukampa report garna man xa Kathmandu ma pls,earthquake_occurring_report,train
gaun najik kko pul bhatkiyo,road_blockage_report,train
छोरी को बेपत्ता व्यक्ति रिपोरट्,family_member_missing,train
hello ji sanchhai hunuhuncha,greeting,train
घर भत्किएर भित्र फसियौं,trapped_debris_report,train
Kathmandu najik ko pul bhatkiyo plz,road_blockage_report,train
mreo didi ko phone lagdaina bhukampa dekhi,family_member_missing,train
test urgent pls,fallback_unclear,train
बिजुलीकोतारबाट आगो लगा्यो,fire_incident_report,train
mero ghar lai earthuake safe kasari banaune,preparedness_tips_query,train
काठमाडौं नजिक ग्यास चुहावट भयो!!,gas_leak_report,train
aftreshock update please,aftershock_information_query,train
cha tkhasyo bhukampa ma,building_collapse_report,train
hmro area ko lagi evacuation plan,evacuation_guidance_query,train
wall khaseko lemero aama lai thichyo,trapped_debris_report,train
how doi evcuate safely,evacuation_guidance_query,train
nearest safe assembly pont,safe_location_query,train
उद्धारका लागि नजिकैको खुल्ला ठाउँ हजुर,safe_location_query,train
which open area is safe to gather,safe_location_query,train
मलाई चोट लागेको छ प्लिज,injury_report,train
"wee are stuck inside, walls collapsed",trapped_debris_report,train
गय्ास चुल्होलेआगो लाग्यो,fire_incident_report,train
my brothersi injured badly,injury_report,train
cha tkhasyo bhukampa ma pls,building_collapse_report,train
hamro areaam bijuli katti bhayo,power_outage_report,train
road blocked by landslide near Lalitpur pls,road_blockage_report,train
आमा र बालबािलकाका लागि आश्रय चाहियो छिटो,shelter_request,train
भक्तपुरमा बिजुली गएको छ,power_outage_report,train
bridge collapsed near Gorkha!!!,road_blockage_report,train
mssive shaking right now,earthquake_occurring_report,train
धन्यवाद बहिनी,goodbye_thanks,train
hmmm,fallback_unclear,train
bihana dekhi mero buwa bbata khabar xaina,family_member_missing,train
thank u dai malaithaha bhayo,goodbye_thanks,train
power lines down in Lalitpur???,power_outage_report,train
wht steps sshould i follow now,status_check_general,train
namaste can you help me,greeting,train
भूकम्पदेखि छोरी बेपत्ता हुनुभएको छ है,family_member_missing,train
म र आमाथुनिएक ाछौं,trapped_debris_report,train
दिदी लडेरढाडमाचोट लाग्यो,injury_report,train
need food supplies for fmily,food_water_request,train
my father needs ambulance urgentyl,medical_emergency_request,train
much appreciated,goodbye_thanks,train
power outage cha hamro area ma???,power_outage_report,train
भूकम्पको बेलाखुट्टामा चोट लाग्यो,injury_report,train
gas leak near Kathmandu now,gas_leak_report,train
वृद्धवृद्धाहरूसँग कसरी निकासा गर्ने???,evacuation_guidance_query,train
ok gt it dhaynabad bahini,goodbye_thanks,train
reunited with my gndmother now,family_reunification_status,train
hurt my leg during eaarthquake,injury_report,train
भक्तपुर को लागि पराकम्प चेतावनी!!,aftershock_information_query,train
mysister collapesd and not waking up,medical_emergency_request,train
जाजरकोट मा बिजलुी गएकोछ,power_outage_report,train
छिटोनिकाल्नुहोस् थुनिएको छु,trapped_debris_report,train
पानीको आपूर्ति बन्द भयो पानी चाहियो,food_water_request,train
will there be aftershocks,aftershock_information_query,train
hamroo area ma power line khaseok cha,power_outage_report,train
ambulance ko number k ho,emergency_contact_request,train
smell of gas after eaarthquake,gas_leak_report,train
process to report a family member foudn,family_reunification_status,train
trapped in thecollapsed house,trapped_debris_report,train
need ration for my mother,food_water_request,train
need ambulance at Lalitpur,medical_emergency_request,train
building safe cha ki kaasari thaha pauney,building_damage_check,train
building aliakti tilt bhao danger cha ki,building_damage_check,train
नजिैक कुनै राहत शिविर छकि,shelter_request,train
evacuation ko instrcutions dinu hos,evacuation_guidance_query,train
हजुरलाईनमस्कार,greeting,train
wall m acrack dekhiyo,building_damage_check,train
123456 pls,fallback_unclear,train
found my father at the relief camp???,family_reunification_status,train
ग्यासचुहियो,gas_leak_report,train
yo bhukmpa sanga related xaina,fallback_unclear,train
mero saathi lai ambulance chai urgent plz,medical_emergency_request,train
fire alert near amrket,fire_incident_report,train
धेरै रगत बगिरहेको छ मेडकि चाहियो है,medical_emergency_request,train
पाल शिविरकोस्थान चाहियो,shelter_request,train
घर बलिरहेको छ दमकल चाहियो,fire_incident_report,train
hamro gha rnajik gas leak bhayo,gas_leak_report,train
ललितपुर मा आगो छिट्टै फैलिँदैछ छिटो,fire_incident_report,train
wall khaseko le mreo didi lai thichyo,trapped_debris_report,train
hiik help garna saknu hunxa,greeting,train
blha blah blah,fallback_unclear,train
dhanyabad that helped a lot,goodbye_thanks,train
plese someone help,sos_help_request,train
काठमाडौं मा आगोलागेको छ,fire_incident_report,train
power lines down in Jajarkot,power_outage_report,train
भक्तपुरमा आगो छिट्टै फैलिँदैछ,fire_incident_report,train
earthquake hit Gorkha 5 minutes ago,earthquake_occurring_report,train
ग्यासको पाइप भाँचियोभूकम्पमा,gas_leak_report,train
please rescue m emalai help chai,sos_help_request,train
गोर्खामा बिजुली गएको छ,power_outage_report,train
evacuation plan for Lalitpur urgent pls,evacuation_guidance_query,train
गोर्खा नजिकको पुल भत्कियो है,road_blockage_report,train
i nede help now,sos_help_request,train
we are trapped inside the building help,trapped_debris_report,train
cpr stps please,first_aid_query,train
घर पूर्ण रूपम ाभत्कियो,building_collapse_report,train
सुप्रभात छिटो,greeting,train
mero bhi laiambulance chai urgent,medical_emergency_request,train
दाजुलाई छातीमा दुखाइ भइरहेको छ,medical_emergency_request,train
निकासाको मार्ग के हो प्लिज,evacuation_guidance_query,train
thnks rbo,goodbye_thanks,train
send hlep,sos_help_request,train
mero buwa debrismuni thuniyo,trapped_debris_report,train
need baby fformula and water,food_water_request,train
mero bhai lai ambulance chai urgent,medical_emergency_request,train
neaest safe assembly point,safe_location_query,train
पर्खालले थिचेकोछ हल्लन सक्दिन,trapped_debris_report,train
बुबा सुरक्षित हुनुहुन्छभनेर स्थिति अपडेट गर्न चाहन्छु,family_reunification_status,train
howstrong will aftershcoks be,aftershock_information_query,train
there is a fire in Pokhara pls,fire_incident_report,train
mero hbai lai deep wound xa,injury_report,train
emergency supplis kati choti check garne,preparedness_tips_query,train
trpped under rubble,trapped_debris_report,train
बुबा लडेरढाडमा चोटलाग्यो,injury_report,train
when will power be restored,power_outage_report,train
बुबा को लागि खाद्यान्न चाहियो प्लिज,food_water_request,train
good evening!!!,greeting,train
भूकम्पगयो,earthquake_occurring_report,train
फर्निचरलाई खस्नबाट कसरी सुरक्षित गर्ने छिटो,preparedness_tips_query,train
बचाउनुहोस्!!,sos_help_request,train
हजुरआमा लाई छातीमा दुखाइ भइरहेको छ है,medical_emergency_request,train
भूकम्पपछि दाजु लाई भेट्टाउन सकिएको छैन,family_member_missing,train
god evening,greeting,train
के गर्ने भनेर मलाई मार्गदर्शन गर्नुहोस् हजुर,status_check_general,train
mero saathi lai chest ma dukheko xa,medical_emergency_request,train
what's the weatherl ike,fallback_unclear,train
temporra yshelter kaha paunxa,shelter_request,train
searching for my grandfather inLalitpur,family_member_missing,train
malai kaha jana safe huncha,safe_location_query,train
what can you do,fallback_unclear,train
missing person repotr for my brother???,family_member_missing,train
wall khaseko le mero buwalai thichyo,trapped_debris_report,train
hlelo sir,greeting,train
घाउभएको ठाउँमा कसरी उपचार गर्ने,first_aid_query,train
building ma frie xa school najik najik,fire_incident_report,train
ललितपुर नजिकग्यास चुहावट भयो,gas_leak_report,train
my sister hasbeen located safely,family_reunification_status,train
bye,goodbye_thanks,train
mero didi safe cha vanea status update garna mna xa,family_reunification_status,train
ghar bhatkiyo gaun ma,building_collapse_report,train
hijo dekhi khana xaiina,food_water_request,train
malaai pillar le thichyo cannot move,trapped_debris_report,train
asdkjasd,fallback_unclear,train
कसैले सहयोग गर्नुहोस् है,sos_help_request,train
हिजोदेखि खाना छैन,food_water_request,train
shelter needed for my brother and kids help,shelter_request,train
thank you dai nex ttime feri sodhchu,goodbye_thanks,train
ahile ko situation kk ho,status_check_general,train
namaste ma euta prashna sodhnac hahanchu,greeting,train
eletcricity cut off in our area,power_outage_report,train
Kathmandu ko lagi evacuation plan,evacuation_guidance_query,train
ksaari safely evacuate garne,evacuation_guidance_query,train
burned my hnd slightly,injury_report,train
gude me on what to do,status_check_general,train
yaha mas afe zon ekaha cha,safe_location_query,train
there is afire in Bhaktapur,fire_incident_report,train
म र दाजु थुनिएका छौं,trapped_debris_report,train
सफा खानेपानीतुरुन्तै चाहियो,food_water_request,train
सुप्रभात,greeting,train
Kathmandu najik gas elakbhayo,gas_leak_report,train
thanks for the help,goodbye_thanks,train
lost contct with my mother,family_member_missing,train
यति नैहो धनय्वाद,goodbye_thanks,train
गोर्खा नजिकको पुलभतक्ियो,road_blockage_report,train
जाजरकोट नजिकको पुल भत्कियो,road_blockage_report,train
earthquake hhit Pokhara just now,earthquake_occurring_report,train
medical eemrgecny cha help garnu,medical_emergency_request,train
brick khasekol e lagyo asap,injury_report,train
idk???,fallback_unclear,train
bleedingf rom had,injury_report,train
हाइ हजुर,greeting,train
यो भूकम्पसँग सम्बन्धित छैन प्लिज,fallback_unclear,train
अहिले नै मद्दत चाहियो,sos_help_request,train
my father needs ambulanceurgently,medical_emergency_request,train
aago chittaia ilira xa Kathmandu ma,fire_incident_report,train
हजुरआमाभग्नावशेषमुनि थुनिनुभयो,trapped_debris_report,train
someone afinted need medical help,medical_emergency_request,train
we need help,sos_help_request,train
lost contact wit hmy mother,family_member_missing,train
thank u so much,goodbye_thanks,train
bhuakmpa gayo Kathmandu ma,earthquake_occurring_report,train
evacuation plan for Lalitpur,evacuation_guidance_query,train
my father phone not rachable since quake,family_member_missing,train
entire building came donw i nGorkha,building_collapse_report,train
trapped under rubble,trapped_debris_report,train
hmro area najik ko pul bhatkiyo,road_blockage_report,train
दाजु भग्नावशेषमुनिथुनिनुभयो,trapped_debris_report,train
जाजरकोट माभूकम्प गयो,earthquake_occurring_report,train
our houes collapsed completely,building_collapse_report,train
2 dn idekhi bijuli xaina,power_outage_report,train
ksari safely evacuate garne,evacuation_guidance_query,train
strong gas smell in the building now,gas_leak_report,train
जोडदारभूकम्प आयो,earthquake_occurring_report,train
wall ma crack dekhiyo plz,building_damage_check,train
"nmaste bot,are u online",greeting,train
धन्यवाद बहिनी छिटो,goodbye_thanks,train
गर्भवती महिलालाई उपचार चाहियो,medical_emergency_request,train
help pls m dherai frihgt ma xu,sos_help_request,train
ahile k action linu parxa,status_check_general,train
मेरोपरिवारको सदस्य सुरक्षित भेटियो,family_reunification_status,train
gas leak nearKathmandu,gas_leak_report,train
cracks appeared fater the quake help,building_damage_check,train
भक्तपुर को लागि पराकम्प चेतावनी!!,aftershock_information_query,train
धेरै धन्यवाद!!,goodbye_thanks,train
घरमा ग्यास चुहावट भयो,gas_leak_report,train
hostelam ambulance patau na,medical_emergency_request,train
गोर्खा नजिकैको घरमा आगो लागेको छ प्लिज,fire_incident_report,train
हामीले अस्थायीआश्रय कहाँ पाउन सक्छौं,shelter_request,train
छोरी को बेपत्ता व्यक्ति रिपोर्ट,family_member_missing,train
want to update status that my motheris safe,family_reunification_status,train
mero bhai safecha vanera status update garna man xa,family_reunification_status,train
aaog chittai failira xa school najikma,fire_incident_report,train
earhtquake in Bhaktpaur,earthquake_occurring_report,train
firsta id for burns,first_aid_query,train
merosaathi lai ambulance chai urgent,medical_emergency_request,train
नमस्ते???,greeting,train
bhukampa apchi mero saathi lai bhettauna sakina,family_member_missing,train
wll khaseko le mero didi la thichyo,trapped_debris_report,train
we are trapped inside the bilding,trapped_debris_report,train
bachcha haru lai earthquakke drill ko lagi kasari prepare garne,preparedness_tips_query,train
good afternoon,greeting,train
school area ma ambulance paatuna,medical_emergency_request,train
have not heard from my grandfather since morning,family_member_missing,train
परिवारको लागि खाद्य सामग्री चाहियो,food_water_request,train
गोर्खा नजिक पहिरोले सडक बन्द भयो,road_blockage_report,train
mero lai helpchaincha,sos_help_request,train
nearest open ground ofr evacuation,safe_location_query,train
strong gas smell xa building ma,gas_leak_report,train
gs ko smell airaxa bhukampa pachi,gas_leak_report,train
अहिले मैले के कदम चाल्ने प्लिज,status_check_general,train
हजुरआमा लाई गम्भीर चोट लागेको छ!!,injury_report,train
debris le highway band bhaayo,road_blockage_report,train
lhp me,sos_help_request,train
ahile k garnu parxa,status_check_general,train
जाजरकोट नजिकको पुलभत्कियो,road_blockage_report,train
are you a real perosn,fallback_unclear,train
aftershock warning for Kathmandu,aftershock_information_query,train
आमा सँग सम्पर्क टुटेको छ!!,family_member_missing,train
road cracked cannot pass,road_blockage_report,train
काठमाडौंमा सम्पूर्ण भवन ढल्यो,building_collapse_report,train
mero bhai sanga abhi reunite bhayo help,family_reunification_status,train
दिदी बेहोस हुनुभयो,medical_emergency_request,train
दाजु लडेरढाडमा चोट लाग्यो हजुर,injury_report,train
pura building dhalyo Kathmanduma,building_collapse_report,train
mero buwa ko phone lagdaina bhukampaa dekhi,family_member_missing,train
bihana dekih mero didi bata khbaar xaina,family_member_missing,train
evacuationplna for Gorkha,evacuation_guidance_query,train
my brother has a deepwound,injury_report,train
जाजरकोट मा सम्पूर्ण भवनढल्यो,building_collapse_report,train
hiii,greeting,train
worried about gas leak in aapartment,gas_leak_report,train
mero family member safebhetiyo,family_reunification_status,train
missing prson report for my mother,family_member_missing,train
found my mother at teh relief camp,family_reunification_status,train
mero sathi pinned under debris malai help chai,trapped_debris_report,train
gas leak near Pokhara,gas_leak_report,train
राहत शिविरमा बुबा भेटियो है,family_reunification_status,train
हाम्रो घर असुरक्षित छ आश्रय चाहियो प्लिज,shelter_request,train
firee alert near market,fire_incident_report,train
मेरो घरमा चिरा परेको छ सुरक्षित छ कि छैन,building_damage_check,train
फर्निचरलाई खस्नबाट कसरी सुरक्षित गर्ने!!,preparedness_tips_query,train
धन्यवाद,goodbye_thanks,train
ned help pls,sos_help_request,train
my mother fell aand hurt back,injury_report,train
धन्यवाद है साथी प्लिज,goodbye_thanks,train
tapai kati uer ko hunuhuncha,fallback_unclear,train
power linesd own in Kathmandu,power_outage_report,train
how to help choking person,first_aid_query,train
have not headr from my grandfahter since morning,family_member_missing,train
saaf khane pani urgentchai,food_water_request,train
thank you,goodbye_thanks,train
hed injury from falling debris,injury_report,train
धेरै रगत बगिरहेको छ मेडिक चाहियो,medical_emergency_request,train
big bhukamppa jasto lagyo,earthquake_occurring_report,train
earthquake hit Lalitpur 5minutes ago,earthquake_occurring_report,train
bhukampa report garna man xa hamroarea ma,earthquake_occurring_report,train
ललितपुर नजिकैको घरमा आगो लागेको छ हजुर,fire_incident_report,train
my father is trapped underdebris,trapped_debris_report,train
आदाब हजुर,greeting,train
gas leak in the house,gas_leak_report,train
बिहानदेखि दिदी बाट कुनै खबर छैन प्लिज,family_member_missing,train
hamro ghar najiik gas leak bhayo,gas_leak_report,train
"gas leak, please advise",gas_leak_report,train
searching for my sister inKathmandu,family_member_missing,train
mero buwa lai aambulance chai urgent,medical_emergency_request,train
bhukampa report garna man xa ahmro area ma,earthquake_occurring_report,train
ललितपुर कोल ागि निकासा योजना,evacuation_guidance_query,train
gun najik kko pul bhatkiyo,road_blockage_report,train
test,fallback_unclear,train
power linesdown in Kathmandu,power_outage_report,train
गोर्खाको लागि निकासा योजना,evacuation_guidance_query,train
the ground is shaking,earthquake_occurring_report,train
erthquake in Gorka,earthquake_occurring_report,train
तिमी को हौ,fallback_unclear,train
building bata evacuate garnesteps,evacuation_guidance_query,train
hlo,greeting,train
my mother has a deep wound,injury_report,train
no electricity since the earhquake,power_outage_report,train
searching for my grandfather inBhaktapur,family_member_missing,train
rescuek o lagi kaha phone garne???,emergency_contact_request,train
need rattoin for my mother,food_water_request,train
mero bhai lai badly injury bhyao,injury_report,train
earthquakego bag kasari prepare garne,preparedness_tips_query,train
mero bhai ghar aaunu bhako xaina ahile samma,family_member_missing,train
medcial help needed urgently now,medical_emergency_request,train
hii k help gara saknu hunxa,greeting,train
सहयोग,sos_help_request,train
bhukampagayo Pokhara ma,earthquake_occurring_report,train
buied under rubble,trapped_debris_report,train
my brother hs a deepwound,injury_report,train
ललितपुर मा बिजुलीको तार खसेको छ,power_outage_report,train
mero aama buwa ra kids ko lagi shelteer chai,shelter_request,train
cpr steps plese,first_aid_query,train
building collapsed in Lalitpur,building_collapse_report,train
there are cracks in thewall,building_damage_check,train
school area ma ambulance patauna,medical_emergency_request,train
what is thecurrent situation,status_check_general,train
ललितपुर मा तोकिएकोसुरक्षित क्षेत्र कहाँ छ,safe_location_query,train
पोखरा नजिकको पुल भत्कियो,road_blockage_report,train
my sister did not come homeyet,family_member_missing,train
मद्दत गर्नुहोस् है???,sos_help_request,train
घर धेरै हल्लियो छिटो,earthquake_occurring_report,train
घरभरिग्यासको गन्ध छ,gas_leak_report,train
strongtremor bhukampa jasto,earthquake_occurring_report,train
Kathmandu ma poewr line khaseko cha,power_outage_report,train
अहिलेको अवस्थाके हो,status_check_general,train
तिमी कति उमेरको हौ,fallback_unclear,train
घरबाट धुवाँ आइरहेको छ,fire_incident_report,train
searching for my granfdather in Bhaktapur,family_member_missing,train
mero buwa safe chavanera status update garna man xa,family_reunification_status,train
स्कूल भवन आंशिकरूपमा भत्कियो,building_collapse_report,train
तिमी को हौ!!,fallback_unclear,train
mero saathi laai badly injury bhayo,injury_report,train
my brother is injured badly,injury_report,train
दाजु लाई गहिरो घाउ छ???,injury_report,train
उद्धारका लागि कहाँ फोन गर्ने,emergency_contact_request,train
ललितपुर मा सम्पूर्ण भवन ढल्यो हजुर,building_collapse_report,train
wall collapsed onteh street,building_collapse_report,train
cnnot reach Pokhara roadi s closed,road_blockage_report,train
हजुरआमा सुरक्षित हुनुहुन्छ भनेर स्थिति अपडेट गर्न चाहन्छु,family_reunification_status,train
अर्को भूकम्प आउनेछ कि,aftershock_information_query,train
need shelter for myy family,shelter_request,train
hleo,greeting,train
rescueko lagi kaha phone garne,emergency_contact_request,train
mero amma lai safely locate garya,family_reunification_status,train
koi avne help gara na,sos_help_request,train
bhukampa ko jhatka 5 minute agadi feel bhayo,earthquake_occurring_report,train
mero buwa sanga bahi reunitebhayo,family_reunification_status,train
mero ama bbuwa ra kids ko lagi shelter chai,shelter_request,train
bhetieko family member laai kasari register garne,family_reunification_status,train
tapai kati umer ko hunuhuncha,fallback_unclear,train
mero buwa sanga abhi reunite bhayo,family_reunification_status,train
bhukampa gayo Gorkha ma help,earthquake_occurring_report,train
हजुरआमा बेहोस हुनुभयो,medical_emergency_request,train
building collapsed in Lalitpur plz,building_collapse_report,train
afteshcok aaunxa ki,aftershock_information_query,train
तिमीले के के गर्न सक्छौ,fallback_unclear,train
my grandmotheris stuck under the roof,trapped_debris_report,train
power outage cha Katmandu ma,power_outage_report,train
mero mama sanga contact tutyo,family_member_missing,train
काठमाडौं को लागि पराकम्प चेातवनी,aftershock_information_query,train
thre are cracks in the wall,building_damage_check,train
mero aama sanga abhi reunite bhayo plz,family_reunification_status,train
relief camp ma merobuwa bhetiyo,family_reunification_status,train
mero bhai safe cha vanera status update garna man xa,family_reunification_status,train
o bye,goodbye_thanks,train
पोखरा मा जोडदार धक्का महसुस भयो!!,earthquake_occurring_report,train
aftershock kati smama rahanxa,aftershock_information_query,train
behosh bhako manxe lai kasari help garne,first_aid_query,train
घर पूर्ण रूपमा भत्कियो प्लिज,building_collapse_report,train
cool thaanks,goodbye_thanks,train
यो भूकम्पसँग सम्बन्धित छैन,fallback_unclear,train
mero bhaliai deep wound xa,injury_report,train
काठमाडौं नजिकको पुल भत्कियो,road_blockage_report,train
whereis the neraest safe zone,safe_location_query,train
mero bha ighar aaunu bhako xaina ahile samma,family_member_missing,train
Kathmandu najik gas leak bhayo,gas_leak_report,train
iddk,fallback_unclear,train
कति पराकम्प आउने अपेक्षाछ,aftershock_information_query,train
aago chittai failira xa Kathmandu ma,fire_incident_report,train
khutta ma chot lagyo running bela onw,injury_report,train
छोरी अझै घरआउनुभएको छैन,family_member_missing,train
malai thaha xaina k garne asap,status_check_general,train
earthquake hit Kathmandu just now,earthquake_occurring_report,train
नजिकैक ोराहत शिविर कहाँ छ छिटो,shelter_request,train
भेटिएको परिवार सदस्य कसरी दर्ता गर्ने,family_reunification_status,train
गोर्खा जान सकिँदैन सडकबन्द छ,road_blockage_report,train
someone fainted need medicalhelp,medical_emergency_request,train
ललितपुर मा आगो छिट्टै फैलिँदैछ???,fire_incident_report,train
what''s your favorite food,fallback_unclear,train
what actions shouldi take onw,status_check_general,train
ूभकम्पगयो,earthquake_occurring_report,train
mero didi lai deep wound xa plz,injury_report,train
ग्यासको पाइप भाँचियो भूकम्पमा,gas_leak_report,train
building collapsed in Kathmandu!!!,building_collapse_report,train
ग्यास चुल्होलेआगो लाग्यो,fire_incident_report,train
दिदी लाई एम्बुलने्स चाहियो छिटो,medical_emergency_request,train
ललितपुर जान सकिँदैन सडक बन्द छ,road_blockage_report,train
road ma crack bhayo jana sakidaina asap,road_blockage_report,train
thnnx,goodbye_thanks,train
घर भत्किएर भित्र फसियौं हजुर,trapped_debris_report,train
my grandfather is stuck under the roof,trapped_debris_report,train
want to update status that my grandfathre is safe,family_reunification_status,train
सबैभन्दा नजिकको सुरक्षित क्षेत्र कहाँ छ प्लिज,safe_location_query,train
help me right now now,sos_help_request,train
धन्यवदा दाई,goodbye_thanks,train
sos sos help pls,sos_help_request,train
mero buwa lai ambulancechai urgent,medical_emergency_request,train
विस्थापितहरूलाई बस्ने ठाउँ चाहिन्छ प्लिज,shelter_request,train
चबाउनुहोस्???,sos_help_request,train
छोरी को बेपत्ता व्यक्ति रिपोर्ट प्लिज,family_member_missing,train
डाक्टर तुरुन्तै चाहियो प्लिज,medical_emergency_request,train
kitchen ma aago lagyo bhukampa ko bela,fire_incident_report,train
head injury bhayo debris khaseko le,injury_report,train
आपतकालीन सम्पर्क नम्बरहरूको सूची???,emergency_contact_request,train
trapped in the collapsed house,trapped_debris_report,train
ranodm tye gardai xu,fallback_unclear,train
mero bhai lai sfaely locate garya,family_reunification_status,train
small firein the kitchen,fire_incident_report,train
mero mamasanga contact tutyo,family_member_missing,train
खानेपानी चाहियो हजुर,food_water_request,train
help pls m dheraai fright ma xu,sos_help_request,train
मलाई तुरुन्तै के गर्ने भनेर भन्नुहोस्,status_check_general,train
first aid kit items needed pls,first_aid_query,train
ghu ma bandage ksaari garne,first_aid_query,train
रगत बग्न रोक्ने उपाय के हो,first_aid_query,train
have not heard from my brother since morning plz,family_member_missing,train
aKthmandu najik ko pul bhatkiyo plz,road_blockage_report,train
के होयो,fallback_unclear,train
गोर्खा नजिकैको घरमा आगो लागेको छ प्लिज,fire_incident_report,train
mero aama debris muni thniyo,trapped_debris_report,train
दाजु लाई गहिरोघाउ छ,injury_report,train
bhetieko fmily member lai kasari register garne,family_reunification_status,train
fire spreeading fast in Lalitpur,fire_incident_report,train
mero ghar ma crack aayo safe cha ki!!!,building_damage_check,train
power lines down in Gorkha,power_outage_report,train
gaun jana sakidaina roa dband cha,road_blockage_report,train
आपतकालीन सामान कति पटक जाँच्ने,preparedness_tips_query,train
helo,greeting,train
building collapsed ni Gorkha,building_collapse_report,train
kitchen cught fire during quake,fire_incident_report,train
baby formula ra panichai,food_water_request,train
mero didi sanga abhi ruenite bhayo,family_reunification_status,train
हेल्लो हजुर,greeting,train
cannot reach Gorkha road i sclosed,road_blockage_report,train
my grandmother having chest pain urgent pls,medical_emergency_request,train
गोर्खा मा बिजुली गएको छ,power_outage_report,train
natiional emergency operation center number,emergency_contact_request,train
earthquake hit Lalitpur 5 minutes ago,earthquake_occurring_report,train
mero bhai sanga contact tutyo pls,family_member_missing,train
police emergency number dinu hos,emergency_contact_request,train
everything is shaking,earthquake_occurring_report,train
my grandmother has a deep wonud,injury_report,train
safe place kaha xa near Bhaktapur plz,safe_location_query,train
mero saathi bhukampa pachi missing hunuhuncha,family_member_missing,train
ललितपुर मा बिजुलीको तार खसेकोछ,power_outage_report,train
whereis the nearest safe zone,safe_location_query,train
बाई???,goodbye_thanks,train
building tilted slightly is it dangerous,building_damage_check,train
thanks hat's all,goodbye_thanks,train
does this thing owrk,fallback_unclear,train
steps to evacuate the building,evacuation_guidance_query,train
gharbhatkiyo gaun ma,building_collapse_report,train
how ofetn shuold i check emergency supplies,preparedness_tips_query,train
हजुरबुबाभ ग्नावशेषमुनि थुनिनुभयो,trapped_debris_report,train
छत खसेर दिदी थुनिनुभयो है,trapped_debris_report,train
भक्तपुर मा आगो छिट्टै फैलिँदैछ,fire_incident_report,train
buried under rubble now,trapped_debris_report,train
waht plz,fallback_unclear,train
ललितपुर मा एम्बुलेन्स चाहियो???,medical_emergency_request,train
भत्किएको घरभित्र फसेको ुछ!!,trapped_debris_report,train
yo help,greeting,train
food distribution point nearby,food_water_request,train
hlo!!!,greeting,train
my father is injured badly???,injury_report,train
मद्दतको लागि धन्यवाद,goodbye_thanks,train
ललितपुर माज ोडदार धक्का महसुस भयो,earthquake_occurring_report,train
hello,greeting,train
थाहाछैन,fallback_unclear,train
डाक्टर तुरुन्तै चाहिय ोप्लिज,medical_emergency_request,train
बालबालिकालाई भूकम्प अभ्यासको लागि कसरी तयार पार्ने,preparedness_tips_query,train
cracks appeaare dafter the quake,building_damage_check,train
mero didi safe cha vanera status update garna man xa,family_reunification_status,train
घाउ भएको ठाउँमा कसरी उपचार गर्ने,first_aid_query,train
हजुरबुबा लाई एम्बुलेन्स चाहियो छिटो,medical_emergency_request,train
जाजरकोट जान सकिँदैन सडक बन्द छ प्लिज,road_blockage_report,train
घरबाटधुवाँ आइरहेको छ,fire_incident_report,train
my son is stuck under the roof,trapped_debris_report,train
भूकम्पले सबै हल्लियो छिटो,earthquake_occurring_report,train
kio cha help garne,sos_help_request,train
redc ross ko helpline number asap,emergency_contact_request,train
malaii pillar le thichyo cannot move,trapped_debris_report,train
अहिलकेो अवस्था केहो,status_check_general,train
ok got itd hanyabad bahini,goodbye_thanks,train
baby formula ra pani chai,food_water_request,train
bridge collpsed near Jajakot,road_blockage_report,train
ठिक छ धन्यवाद है,goodbye_thanks,train
asdkajsd,fallback_unclear,train
अहिले मैलेके गर्ने,status_check_general,train
पराकम्पको जानकारी दिनुहोस्,aftershock_information_query,train
mero ghar ma ambulancce patau na,medical_emergency_request,train
my father is unconscous,medical_emergency_request,train
पराकम्पपछि घरभित्र सुत्न सुरक्षित छ कि,aftershock_information_query,train
bhukampa pachi mero didi lai bhettauna skaina,family_member_missing,train
सहयोग गर्नुन,sos_help_request,train
k hoo yo bot,fallback_unclear,train
हजुरबुबा बेहोसहुनुभयो,medical_emergency_request,train
mero buwa lai safely locate garya,family_reunification_status,train
thank youdai next time feri sodhchu,goodbye_thanks,train
mero didisanga abhi reunite bhayo,family_reunification_status,train
hi maali chahiyo help,greeting,train
bby formula ra pani chai,food_water_request,train
bhukampa gayo Kathmandu ma,earthquake_occurring_report,train
ga leak near Lalitpur,gas_leak_report,train
दजाु लाई छातीमा दुखाइ भइरहेको छ!!,medical_emergency_request,train
गोर्खा मा बिजुली गएकोछ,power_outage_report,train
dhanyabad ekdum helpfulthiyo,goodbye_thanks,train
हाम्रोघर पूर्ण रूपमा भत्कियो,building_collapse_report,train
dos this thing work,fallback_unclear,train
medical emergency cha helpgarnu,medical_emergency_request,train
good morning,greeting,train
mero bhai debris munithuinyo,trapped_debris_report,train
सहयोग गर्नु होला प्लिज,sos_help_request,train
सहयोगगर्नुहोस्,sos_help_request,train
मलाई बचाउनुहोस्,sos_help_request,train
no food since yesterday,food_water_request,train
अहिले हजुरबुबा सँगभेट भयो,family_reunification_status,train
evacuation ko laagi khulla thau kaha cha,safe_location_query,train
my father ismissing since the earthquake,family_member_missing,train
भूकम्पपछि आमा लाई भेट्टाउन सकिएको छैन,family_member_missing,train
नमस्ते छिटो,greeting,train
what plz,fallback_unclear,train
दाुज र बालबालिकाकालागि आश्रय चाहियो,shelter_request,train
immeediate help chai xa,sos_help_request,train
aftershock warning for Kathmandu pls,aftershock_information_query,train
hey app,greeting,train
अहिले मैले केगर्ने,status_check_general,train
काठमाडौंजान सकिँदैन सडक बन्द छ,road_blockage_report,train
भूकम्पदेखिह जुरबुबा बेपत्ता हुनुभएकोछ,family_member_missing,train
road block bhayo landslide lehamro area najik,road_blockage_report,train
जाजरकोट मा भूकम्प गयो???,earthquake_occurring_report,train
दाजु को लागि खाद्यान्न चाहियो,food_water_request,train
where should i gofor safety,safe_location_query,train
mero aama safe cha vanear status update garna man xa,family_reunification_status,train
my mother is injuerd badly,injury_report,train
fire alertnear market,fire_incident_report,train
first id kit items needed pls,first_aid_query,train
उद्धारका लागि कहाँ फोन गर्ने छिटो,emergency_contact_request,train
अहिले हजुरबुबा सँग भेट भयो है,family_reunification_status,train
merobhi sanga abhi reunite bhayo,family_reunification_status,train
13456,fallback_unclear,train
aago chittai failira xa cshool najik ma,fire_incident_report,train
power lines down in Kathmandu,power_outage_report,train
thank you dai next time feri sodhchu,goodbye_thanks,train
hostel ma ambulance paatu na,medical_emergency_request,train
dheri raagat bagira xa meic chai xa,medical_emergency_request,train
तिमीले के के गर्न सक्छौ हजुर,fallback_unclear,train
shelter needed formy father and kids,shelter_request,train
my brother has been olcated safely,family_reunification_status,train
my father hsa a deep wound,injury_report,train
गोर्खा नजिकको पुल भत्कियो है,road_blockage_report,train
kun khulla thau safe cha gather garna,safe_location_query,train
meero saathi lai chest ma dukheko xa,medical_emergency_request,train
मेरो घरमा चिरा परेको छसुरक्षित छ कि छैन,building_damage_check,train
worried about gas laek in aapartment,gas_leak_report,train
wall khasekole mero bhai lai thichyo,trapped_debris_report,train
wall khasekoo le mero didi lai thichyo,trapped_debris_report,train
पाल शिविरको स्थान चाहियो,shelter_request,train
भूकम्प भर्खरैआएको हो,earthquake_occurring_report,train
how to regisetr a found family member,family_reunification_status,train
help help,sos_help_request,train
ललितपुर नजिक पहिरोले सडक बन्द भयो हजुर,road_blockage_report,train
khutta ma chot lagyo running bbela,injury_report,train
nearest open ground for evacuation,safe_location_query,train
Kathmandu najik ko pulbhatkiyo,road_blockage_report,train
building safe cha ki kasari thaha pauney urgent pls,building_damage_check,train
bhukmpa report garna man xa hamro area ma,earthquake_occurring_report,train
head injury bhayodebris khaseko le,injury_report,train
सफाखानेपानी तुरुन्तै चाहियो,food_water_request,train
ahilek  agrne ma,status_check_general,train
धन्यवाद हैसाथी,goodbye_thanks,train
how long do aftershocks continue,aftershock_information_query,train
एकदमधन्यवाद,goodbye_thanks,train
भूकम्प अघि के के तयार राख्ने!!,preparedness_tips_query,train
अहिलेको अवस्था केहो,status_check_general,train
mero khutta ma chot lagyo,injury_report,train
hel chaincha ma darai xu,sos_help_request,train
कक  क छिटो,fallback_unclear,train
ग्यासकोपाइप भाँचियो भूकम्पमा,gas_leak_report,train
no clena water available here,food_water_request,train
relief camp ma mero didi bhetiyo,family_reunification_status,train
पोखरा मा बिजुलीक ोतार खसेकोछ,power_outage_report,train
अहिले दाजु सँग भेट भयो छिटो,family_reunification_status,train
बुबा लाई सुरक्षित फेला परेकोछ,family_reunification_status,train
काठमाडौं नजिकैकोघरमा आगो लागेको छ,fire_incident_report,train
काठमाडौं मा तोकिएको सुरक्षित क्षेत्र कहाँ छ,safe_location_query,train
mero didi li badly injjury bhayo,injury_report,train
road bloccked by landslide near Jajarkot,road_blockage_report,train
please soemone heelp,sos_help_request,train
wall bhatkioy roadma,building_collapse_report,train
दिदी लाई गहिरो घाउछ,injury_report,train
पर्यटकप्रहरीको नम्बर दिनुहोस्,emergency_contact_request,train
emergency supplies kati choti check garne now,preparedness_tips_query,train
mero saath unconscious bhaoy,medical_emergency_request,train
छिटो मद्दत चाहियो,sos_help_request,train
heelph elp,sos_help_request,train
भूकम्पदेखिबिजुली छैन,power_outage_report,train
building on fire near Jajarkot,fire_incident_report,train
मेरो परिवारको सदस्य सुरक्षित भेटियो है,family_reunification_status,train
बुबा सुरक्षित हुनुहुन्छ भनेर स्थिति अपडेट गर्न चाहन्छु,family_reunification_status,train
बुबा को लागि खादय्ान्न चाहियो???,food_water_request,train
nearest safe assembly point,safe_location_query,train
fire broke out afterthe earthqauke,fire_incident_report,train
पराकम्प कति शक्तिशाली हुन्छ,aftershock_information_query,train
५ मिनेट अगाडि भूकम्प आयो!!,earthquake_occurring_report,train
आमा र बालबालिकाका लागि आश्रय चाहियो???,shelter_request,train
भर्खरै भूकम्प आयो,earthquake_occurring_report,train
where isthe designated safe zone in Pokhara,safe_location_query,train
hi malai chahyo help,greeting,train
furniture lai khasnu batakasari secure garne,preparedness_tips_query,train
mero saathi lai badly injury bhayo plz,injury_report,train
tapai kati umer ok hunuhuncha help,fallback_unclear,train
निकासाको मार्गके हो,evacuation_guidance_query,train
grouund shaking very hard,earthquake_occurring_report,train
निकासाको मार्गके हो,evacuation_guidance_query,train
aftershock pachi ghar bhitra ustna safe cha ki,aftershock_information_query,train
help asap malai dherai dar lagyo,sos_help_request,train
fmily ko lagi food supply cahi,food_water_request,train
पहिरोले एकमात्र सडक बन्द भयो,road_blockage_report,train
no house to stay need shelterurgently,shelter_request,train
criticl patient needs ambulance now,medical_emergency_request,train
आमा बेहोसहुनुभयो,medical_emergency_request,train
ok thanks bye is ma jaanchu,goodbye_thanks,train
ghar bhatkiyo hamro area ma,building_collapse_report,train
हजुरआमा लडेरढाडमा चोट लाग्यो छिटो,injury_report,train
सहयोगको लािग धन्यवाद प्लिज,goodbye_thanks,train
have not heard rfom my father since morning???,family_member_missing,train
हजुरबुबा लडेरढाडमाचोट लाग्यो,injury_report,train
building ma fire xa bazaar najik pls,fire_incident_report,train
any relief camp nearby,shelter_request,train
hiiii,greeting,train
how to register a found amily member,family_reunification_status,train
have not heard from my fathersince morning,family_member_missing,train
धन्यबादैह,goodbye_thanks,train
ghar pura bhatkiyo???,building_collapse_report,train
mero ghar ma ambulancce patua na,medical_emergency_request,train
पराकम्पपछि घरभित्र सुत्न सुरक्षितछ कि,aftershock_information_query,train
landslide blocking teh only rooad out,road_blockage_report,train
bhukampa report garna man xa Kathmandu ma now,earthquake_occurring_report,train
सी पी आर कसरी गरन्े,first_aid_query,train
can i go back inside my house now,building_damage_check,train
भक्तपुर मा बिजुलीको तार खसेको छ,power_outage_report,train
hart attack symptoms need doctor,medical_emergency_request,train
what is the evacuation route,evacuation_guidance_query,train
डाक्टर तुरुन्तैचाहियो,medical_emergency_request,train
ehlp me right now,sos_help_request,train
gas leak near Lalitpur,gas_leak_report,train
बिहानदखेि दिदी बाट कुनै खबर छैन,family_member_missing,train
नजिकैको सुरक्षितभेला हुने ठाउँ,safe_location_query,train
dherai raagat bagira xa medic chai xa,medical_emergency_request,train
road blockked by landslide near Jajarkot,road_blockage_report,train
earthquake hit Gorkha 5 minutes ago help,earthquake_occurring_report,train
my grndmother collapsed an dnot waking up,medical_emergency_request,train
hamro ghar najik gas leak bahyo,gas_leak_report,train
aftershock warinng for Lalitpur,aftershock_information_query,train
भक्तपुर मा घर भत्कियो,building_collapse_report,train
bhukampa pcahi k garne,status_check_general,train
भक्तपुर नजिक हपिरोले सडकबन्द भयो,road_blockage_report,train
searching for my brother in Kathmandu,family_member_missing,train
ghar bhtkiyo Kathmandu ma,building_collapse_report,train
raati basna tentc hai,shelter_request,train
ok ogt it thanks,goodbye_thanks,train
मर्केकोखुट्टाको लागि के गर्ने,first_aid_query,train
दाजु लाई एम्बुलेन्स चाहियो छिटो,medical_emergency_request,train
बुबा सुरक्षित हुनुहुन्छ भनेर स्थिति अपडेट गर्न चाहन्छु,family_reunification_status,train
evacuation ko instructions dinu hos???,evacuation_guidance_query,train
gs leak nearBhaktapur,gas_leak_report,train
आमा सुरक्षित हुनुहुन्छ भनेर स्थिति अपडेटगर्न चाहन्छु,family_reunification_status,train
gr8 thanks???,goodbye_thanks,train
help me pls im scared,sos_help_request,train
hllp me,sos_help_request,train
relief camp ma mero bhai bhetiyo,family_reunification_status,train
my grandomther has a deep wonud,injury_report,train
दाजु लडेरढाडमा चोट लाग्यो,injury_report,train
बच्चाकोलागि फर्मुला र पानी चाहियो,food_water_request,train
cylinder bata gaschuhi raxa,gas_leak_report,train
mero buwa ko phone lagdaina bhukampa dekhi urgent pls,family_member_missing,train
bihana dekhi mero bhai bata hkabar xaina,family_member_missing,train
mero ghar ma hlep chai xa,sos_help_request,train
aago chittai failira xa school najik ma???,fire_incident_report,train
no food since yesterday???,food_water_request,train
भक्तपुर जान सकिँदैन सडक बन्द छ,road_blockage_report,train
cannot rech Kathmandu road is closed,road_blockage_report,train
hamro area jana sakidaina road band cha,road_blockage_report,train
mero saathi debris muni thuniyo,trapped_debris_report,train
भूकम्पको धक्का महसुस भयो प्लिज,earthquake_occurring_report,train
bhukampako jhatka aaile feel bhayo,earthquake_occurring_report,train
how to tret a cut wound,first_aid_query,train
म र दिदी थुनिएका छौं???,trapped_debris_report,train
bhukampa report garna mman xa mero ghar najik ma,earthquake_occurring_report,train
mero bhai lai badly innjury bhayo,injury_report,train
bachcha haru lai earthquake dril lko lagi kasari prepare garne,preparedness_tips_query,train
mero bhai lai chest am dukheko xa,medical_emergency_request,train
mero didi bhukampa pachi missing hunuhuncha,family_member_missing,train
अहिले कुन चरण पालनागर्ने,status_check_general,train
wat to do during evacuation,evacuation_guidance_query,train
बुबा लडेरढाडमा चोट लाग्यो!!,injury_report,train
पोखरा मा आगो लागेको छ है,fire_incident_report,train
earrthquake bhayo hamro area ma,earthquake_occurring_report,train
जाँच्दैछु,fallback_unclear,train
दिदी को लागि खाद्यान्न चाहियो!!,food_water_request,train
धन्यवाद बुवा,goodbye_thanks,train
builidng collapsed in Pokhara,building_collapse_report,train
wall ma thulo crack cha evacuate garne ki,building_damage_check,train
earthquake just occurred 5 minutes ago,earthquake_occurring_report,train
Kathmanndu ma ambulance patau na,medical_emergency_request,train
गोर्खानजिकैको घरमा आगो लागेको छ,fire_incident_report,train
hello there???,greeting,train
आमा र बालबालिकाका लागि आश्रय चाहियो,shelter_request,train
mero ghar ma ambulance patau na,medical_emergency_request,train
मौसम कस्तो छ प्लिज,fallback_unclear,train
tourist police ko number dinuhos,emergency_contact_request,train
massive shaking right now,earthquake_occurring_report,train
wall khaseko le mreo didi la ithichyo,trapped_debris_report,train
ललितपुर नजिकको पुलभत्कियो,road_blockage_report,train
bhukampa ko jhatka 5 minute agadi feel bhayo help,earthquake_occurring_report,train
घर बलिरहेको छ दमकलचाहियो,fire_incident_report,train
मलाई मद्दतचाहियो,sos_help_request,train
my brother is stuck under the roof now,trapped_debris_report,train
गीतगाउन सक्छौ,fallback_unclear,train
mero bhai lai chest madukheko xa,medical_emergency_request,train
अहिले हजुरआमासँग भेट भयो,family_reunification_status,train
हजुरबुबाको बेपत्ता व्यक्ति रिपोर्ट,family_member_missing,train
earthquaek in Lalitpur,earthquake_occurring_report,train
what should i do right now now,status_check_general,train
good fternoon,greeting,train
furniturelai khasnu bata kasari secure garne,preparedness_tips_query,train
need ration for my isster plz,food_water_request,train
गोर्खा माभूकम्प गयो,earthquake_occurring_report,train
जाजरकोट मा सम्पूर्ण वभन ढल्यो हजुर,building_collapse_report,train
ललितपुर मा सम्पूर्ण भवन ढल्यो,building_collapse_report,train
want to update status that my brother is safe asap,family_reunification_status,train
गोडा मर्केर हिँड्नसकिँन,injury_report,train
my sister has adeep wound,injury_report,train
ललितपुर को लागि पराकम्प चेतावनी प्लिज,aftershock_information_query,train
mero aama ko phone lagdaina bhukampa dekhi,family_member_missing,train
hlp me,sos_help_request,train
bhkuampa pachicrack aayo,building_damage_check,train
rescue chai xa ma thuniyekoxu,trapped_debris_report,train
ghar bahtkiyo hamro area ma pls,building_collapse_report,train
दिदीबेहोस हुनुभयो,medical_emergency_request,train
main road band cha,road_blockage_report,train
भूकम्पपछि सडक क्षतिग्रस्त भयो,road_blockage_report,train
हामीलाई मद्दत चाहियो,sos_help_request,train
my grandfather is injuredbadly,injury_report,train
evacuation plan for Bhaktapur,evacuation_guidance_query,train
budo budi sanga kasari evacuaet garne,evacuation_guidance_query,train
this is not related to earhtquake,fallback_unclear,train
need help,sos_help_request,train
hoow to hel psomeone who fainted,first_aid_query,train
buildign on fire near Kathmandu plz,fire_incident_report,train
myson is trpped under debris,trapped_debris_report,train
how do i know if my building is safe,building_damage_check,train
ग्यासको पाइप भाँचयिोभूकम्पमा,gas_leak_report,train
building bata evacuat egarnesteps,evacuation_guidance_query,train
mero bhai sanga abhi reunite bhayo,family_reunification_status,train
help ow,sos_help_request,train
नजिकैको अपार्टमेन्ट भत्कियो,building_collapse_report,train
cut on my leg bleeding now,injury_report,train
arko bhukampa aaunxa ki,aftershock_information_query,train
hamro ghar unsafe xa shelterc hai,shelter_request,train
mero aama safe cha vanera status update ganraman xa,family_reunification_status,train
अहँ छिटो,fallback_unclear,train
यो भूकम्पहो कि,earthquake_occurring_report,train
what should i do right now,status_check_general,train
my sister did not come home yet,family_member_missing,train
धन्यबाद है,goodbye_thanks,train
fire brigade ko contact number,emergency_contact_request,train
child helpline number,emergency_contact_request,train
cannot reach Katmhandu road is closed,road_blockage_report,train
सुरक्षित ूरपमा कसरी निकासा गर्ने???,evacuation_guidance_query,train
भूकम्प ५ मिनेट अगाडि आएको हो,earthquake_occurring_report,train
के रपाकम्प आउने छ,aftershock_information_query,train
help chainchama darai xu,sos_help_request,train
mero buw lai safey locate garya,family_reunification_status,train
tpai kati umer ko hunuhuncha,fallback_unclear,train
temporary shelter kaha paunxa,shelter_request,train
यो घरमा बस्न सुरक्षित छ कि छैन ैह,building_damage_check,train
टाउकोबाट रगत बगिरहेको छ प्लिज,injury_report,train
hep,sos_help_request,train
landsllide blocking the only road out,road_blockage_report,train
hijo dekhi khana xaaina,food_water_request,train
नमस्ते बहिनी!!,greeting,train
५ मिनेट अगाडि भूकम्प आयो,earthquake_occurring_report,train
थाहा ैछन हजुर,fallback_unclear,train
best practices for earthquake preparedness at home,preparedness_tips_query,train
"trapped, lpease send rescue",trapped_debris_report,train
पराकम्पपछि घरभित्र सुत्न सुरक्षित छ कि,aftershock_information_query,train
पोखरा मा जोडदार धक्का महसुस भयो,earthquake_occurring_report,train
धनय्बाद है,goodbye_thanks,train
thanku sir ali help bhayo,goodbye_thanks,train
bye take acre,goodbye_thanks,train
mausam kasto ccha,fallback_unclear,train
hllo there,greeting,train
काठमाडौं मा बिजुलीको तार खसेको छ,power_outage_report,train
ankle sprain bhayohidna sakina,injury_report,train
cpr kaari garne,first_aid_query,train
अनि!!,fallback_unclear,train
tarpped under rubble,trapped_debris_report,train
myson is trapped under debris,trapped_debris_report,train
furniture lai khasnubata kasari secure garne,preparedness_tips_query,train
mero mama snaga contact tutyo,family_member_missing,train
should i r-enter the building,building_damage_check,train
road blocked by landslide near Lalitpur asap,road_blockage_report,train
bhukampa pachik garne,status_check_general,train
ok thnks bye is ma jaanchhu,goodbye_thanks,train
saaf khane pani urgent chai!!!,food_water_request,train
aag ochittai failira xa school najik ma,fire_incident_report,train
cannotr each Lalitpur road is clsoed,road_blockage_report,train
cpr stepps please,first_aid_query,train
good aftenroon,greeting,train
budo budi sanga kasari evacuate ganre,evacuation_guidance_query,train
jhatka mahsus bhay o5 minute agadi,earthquake_occurring_report,train
roof caved in during the quake,building_collapse_report,train
घरमा भूकम्प तयारीको उत्तम अभ्यास के हो प्लिज,preparedness_tips_query,train
mero saathi debris muni thuniyo help,trapped_debris_report,train
बुबा लाई छातीमा दुखाइ भइरहेको छ,medical_emergency_request,train
cannot find my brrother after the quake,family_member_missing,train
where is the designted safe zonein Pokhara,safe_location_query,train
bhukmpagayo Pokhara ma,earthquake_occurring_report,train
ghar bhatkiyo hamro area ma pls,building_collapse_report,train
भूकम्पदेखि हजुरबुबा बेपत्ता हुनुभएकोछ,family_member_missing,train
shoul we evacuate now,evacuation_guidance_query,train
खुट्टामा घाउ भएर रगतब गिरहेको छ???,injury_report,train
भूकम्पदेखि बुबा कोफोन लाग्दैन,family_member_missing,train
my brother has been located safely hepl,family_reunification_status,train
दाजु को लागिखाद्यान्न चाहियो,food_water_request,train
पोखरा मा एम्बुलेन्स चाहियो हजुर,medical_emergency_request,train
mero didi lai safely locat egarya,family_reunification_status,train
bleedng from head,injury_report,train
bhukampa gayo Pokhraa ma,earthquake_occurring_report,train
दिदी भग्नावशेषमुनि थुनिनुभयो हजुर,trapped_debris_report,train
ahile k agrne ma,status_check_general,train
बाईहै,goodbye_thanks,train
घाउभएको ठाउँमा कसरी उपचार गर्ने,first_aid_query,train
पहिरोले एकमातर् सडक बन्द भयो,road_blockage_report,train
my mother is trapped under dbris,trapped_debris_report,train
नमस्तेबुवा,greeting,train
धेरैरगत बगिरहेको छ मेडिक चाहियो,medical_emergency_request,train
यो घरमा बस्न सुरक्षित छ कि छैन हजुर,building_damage_check,train
cannot fin my brother after the quake,family_member_missing,train
mero sathi lai badly injury bhayo,injury_report,train
evacuation koroute k ho,evacuation_guidance_query,train
need foodsupplies for family,food_water_request,train
hello j isanchai hunuhunccha,greeting,train
found my brothe rat the relief camp,family_reunification_status,train
mero aama debris muni thuniyo urgent pls,trapped_debris_report,train
ुशभसाँझ,greeting,train
म सुरक्षाको लागि कहाँ जानुपर्छ,safe_location_query,train
आमा लाई एम्बुलेन्स चाहियो छिटो???,medical_emergency_request,train
ok bye ta dhanyabad,goodbye_thanks,train
jhatka mahsu sbhayo 5 minute agadi,earthquake_occurring_report,train
छोरा अझै घर आउनुभएको छैन!!,family_member_missing,train
nmaste now,greeting,train
एकदम धन्यवाद,goodbye_thanks,train
सहयोगचाहियो,sos_help_request,train
my mother collapsed aand not waking up,medical_emergency_request,train
yo ghar ma basna afe cha ki xaina,building_damage_check,train
mymother is missing since the earthquake,family_member_missing,train
mero aamma lai safely locate garya,family_reunification_status,train
ok thakns bye,goodbye_thanks,train
yha ma safe zone kaha cha now,safe_location_query,train
strong ttremor felt just now,earthquake_occurring_report,train
please someone help,sos_help_request,train
do we need to evcuateimmediately,evacuation_guidance_query,train
my sister di dnot come home yet,family_member_missing,train
need clean drinking waetr urgently,food_water_request,train
अहिले नै मद्दत चाहियो,sos_help_request,train
भान्सामा ग्यासधेरै चुहिँदैछ,gas_leak_report,train
building collapsed in Kathandu,building_collapse_report,train
pura building dhalyo hamro area ma,building_collapse_report,train
म र दिदी थुनिएका छौं,trapped_debris_report,train
wall khaseko le mero aama lai thichyo!!!,trapped_debris_report,train
Kthmandu najik gas leak bhayo,gas_leak_report,train
mero didi safe cha vanera status update garna man xa!!!,family_reunification_status,train
police emergency number dinu hhos,emergency_contact_request,train
हजुरबुबा लाईएम्बुलेन्स चाहिोय छिटो,medical_emergency_request,train
emergency contact number haru ko list,emergency_contact_request,train
भूकम्पपछि आमा लाईभेट्टाउन सकिएको छैन,family_member_missing,train
malai nikalnu hos thuniyeko xu,trapped_debris_report,train
bhukampagayoP okhara ma,earthquake_occurring_report,train
गोर्खा मा जोडदार धक्का महसुस भयो हजुर,earthquake_occurring_report,train
मेरो घरमा चिरा परेकोछ सुरक्षित छ कि छैन,building_damage_check,train
strongtremor bhukmpa jasto,earthquake_occurring_report,train
should i re-enter the building,building_damage_check,train
my mother is injured badly,injury_report,train
no powerfor two dys now,power_outage_report,train
my house hs cracks is it safe,building_damage_check,train
displaced need a plaec to stay,shelter_request,train
relief camp ma mero aama bhetiyo,family_reunification_status,train
building bata evacuate garne steps,evacuation_guidance_query,train
गोर्खा मा तोकिएको सुरक्षित क्षेत्र कहाँ छ,safe_location_query,train
kitchen caught fire during quake,fire_incident_report,train
building ma fire xa hamro area najik???,fire_incident_report,train
ahile k action linu aprxa,status_check_general,train
नजिकैको सुरक्षित ठाउँक हाँ छ हजुर,safe_location_query,train
found mmy mother t the relief camp,family_reunification_status,train
kitchen gas leaking badly,gas_leak_report,train
दाजु लाई सुरक्षित फेलापरेको छ,family_reunification_status,train
कोही सास फेर्न सकिरहेक ोछैन हजुर,medical_emergency_request,train
my mother is stukcunder the roof,trapped_debris_report,train
ललितपुरजान सकिँदैन सडक बन्द छ,road_blockage_report,train
my fthe fell and hurt back,injury_report,train
mero ghar ma cracka ayo saf echa ki,building_damage_check,train
tell me what to do immediately,status_check_general,train
power outage chaKathmandu ma,power_outage_report,train
k oh yo bot,fallback_unclear,train
hamro area ma bijuil katti bhayo,power_outage_report,train
haat ma minor chot xa now,injury_report,train
नजिकैको सुरक्षित ठाउँ कहाँ छ है,safe_location_query,train
नमस्ते बुवा,greeting,train
दमकलको सम्पर्क नम्बर,emergency_contact_request,train
trppe dunder rubble,trapped_debris_report,train
जोक भन,fallback_unclear,train
मेरो घरलाई भूकम्प प्रतिरोधी कसरी बनाउने,preparedness_tips_query,train
छत खसेर दिदी थुनिनुभयो,trapped_debris_report,train
भूकम्पको बेला खुट्टामा चोट लाग्यो,injury_report,train
हजुरबुबा लडेरढाडमा चोट लाग्यो,injury_report,train
म र हजरुआमा थुनिएकाछौं,trapped_debris_report,train
give me next steps please,status_check_general,train
धन्यवाद हजुर है,goodbye_thanks,train
buildig bata bahira niskane safest tarika,evacuation_guidance_query,train
हजुरआमा लडेरढाडमा चोट लाग्यो,injury_report,train
how to evacuate with lederly people,evacuation_guidance_query,train
heplp,sos_help_request,train
evacuation ko route kh o,evacuation_guidance_query,train
where is the designted safe zone in Lalitpur???,safe_location_query,train
k garne vanera guide garnu hos,status_check_general,train
our house collapsed completelly,building_collapse_report,train
ph me,sos_help_request,train
gana gauna saknu huncha,fallback_unclear,train
पोखरामा बिजुली गएोक छ,power_outage_report,train
एस ओएस,sos_help_request,train
wnt to update status that my brother is safe asap,family_reunification_status,train
temporr yshelter kaha paunxa,shelter_request,train
उद्धारका लागि नजिैकको खुल्ला ठाउँ हजुर,safe_location_query,train
ललितपुर को लागि निकासा योजना हजुर,evacuation_guidance_query,train
where is the designated safe zone in Lalitpur,safe_location_query,train
dherai raaat bagira xa medic chai xa,medical_emergency_request,train
भक्तपुर नजिक ग्यास चुहावट भयो???,gas_leak_report,train
pura buliding dhalyo hamro area ma,building_collapse_report,train
भक्तपुर मा बिजुली गएकोछ,power_outage_report,train
"dhanyabad, that hepeda  lot",goodbye_thanks,train
there is a fire in Gorkha,fire_incident_report,train
reunitedwith my mother now,family_reunification_status,train
hat bhachiyo help chai???,injury_report,train
kitchencaught fire during quake,fire_incident_report,train
where is the nearestrelief camp,shelter_request,train
evacuation k route k ho,evacuation_guidance_query,train
sas phherna sakeko xaina koi,medical_emergency_request,train
earthquake go bag kasari prepare garne asap,preparedness_tips_query,train
tanks,goodbye_thanks,train
जाजरकोट मा घरभत्कियो,building_collapse_report,train
mero bwu sanga abhi reunite bhayo,family_reunification_status,train
hi malai chahhiyo help,greeting,train
bhachiyko haat ko first aid k ho,first_aid_query,train
यति नै हो धन्यवाद,goodbye_thanks,train
mucha ppreciated,goodbye_thanks,train
पोखरा मा एम्बुलेन्स चाहियो,medical_emergency_request,train
mero bhi lai badly injury bhayo plz,injury_report,train
पर्खालले थिचेको छ हल्लन सक्दिन,trapped_debris_report,train
h,greeting,train
भक्तपुर जान सकिँदैन सडक बन्दछ  प्लिज,road_blockage_report,train
mero bhi lai deep woound xa,injury_report,train
buildig bata bahira nsikane safest tarika,evacuation_guidance_query,train
kitchen ma aago lagyo bhukammpa ko bela,fire_incident_report,train
ग्यास चुहावट भयो सल्लाह दिनुहोस् छिटो,gas_leak_report,train
building collapsed in Bhaktapur,building_collapse_report,train
school area ma ambulance patau na,medical_emergency_request,train
yaha ma safe zon ekaha cha,safe_location_query,train
दाजु लाई एम्बुलेन्स चाहियो छिटो???,medical_emergency_request,train
mero family ra kids ko lagi sehlter chai,shelter_request,train
hamroo area ma power line khaseko cha,power_outage_report,train
any reliefc amp nearby,shelter_request,train
please someone heelp,sos_help_request,train
राहत शिविरमाबुबा भेटिोय,family_reunification_status,train
कति पराक्मप आउने अपेक्षाछ,aftershock_information_query,train
tourist poilce number please,emergency_contact_request,train
medical emergency please help,medical_emergency_request,train
ललितपुर मा सम्पूर्ण भवन ढल्यो हजुर,building_collapse_report,train
hleo,greeting,train
यो घरमा बस्न सुरक्षित छ कि छैन,building_damage_check,train
भर्खरै भूकम्प आयो!!,earthquake_occurring_report,train
gas leak bhayo ghar ma???,gas_leak_report,train
पोलेको ठाउँको लागि प्राथमिक उपचार है,first_aid_query,train
bhukampa pachi mero didi lai bhettauna sakina,family_member_missing,train
malai nikalnu hos thuniyeko xu pls,trapped_debris_report,train
mero aama safe cha vanera status update garna man xa,family_reunification_status,train
म र हजुरआमा थुनिएकाछौं,trapped_debris_report,train
behosh bhako manxe laikasari help garne,first_aid_query,train
mero didi pinned under debris malai help chhai,trapped_debris_report,train
wall khaseko le mero didi la thichyo,trapped_debris_report,train
evcuation ko instrcutions dinu hos,evacuation_guidance_query,train
hello dai malai kehi sodhnu thiyo,greeting,train
ahile k action ilnu parxa,status_check_general,train
wall khaseo le mero buwa lai thichyo,trapped_debris_report,train
need tents fro the night,shelter_request,train
हजुरआमा सँग सम्पर्क टुटेको छ???,family_member_missing,train
fire spreading fast in Gorkha,fire_incident_report,train
बालबालिकालाई भकूम्प अभ्यासको लागि कसरी तयार पार्ने छिटो,preparedness_tips_query,train
have not heard from my mother since morning,family_member_missing,train
bridge collapsed near Jajarkot,road_blockage_report,train
my dauughter is stuck under the roof,trapped_debris_report,train
national emregency operation center number,emergency_contact_request,train
mlai bahcau please,sos_help_request,train
where is the designated safe zone in Kathmandu!!!,safe_location_query,train
छत खसेर हजुरआमा थुनिनुभयो हजुर,trapped_debris_report,train
best practices for earthquake preparednessat home,preparedness_tips_query,train
मदद्तगर है,sos_help_request,train
घर पूर्ण रूपमा भत्कियो,building_collapse_report,train
should i re-enter the uilding,building_damage_check,train
tell me a oke,fallback_unclear,train
mero mama ko phonel agdaina bhukampa dekhi,family_member_missing,train
namaste now,greeting,train
we just felt an earthquake in Bhaktapur,earthquake_occurring_report,train
2 din dekhi bijuli xaina pls,power_outage_report,train
no electricity since the earthquake,power_outage_report,train
malai kahajana safe huncha,safe_location_query,train
आमा बेहोसहुनुभयो,medical_emergency_request,train
hmro area ma safe zone kaha cha pls,safe_location_query,train
dherai raagat bagira xa meic chai xa,medical_emergency_request,train
bleeding from had,injury_report,train
ghr ekdam hallyo earthquake hoki k ho,earthquake_occurring_report,train
धन्यबादहै,goodbye_thanks,train
thank sbro ekdamramro jankari,goodbye_thanks,train
earthquake gob ag kasari prepare garne,preparedness_tips_query,train
no clean water available here,food_water_request,train
pura building dhalyo Kathmandu ma,building_collapse_report,train
strong gas smell ni the building,gas_leak_report,train
hile ko situation k ho,status_check_general,train
आमा लाई गम्भीर चोट लागेको छ हजुर,injury_report,train
दाजु सुरक्षित हुनुहुन् छभनेर स्थिति अपडेट गर्न चाहन्छु है,family_reunification_status,train
hami kahashelter linna sakxam safely,safe_location_query,train
ठिकै  छछोड्नुहोस् प्लिज,goodbye_thanks,train
mero saathi lai badly injuryb hayo,injury_report,train
जाजरकोट माआगो लाेगको छ,fire_incident_report,train
mero buwalai chest ma dukheko xa,medical_emergency_request,train
first id for burns,first_aid_query,train
भूकम्प भर्खरै आएको हो!!,earthquake_occurring_report,train
school buildingpartially collapsed,building_collapse_report,train
safe place kaha xa near Lalitpur,safe_location_query,train
ahile ko situation k ho,status_check_general,train
gaun jana skidaina orad band cha,road_blockage_report,train
इँटा खसेर लाग्यो!!,injury_report,train
अहिले कुन चरण पालना गर्ने???,status_check_general,train
aago chittai failira xa school najik ma,fire_incident_report,train
need help pls,sos_help_request,train
can you sing a song now,fallback_unclear,train
gas leak near Gorkha,gas_leak_report,train
पोखरा मातोकिएको सुरक्षित क्षेत्र कहाँ छ,safe_location_query,train
thanks that's all,goodbye_thanks,train
i ned elp,sos_help_request,train
need ration for myb rother,food_water_request,train
haat bhachiyo help chai???,injury_report,train
safe place kaha a near Gorkha,safe_location_query,train
पर्खालमा चिरा देखिएको छ,building_damage_check,train
जोडदार भूकम्प आयो,earthquake_occurring_report,train
ग्यास चुल्होले आगो लाग्यो,fire_incident_report,train
पोखरा नजिक पहिरोले सडक बन्द भयो छिटो,road_blockage_report,train
namaset ma euta prashna sodhna chahanchu,greeting,train
sos malai helpchai,sos_help_request,train
mero ghar ma help chai xa,sos_help_request,train
अनि!!,fallback_unclear,train
road ma crack bhayo jana sakidaina,road_blockage_report,train
koi cha helpgarne,sos_help_request,train
राहत शिविरमा दाजु भेटियो,family_reunification_status,train
lndslide blocking the only rooad out,road_blockage_report,train
cannot reach Jajarkot roaids closed,road_blockage_report,train
next steps k ho bhannu hos,status_check_general,train
how to stop bleeding,first_aid_query,train
so ssos heelp,sos_help_request,train
पोखरा मातोकिएको सुरक्षित क्षेत्र कहाँ छ,safe_location_query,train
hllo di k cha khabar,greeting,train
bhachhiyeko haat ko first aid k ho,first_aid_query,train
my grandfather did not come home yet,family_member_missing,train
wall khaseko le mero saathi lai thichyo help,trapped_debris_report,train
good veening,greeting,train
उद्धार टोली चाहियो थुनिएको छु हजुर,trapped_debris_report,train
मेरो परिवराको लागि आश्रय चाहियो???,shelter_request,train
trapped xu ghar bhatkeko debris muni,trapped_debris_report,train
is this na earthquake,earthquake_occurring_report,train
aftershock kati strong huncha help,aftershock_information_query,train
shelter needed for my sister and kids now,shelter_request,train
safe place kaha xa near Gorkha,safe_location_query,train
merobuwa debris muni thuniyo,trapped_debris_report,train
ग्यास चुहियो छिोट,gas_leak_report,train
फेरिभेटौंला,goodbye_thanks,train
need ambulace at Lalitpur,medical_emergency_request,train
केहो यो,fallback_unclear,train
जाजरकोट मा बिजुली गएकोछ,power_outage_report,train
pleaseresceu me malai help chai,sos_help_request,train
ghar upra bhatkiyo???,building_collapse_report,train
परिवारको लागि खाद्य सामग्रीचाहियो,food_water_request,train
राष्ट्रिय आपतकालीन कार्य केन्द्रको नम्बर है,emergency_contact_request,train
my daughter is trapped under debris,trapped_debris_report,train
Kathmandu kolagia ftershock warning,aftershock_information_query,train
is it safe to sleep indoors after aftershocks,aftershock_information_query,train
earthquake agadi k k ready rakhne urgent pls,preparedness_tips_query,train
मेरोपरिवारको लागि आश्रय चाहियो,shelter_request,train
पोखरा मा भूकम्प गयो,earthquake_occurring_report,train
bhukampa pachi mero mama lai bhettaunasakina,family_member_missing,train
गोर्खा को लागि पराकम्प चेातवनी,aftershock_information_query,train
water supply ct off need water,food_water_request,train
हजुरबुबा भग्नावशेषमुनि थुनिनुभयो???,trapped_debris_report,train
how strong will aftershocks be!!!,aftershock_information_query,train
severe bleedingneed medic,medical_emergency_request,train
tentcamp location needed,shelter_request,train
my father having chestpain,medical_emergency_request,train
my father ismissnig since the earthquake,family_member_missing,train
my grandfather is unconscious,medical_emergency_request,train
mero aama unconscious bhayo,medical_emergency_request,train
my mother is trpped under debris,trapped_debris_report,train
mero buwa lai mbulance chai urgent,medical_emergency_request,train
ललितपुर को लागि पराकम्प चेतावनी,aftershock_information_query,train
cprkasari garne,first_aid_query,train
pani ko suply band bhayo pani chai,food_water_request,train
aftershock kati strong huncha,aftershock_information_query,train
हजुरआमा ँसग सम्पर्क टुटेको छ,family_member_missing,train
what should i do righ now,status_check_general,train
head injurybhayo debris khaseko le,injury_report,train
nede ration for my father,food_water_request,train
ललितपुर को लागि निकासा योजना प्लिज,evacuation_guidance_query,train
mero buwa lai badly injury bayo,injury_report,train
bhukmpa gayo mero ghar njaik ma,earthquake_occurring_report,train
amulance ko number k ho,emergency_contact_request,train
abhi ghar bhitra jana milxa ki,building_damage_check,train
हजुरबुबा लाई गम्भीरचोट लागेको छ,injury_report,train
lost ocntact with my brother help,family_member_missing,train
cnnot fin my brother after the quake,family_member_missing,train
safe place kaha xa near Jajarkot,safe_location_query,train
apprecciate it,goodbye_thanks,train
bridge collapsed near Lalitpur,road_blockage_report,train
भूकम्पदेखि छोरी को फोन लाग्दैन!!,family_member_missing,train
khnara pani sakiyo,food_water_request,train
"can't move, trapepd under concrete",trapped_debris_report,train
bbay formula ra pani chai,food_water_request,train
building collapsed in Pokhara,building_collapse_report,train
ago chittai failira xa hamro area ma,fire_incident_report,train
काठमाडौं मा आगो छिट्टै फैलिँदैछ,fire_incident_report,train
परिवारको भेला हुने ठाउँ कसरी योनजाबनाउने,preparedness_tips_query,train
my sonn is trapped under debris,trapped_debris_report,train
गोर्खा नजिक ग्यासच ुहावट भयो!!,gas_leak_report,train
Kathmandu anjikk gas leak bhayo,gas_leak_report,train
दिदी लडेरढाडमाचोट लाग्यो,injury_report,train
यो भूकम्प हो कि हजुर,earthquake_occurring_report,train
आपतकालीन किटमा के के हुनुपर्छ छिटो,preparedness_tips_query,train
hmro area ko lagi aftershock warning!!!,aftershock_information_query,train
my grandmother is unconscious,medical_emergency_request,train
आमालाई एम्बुलेन्स चाहियो छिटो,medical_emergency_request,train
furniturelai khasnu bata kasar isecure garne,preparedness_tips_query,train
what is the current situation pls,status_check_general,train
relief camp mma mero buwa bhetiyo,family_reunification_status,train
cannot find my brother after the quake,family_member_missing,train
eveything is hsaking,earthquake_occurring_report,train
shelter needed for my sister and kids,shelter_request,train
myson is trapped under debris,trapped_debris_report,train
ahile ko istuation kk ho,status_check_general,train
aago lagyo bhukampa pachi,fire_incident_report,train
merobuwa lai badly injury bhayo,injury_report,train
बुबा लाई एम्बुलेन्स चाहियो छिटो,medical_emergency_request,train
धेरै धन्यवाद,goodbye_thanks,train
cannot move stuck under concrete malai???,trapped_debris_report,train
hamro area ma bijuli katti bhayo,power_outage_report,train
purabuilding dhalyo gaun ma,building_collapse_report,train
जाजरकोट माआगो लागेको छ,fire_incident_report,train
ghr ekdamm hallyo earthquake ho ki k ho,earthquake_occurring_report,train
mero saathi bhukampa pachi missing hunuhuncha plz,family_member_missing,train
भूकम्प भर्खरै आएको ह!ो!,earthquake_occurring_report,train
hmro ghar najik gas leakbhayo,gas_leak_report,train
जाजरकोट जानसकिँदैन सडक बन्द छ,road_blockage_report,train
gas leak bhyo,gas_leak_report,train
भूकम्पपछि के गर्ने है,status_check_general,train
aagoc hittai failira xa hamro area ma pls,fire_incident_report,train
my sistr did not come home yet,family_member_missing,train
earthquake preparedness tips please,preparedness_tips_query,train
धन्यवा दबहिनी छिटो,goodbye_thanks,train
गोर्खा माघ र भत्कियो!!,building_collapse_report,train
दिदी को लागि खाद्यान्न चाहियो,food_water_request,train
hamro area ma fir lagyo,fire_incident_report,train
emergency helpneeded,sos_help_request,train
searchingfor my brother in Lalitpur,family_member_missing,train
hlllo,greeting,train
मलाई तुरुन्तै के गर्ने भनेर भन्नुहोस् हजुर,status_check_general,train
shelter chaincha mero family ko lagi,shelter_request,train
जकोभन,fallback_unclear,train
lost contact with m ymother,family_member_missing,train
hurt my leg during earthquake asap,injury_report,train
where is the designated safe zone in Jajarkot,safe_location_query,train
earthquake go bag kasari prepare garne urgent pls,preparedness_tips_query,train
गोडा मर्केर हिँड्न सकिँन!!,injury_report,train
abhi ghar bhitar jana milxa ki,building_damage_check,train
found my grandfather at the rlief camp,family_reunification_status,train
दाजु भग्नावशेषमुनि थुनिनुभयो???,trapped_debris_report,train
bhukmpa ko jhatka aaile feel bhayo,earthquake_occurring_report,train
sos malai help chai,sos_help_request,train
evacuation ko lagi khulla thau kaha cha!!!,safe_location_query,train
hamro ghar najiikg as leak bhayo,gas_leak_report,train
khnaa ra pani sakiyo,food_water_request,train
ghar hallyo bhukamp ajasto,earthquake_occurring_report,train
found my fther at the relief camp pls,family_reunification_status,train
बुबा भग्नावशेषमुनि थुनिनुभयो,trapped_debris_report,train
ललितपुर मा दिदी लाई खोजिरहेको छु!!,family_member_missing,train
bihana dekhi mero aama bata khabar aina,family_member_missing,train
hii k hel pgarna saknu hunxa,greeting,train
my gradfather collapsed and not waking up,medical_emergency_request,train
what todo for a sprained ankle,first_aid_query,train
sfae place near me,safe_location_query,train
भक्तपुर माआगो िछट्टै फैलिँदैछ,fire_incident_report,train
पोखरामा आगो छिट्टै फैलिँदैछ,fire_incident_report,train
power outage in Kathmandu,power_outage_report,train
mero ghar lai earthquake safe kasari banaune pls,preparedness_tips_query,train
tourist police ko number dinu ohs,emergency_contact_request,train
process to report a family memberfound,family_reunification_status,train
मेरो घरलाई भूकम्प प्रतिरोधी कसरीबनाउने,preparedness_tips_query,train
medical emergency please help!!!,medical_emergency_request,train
गोर्खा मा घर भत्कियो!!,building_collapse_report,train
mero saathi haru ra kids ko lagi shelter chai,shelter_request,train
thankks,goodbye_thanks,train
सहयोगगर्नु होला,sos_help_request,train
ftershock kati samma rahanxa asap,aftershock_information_query,train
help me pls im scared pls,sos_help_request,train
दिदी सुरक्षित हुनुहुन्छ भनेर स्थिति अपडेट गर्न चाहन्छु प्लिज,family_reunification_status,train
child helpline number urgent pls,emergency_contact_request,train
my sister is nuconscious,medical_emergency_request,train
बचाउनुहोस्???,sos_help_request,train
ललितपुर मा घर भत्कियो,building_collapse_report,train
mero bhai debris muni thuniyo,trapped_debris_report,train
where is the nearest safe zone plz,safe_location_query,train
mero bhai unconscious hbayo,medical_emergency_request,train
मौसम कस्तो छ छिटो,fallback_unclear,train
नम्सतेजी,greeting,train
no clen water available here,food_water_request,train
thanks a lot plz,goodbye_thanks,train
themain road is blocked,road_blockage_report,train
wnt to update status that my grandfather is safe,family_reunification_status,train
immedite help chai xa,sos_help_request,train
शुभ प्रभात???,greeting,train
गोर्खा जान सकँिदैन सडक बन्द छ छिटो,road_blockage_report,train
13456,fallback_unclear,train
evacuation ko instructionsdinu hos,evacuation_guidance_query,train
काठमाडौं मा जोडदार धक्का महसुस भयो???,earthquake_occurring_report,train
blah blah blah,fallback_unclear,train
सडकचिरा परेर जान सकिँदैन,road_blockage_report,train
heart attacksymptoms need doctor,medical_emergency_request,train
aftershock katistrong huncha,aftershock_information_query,train
pani ko supply ban dbhayo pani chai asap,food_water_request,train
stuck undr a collapsed wall,trapped_debris_report,train
mero saathi lai ammbulance chai urgent,medical_emergency_request,train
bhina dekhi mero buwa bata khabar xaina,family_member_missing,train
छोरा अझै घर आउनुभएको छैन!!,family_member_missing,train
koi vne help gara na,sos_help_request,train
kitchen ma aago agyo bhukampa ko bela,fire_incident_report,train
hy htere,greeting,train
how longd o aftershocks continue,aftershock_information_query,train
हाम्रो क्षेत्रमाबिजुली कटौती भयो,power_outage_report,train
hami abhi evacuate garnu parxa ki urgent pls,evacuation_guidance_query,train
the main road is blocked,road_blockage_report,train
hamro area ma power line khaseko cha,power_outage_report,train
reeleif camp ma mero bhai bhetiyo,family_reunification_status,train
ago chittai ailira xa Kathmandu ma,fire_incident_report,train
aftershock kat istrong huncha,aftershock_information_query,train
भूकम्प अघिक े के तयार राख्ने,preparedness_tips_query,train
आपतकलाीन किटमा के के हुनुपर्छ छिटो,preparedness_tips_query,train
काठमाडौं मा जोडदार धकक्ा महसुस भयो,earthquake_occurring_report,train
mero saathi pinned under debris mlaai help chai,trapped_debris_report,train
पोखरा नजिक पहिरोले सडक बन्द भयो छिटो,road_blockage_report,train
शुभ साँझ है,greeting,train
wha'ts your favorite food plz,fallback_unclear,train
दिदी र बालबालिकाका लागि आश्रय चाहियो,shelter_request,train
have no theard from my brother since morning plz,family_member_missing,train
mero aama unconscious bayo,medical_emergency_request,train
apartment block collapsed nearby,building_collapse_report,train
plese rescue me mlai help chai,sos_help_request,train
ठिकै छ छोड्नुहोस्,goodbye_thanks,train
acnnot move stuck under conccrete malai,trapped_debris_report,train
bihana dekhi mero didi btaa khabra xaina,family_member_missing,train
दाजु लाई गम्भीरचोट लागेको छ,injury_report,train
नजिकैको सुरक्षित भेल ाहुने ठाउँ!!,safe_location_query,train
सहयोग चाहिय?ो??,sos_help_request,train
ललितपुर मा आगो छिट्टै फैलँिदैछ छिटो,fire_incident_report,train
what to do during evacuation,evacuation_guidance_query,train
do we need to evacuate immediately now,evacuation_guidance_query,train
छत खसेर दिदी थुनिनुभयो हजुर,trapped_debris_report,train
मेरो घरलाईभूकम्प प्रतिरोधी कसरी बनाउने,preparedness_tips_query,train
wall bhatkiyo roadma,building_collapse_report,train
भत्किएको घरभित्र फसेको छु छिटो,trapped_debris_report,train
hlp hellp,sos_help_request,train
भूकम्प ५मिनेट अगाडि आएको हो,earthquake_occurring_report,train
my grandmother is unconscious pls,medical_emergency_request,train
national emergency operation center number,emergency_contact_request,train
मद्दत चाहियो,sos_help_request,train
najikko relief camp kaha cha,shelter_request,train
पोखरा मा बिजुली गएको छ,power_outage_report,train
मौसम कस्तो छ,fallback_unclear,train
my son is stuck underthe roof,trapped_debris_report,train
अहिले मैले के गर्ुनपर्छ!!,status_check_general,train
mero didi ko phone lagdaina bhukampa dehki,family_member_missing,train
electrical fire lagyo plz,fire_incident_report,train
mero aama buwa ra ids ko lagi shelter chai,shelter_request,train
budo budi snga kasari evacuaet garne,evacuation_guidance_query,train
mero sathi debris munni thuniyo,trapped_debris_report,train
गर्भवती महिलालाई उपचार चाहियो है,medical_emergency_request,train
we just felt an earthquakein Bhaktapur,earthquake_occurring_report,train
भग्नावशेष खसेर टाउकोमा चोट लाग्यो,injury_report,train
पराकम्पकति समयसमम् रहन्छ,aftershock_information_query,train
entire building came down in Bhaktapur,building_collapse_report,train
ललितपुर नजिकपहिरोले सडक बन्द भयो,road_blockage_report,train
mreo buwa unconscoius bhayo,medical_emergency_request,train
najikai ko apartmentbhaktiyo,building_collapse_report,train
my mother is trappe under debris,trapped_debris_report,train
नजिकै कुनै राहत शिविर छ कि है,shelter_request,train
sas pherna sakeko xxaina kio,medical_emergency_request,train
power outge in Pokhara,power_outage_report,train
भूकम्पदेखि बिजुली छैन,power_outage_report,train
hurt my leg during earthquake,injury_report,train
najikai ko safe zonee kaha cha,safe_location_query,train
दिदी सुरक्षित हुनुहुन्छ भनेर स्थिति अपडेट गर्न चाहन्छु,family_reunification_status,train
kitchen maa ago lagyo bhukampa ko bela,fire_incident_report,train
भर्खरै भूक्मप आयो,earthquake_occurring_report,train
touurist police number please,emergency_contact_request,train
is it safe to sleep indoors after aftershocks pls,aftershock_information_query,train
mero aama sanga abhi reunite bhayo,family_reunification_status,train
कोही सास फेर्न सकिरहेको छैन प्लिज,medical_emergency_request,train
खाना र पानी सकियो,food_water_request,train
our house is unsafe need shelter,shelter_request,train
aago lagyo bhukamppa pachi,fire_incident_report,train
गोर्खा मा जोडदार धक्का महसुस भयो,earthquake_occurring_report,train
mero ama safe cha vanera status update garnaman xa,family_reunification_status,train
tell me a joke,fallback_unclear,train
ran out of food and water now,food_water_request,train
hamro area jana sakidaina road band cha now,road_blockage_report,train
hello daimalai kehi sodhnu thiyo,greeting,train
हजुरबुबा लाई गम्भीर चोटलागेको छ,injury_report,train
हजुरआमा को बेपत्ता व्यक्ति रिपोर्ट प्लिज,family_member_missing,train
fire brigade contatc number,emergency_contact_request,train
पोखरा माघर भत्कियो,building_collapse_report,train
mauusam kasto cha,fallback_unclear,train
अहिले भूकम्पगयो,earthquake_occurring_report,train
raagat bagna roknu ko upaya k ho plz,first_aid_query,train
cannot reach Pokhara roadi s closed,road_blockage_report,train
k oh yo bot,fallback_unclear,train
mero saathi pinned under debris mlaai help hcai,trapped_debris_report,train
wall ma thulo crack cha evacuate garne ki pls,building_damage_check,train
critical patient needs ambulance now,medical_emergency_request,train
आपतकालीन सम्पर्क नम्बरहरूको सूची हजुर,emergency_contact_request,train
नमस्तेजी,greeting,train
earthquake agadi k k ready rakhne,preparedness_tips_query,train
गीत गउान सक्छौ,fallback_unclear,train
जाजरकोट नजिकको पुल भत्कियो हजुर,road_blockage_report,train
के छ त!!,greeting,train
emregency kit ma k k hunu parxa,preparedness_tips_query,train
mero family ra kids ko lagi shelter chhai,shelter_request,train
mero bhai bhukampa pachi missing hunuhuncha,family_member_missing,train
kitchen gs leakingg badly,gas_leak_report,train
के रपाकम्प आउनेछ,aftershock_information_query,train
mero ghar ma crack aayo safe chaki,building_damage_check,train
mero aama sagna abhi reunite bhayo,family_reunification_status,train
Kthmandu ma safe zone kahha cha,safe_location_query,train
hamro area ko lagi evacutaion plan???,evacuation_guidance_query,train
tent camp ko location chai!!!,shelter_request,train
अहिले आमा सँगभ ेटभयो,family_reunification_status,train
ललितपुर नजिकप हिरोले सडक बन्द भयो हजुर,road_blockage_report,train
big bhukampajasto lagyo,earthquake_occurring_report,train
electricity cut off in our area asap,power_outage_report,train
नजिकैको खाद्य वितरण स्थल प्लिज,food_water_request,train
my granfather is unconscious,medical_emergency_request,train
mero bhai sanga ocntact tutyo,family_member_missing,train
pinned uder debris,trapped_debris_report,train
gas leak near Pokhaa,gas_leak_report,train
bihana dekhi mero buwa bata khabar xaina,family_member_missing,train
पोखर ामा घर भत्कियो,building_collapse_report,train
ok thanks bye plz,goodbye_thanks,train
malai nikalnu hos thuniyeko xu urgent pls,trapped_debris_report,train
hey bhauju k cha,greeting,train
earthquake preparedness kotips dinu hos,preparedness_tips_query,train
how to treat a cut wound,first_aid_query,train
ran out of food and water,food_water_request,train
sprai nbhayeko khutta ko lagi k garne,first_aid_query,train
गोर्खा मा घर भत्कियो प्लिज,building_collapse_report,train
power outage in Gorkha,power_outage_report,train
my grandfatheri s nuconscious,medical_emergency_request,train
what's your favorite food plz,fallback_unclear,train
hamro area ma safe zone kaha cha pls,safe_location_query,train
water supply cut off need water,food_water_request,train
gharbhatkiyo Kathmandu ma,building_collapse_report,train
भूकम्पदेखि हजुरबुबा बेपत्ता हुनुभएको छ,family_member_missing,train
bridge collpsednear Jajarkot,road_blockage_report,train
building collapsed in ajarkot,building_collapse_report,train
अर्को चरणहरू भन्नुहोस् छिटो,status_check_general,train
जाजरकोट मा जोडदार धक्का महसुस भयो छिटो,earthquake_occurring_report,train
my sister is unconscious,medical_emergency_request,train
need help psl,sos_help_request,train
mero bhai lai ambulance chai ugent,medical_emergency_request,train
पर्खालमा ठूला चिरा छन् बाहिरिनु पर्छ कि छिटो,building_damage_check,train
hamro area ko lagi aftershock warning urgent pls,aftershock_information_query,train
taauko bata aragat bagira xa,injury_report,train
pregnant lady lai emergency care chai,medical_emergency_request,train
काठमाडौं नजिक पहिरोले सडकबन्द भयो,road_blockage_report,train
hey bot ka  halkhabar,greeting,train
steps to evacuate the building pls,evacuation_guidance_query,train
what is theevacuation route,evacuation_guidance_query,train
building on fire near Kathmandu plz,fire_incident_report,train
फर्निचरलाई खस्नबाट कसरी सुरक्षित गर्ने,preparedness_tips_query,train
what to keep ready before an earthuqake,preparedness_tips_query,train
my grndmohter is stuck under the roof,trapped_debris_report,train
safe place kaha xa near Pokhara,safe_location_query,train
उद्धारकालागि कहाँ फोन गर्ने,emergency_contact_request,train
strong gas smell in the building,gas_leak_report,train
आमा र बालबालिकाका लागि आश्रय चाहियो छिटो,shelter_request,train
rescue chai x ma thuniyeko xu,trapped_debris_report,train
"danyabad, bye bye",goodbye_thanks,train
how do i know if my buildign is safe help,building_damage_check,train
aago chittai failira xa hamro area ma plz,fire_incident_report,train
power lines down in Jjaarkot,power_outage_report,train
how to stop bleeding asap,first_aid_query,train
saaf khane pani urgent chi,food_water_request,train
काठमाडौं जान सकिँदैन सडक बन्द छ,road_blockage_report,train
जाजरकोट जानसिकँदैन सडक बन्द छ,road_blockage_report,train
मलाई मद्दत चाहियो,sos_help_request,train
Kathmandu ko lagi aftershock warning!!!,aftershock_information_query,train
Kathmandu ko lagi evaccuation plan,evacuation_guidance_query,train
आमा लाई एम्बुलेन्स ाचहियो छिटो???,medical_emergency_request,train
school najik ma firee lagyo,fire_incident_report,train
need food supplies for familly,food_water_request,train
जाजरकोट मा भूकम्प गोय,earthquake_occurring_report,train
strong tremor bhukampa jasto???,earthquake_occurring_report,train
gha pura bhatkiyo,building_collapse_report,train
mero mama ko phone lagdaina bhukampa dekhi!!!,family_member_missing,train
my father fell and hurt back,injury_report,train
दुई दिनदेखि बिजुली छैन,power_outage_report,train
purabuilding dhalyo gaun am,building_collapse_report,train
ghar hatkiyo gaun ma,building_collapse_report,train
heyre you the earthquake bot,greeting,train
aftershock warning for Gorkha,aftershock_information_query,train
sos sos heelp,sos_help_request,train
please rescue me malai help chai,sos_help_request,train
के पराकम्प आउनेछ,aftershock_information_query,train
help ls,sos_help_request,train
नजिकैको सुरक्षित ठाउँ कहाँ छ हजुर,safe_location_query,train
mero buwa debris muni thuniyo pls,trapped_debris_report,train
ललितपुर मा तोकिएकोसुरक्षित क्षेत्र कहाँ छ,safe_location_query,train
Kathmandu kolagi evacuation plan,evacuation_guidance_query,train
धन्यवादबुवा,goodbye_thanks,train
power lines down in Gorka,power_outage_report,train
mnior injury on hand,injury_report,train
गोर्खा मा जोडदार धक्का महसुस भयो,earthquake_occurring_report,train
एकदमध्नयवाद,goodbye_thanks,train
reunited with my grandmothernow,family_reunification_status,train
critical patient needs ambulancee now,medical_emergency_request,train
school najik ma firelagyo,fire_incident_report,train
ghar bhatkiyo hamr oarea ma,building_collapse_report,train
please help garnu bhai urgent pls,sos_help_request,train
wall hkaseko le mero saathi lai thiichyo,trapped_debris_report,train
do we need to evacuate immediately,evacuation_guidance_query,train
bhukampa report garna mman xa mero ghar njaik ma,earthquake_occurring_report,train
"we are stuck inside, walls collapsed",trapped_debris_report,train
mero saathi debris munni thuniyo,trapped_debris_report,train
ghau ma bandage kasari agrne,first_aid_query,train
my mother is missing since the earthquake,family_member_missing,train
mero buwa ko phone lagdaina bhukampa dekhi,family_member_missing,train
ललितपुर नजकिैको घरमा आगोलागेको छ,fire_incident_report,train
"namaste, are you there help",greeting,train
what should i do now asap,status_check_general,train
want to update satus that my grandfather is safe,family_reunification_status,train
mero bhai lai badly injury bhayo,injury_report,train
bb yformula ra pani chai,food_water_request,train
where is the designated safe zone in Bhaktapur now,safe_location_query,train
tst,fallback_unclear,train
how many fatershocks are expected,aftershock_information_query,train
is it safe to sleep indoors after ftershocks,aftershock_information_query,train
need ration for my father,food_water_request,train
just testnig 1223,fallback_unclear,train
mero aama lai ambulance chai urgent,medical_emergency_request,train
my grandmother having chestpain,medical_emergency_request,train
बिजुली कहिले आउँछ,power_outage_report,train
भूकम्पपछि हजुरबुबा लाईभेट्टाउन सकिएको छैन,family_member_missing,train
hijo dekhi khana xaina,food_water_request,train
काठमाडौं मा जोडदार धक्का महसुस भयो,earthquake_occurring_report,train
howstrong will ftershocks be,aftershock_information_query,train
भक्तपुर नजिककोपुल भत्कियो,road_blockage_report,train
बिुजली कहिले आउँछ है,power_outage_report,train
सी पी आर कसरी गर्ने छिटो,first_aid_query,train
नजिकैको सुरक्षित भेला हुने ठाउँ!!,safe_location_query,train
छोरभाग्नावशेषमुनि थुनिनुभयो,trapped_debris_report,train
सफाखानेापनी तुरुन्तै चाहियो,food_water_request,train
the main roadis blocekd,road_blockage_report,train
बुबा भग्नावशेषमुनिथुनिनुभयो,trapped_debris_report,train
जाजरकोट मा तोकिएको सुरक्षित क्षेत्र कहाँछ,safe_location_query,train
अहिले मैले के कदम चाल्ने,status_check_general,train
सहयोग गर्नु न प्लिज,sos_help_request,train
earthquake preparedness ko tips din uhos,preparedness_tips_query,train
rod blocked by landslide near Pokhara now,road_blockage_report,train
2 din dekhi bijuli xaina,power_outage_report,train
landslide blocking the only rooad out,road_blockage_report,train
बिहानदेिख दिदी बाट कुनै खबर छैन प्लिज,family_member_missing,train
hi malai chahiyo help,greeting,train
hello dai k cha khabar help,greeting,train
gharp ura bhatkiyo,building_collapse_report,train
fire broke out afterthe earthquake,fire_incident_report,train
is my apartmnt structurally safe now,building_damage_check,train
gas leak in the house pls,gas_leak_report,train
no clean water available here???,food_water_request,train
mero khutt ma chotlagyo,injury_report,train
mero gar ma ambulance patau na,medical_emergency_request,train
building collapsed in Ktahmandu,building_collapse_report,train
mero bbhai ghar aaunu bhako xaina ahile samma,family_member_missing,train
merosaathi unconscious bhayo,medical_emergency_request,train
मद्दत गर्नुहसो् है???,sos_help_request,train
mero didi bhhukampa pachi missing hunuhuncha,family_member_missing,train
disasterreporting hotline,emergency_contact_request,train
thank you ery much,goodbye_thanks,train
tourist police koo number dinu hos,emergency_contact_request,train
भूकम्पपछि सडकक्षतिग्रस्त भयो,road_blockage_report,train
आमासुकर्षित हुनुहुन्छ भनेर स्थिति अपडेट गर्न चाहन्छु,family_reunification_status,train
my father having chest pain pls,medical_emergency_request,train
my sister collapsed adn not waking up,medical_emergency_request,train
whee should i go for safety,safe_location_query,train
ghr collapse bhayo hamib hitra fasyou,trapped_debris_report,train
brokenarm need help,injury_report,train
ok thanks bye is m ajaanchu,goodbye_thanks,train
landslide blocking the only road out,road_blockage_report,train
aftershock warning fr Pokhara,aftershock_information_query,train
building ma fire xa school najik najik asap,fire_incident_report,train
bhukmpa gayo mero ghar najik ma,earthquake_occurring_report,train
भवन अलिकतिढल्किएको छ खरता छ कि,building_damage_check,train
helol sir,greeting,train
found my brother at the relief camp pls,family_reunification_status,train
what,fallback_unclear,train
दाजु अझै रघआउनुभएको छैन,family_member_missing,train
काठमाडौं मा जोडदार ध्कका महसुस भयो???,earthquake_occurring_report,train
केम अहिले घरभित्र फर्कन सक्छु,building_damage_check,train
cannot reachBhaktapur road is closed,road_blockage_report,train
गोर्खा नजिक ग्यास चुहावट भयो!!,gas_leak_report,train
wall ma thulo crcak cha evacuate garne ki,building_damage_check,train
malai bachau please,sos_help_request,train
hey bot k a halkhabar,greeting,train
पानीको आपूर्ति बन्द भयो पनाी चाहियो!!,food_water_request,train
मलाई थाहा ैछनके गर्ने,status_check_general,train
काठमाडौं नजिकैको घरमा आगो लागेक ोछ???,fire_incident_report,train
need ration for my mother asap,food_water_request,train
nepal red cross helpline nummber,emergency_contact_request,train
displaced nede a place to stay,shelter_request,train
bhukampa pachi mero mama laibhettauna sakina,family_member_missing,train
बहिनीनमस्ते,greeting,train
hey are youthe earthquake bot,greeting,train
hami abhi evacuate garun parxa ki,evacuation_guidance_query,train
ghar bhitra farkana milxa ki pls,building_damage_check,train
यो भूकम्प हो कि,earthquake_occurring_report,train
yaha saaf panix aina,food_water_request,train
gas stove caused fire,fire_incident_report,train
meroaama lai safely locate garya,family_reunification_status,train
सी पी आर कसरी गर्ने छिटो,first_aid_query,train
भूकम्प गयो???,earthquake_occurring_report,train
greetings,greeting,train
wll ma crack dekhiyo,building_damage_check,train
seend help,sos_help_request,train
नमस्ते बुवा,greeting,train
भूकम्पदेखि छोरी बेपत्ता हुनुभएको छ प्लिज,family_member_missing,train
भूकम्पपछि चिरा देखा पर्यो!!,building_damage_check,train
no house to stay need shelter urgently,shelter_request,train
police emergency number please!!!,emergency_contact_request,train
sos mlai help chai urgent pls,sos_help_request,train
भग्नावशेष खसेर टाउकोमा चोटलाग्यो,injury_report,train
मलाई थाहा छैन के गर्ने,status_check_general,train
mero aama safe chaa vanera status update garna man xa,family_reunification_status,train
first id for a broken arm,first_aid_query,train
काठमाडौं को लागि निकासा योजना,evacuation_guidance_query,train
hi bot,greeting,train
safe place kaha xa near Lalitpur pls,safe_location_query,train
कसैले सहयोग गर्नुहोस्,sos_help_request,train
small fire in the kitchen,fire_incident_report,train
सफा खानेपानीतुरुन्तै चाहियो,food_water_request,train
strong gassmell xa building ma,gas_leak_report,train
my sister flel and hurt back,injury_report,train
building ma fire xa school najik najik urgent pls,fire_incident_report,train
हजुरबुबा भग्नावशेषमुनि थुनिनुभयो,trapped_debris_report,train
सहयोगको लागि धन्यवाद प्लिज,goodbye_thanks,train
काठमाडौं मा भूकम्पगयो,earthquake_occurring_report,train
no electricity since the eartqhuake,power_outage_report,train
bhukmpa report garna man xa Pokhara ma,earthquake_occurring_report,train
abhi ghar bhitra ajna milxa ki,building_damage_check,train
आपतकालीन सम्पर्क नम्बरहरूको सूची,emergency_contact_request,train
my grandmother has eben located safely,family_reunification_status,train
नमस्तेजी,greeting,train
पराकम्पको जानकारीदिनुहोस्,aftershock_information_query,train
धेरैधन्यवाद,goodbye_thanks,train
मनस्ते जी है,greeting,train
आमा लाई गम्भीरचोट लागेको छ,injury_report,train
विस्थापितहरूलाई बस्नेठाँउ चाहिन्छ,shelter_request,train
Kathmandu najik gas leakbhayo,gas_leak_report,train
building bata bahira niisknae safest tarika,evacuation_guidance_query,train
mero aama lai chest ma dukheko xa,medical_emergency_request,train
म र छोरी थुनिएका छौं!!,trapped_debris_report,train
earthquake in Bhaktapur now,earthquake_occurring_report,train
aago lagyo bhukampa pachi pls,fire_incident_report,train
धन्यवादहुजर,goodbye_thanks,train
shelter needde for my fahter and kids,shelter_request,train
sos malai help chai urgent pls,sos_help_request,train
मेडिकल इमर्जेन्सी छ मद्दत गर्नुहोस्,medical_emergency_request,train
fires preading fast in Kathmandu!!!,fire_incident_report,train
भूकम्पमा छत खस्यो,building_collapse_report,train
भक्तपुर मा जोडदार धक्का महसुस भयो,earthquake_occurring_report,train
thanks a lot bahi,goodbye_thanks,train
burned myahnd slightly,injury_report,train
earthquake hit Pokhara just now,earthquake_occurring_report,train
मरेो घरमा चिरा परेको छ सुरक्षित छ कि छैन,building_damage_check,train
medical help needed urgently now,medical_emergency_request,train
hh,fallback_unclear,train
यो भूकम्पसँगसम्बन्धित छैन,fallback_unclear,train
no electricity since theearthquake,power_outage_report,train
hostel najik gas leak bhayo!!!,gas_leak_report,train
mero aama lai safely locateg arya,family_reunification_status,train
काठमाडौं को लागि निकासा योजना छिटो,evacuation_guidance_query,train
aago chittai failira xa bazaa rma,fire_incident_report,train
my daughter is traapped under debris,trapped_debris_report,train
hi???,greeting,train
दाजु र बालबालिकाकालागि आश्रय चाहियो,shelter_request,train
काठमाडौंमा भूकम्प गयो,earthquake_occurring_report,train
हजुरआमाको बेपत्ता व्यक्ति रिपोर्ट,family_member_missing,train
heelp help,sos_help_request,train
process to report  family member found,family_reunification_status,train
nearest open ground ofr veacuation,safe_location_query,train
kitchen ma gaas dherai chuhira xa,gas_leak_report,train
wht should i do right now,status_check_general,train
my father phone not reachable since quake,family_member_missing,train
powe rlines down in Kathmandu,power_outage_report,train
सडकमा पर्खाल भत्कियो छटिो,building_collapse_report,train
म र हजुरआमा थुनिएका छौं है,trapped_debris_report,train
हजुरआमा सँग सम्रप्क टुटेको छ???,family_member_missing,train
road block bhayo landslide le hamro aarea najik,road_blockage_report,train
mero mama ko phone lagdaina bhkuampa dekhi???,family_member_missing,train
भूकम्पको धक्का महसुस भयो,earthquake_occurring_report,train
म र दाजु थुनिएकाछौं,trapped_debris_report,train
अनि,fallback_unclear,train
भूकम्पदेखि बिजुलीछैन,power_outage_report,train
yo bhukampa sanga erlated xaina,fallback_unclear,train
njikai ko apartment bhatkiyo now,building_collapse_report,train
ghau ma bandage kasai garne,first_aid_query,train
नमस्ेत बहिनी,greeting,train
koi vane help gara na,sos_help_request,train
हाम्रो घर पूर्ण रूपमा भत्कियो,building_collapse_report,train
how to make my house earthquake safe,preparedness_tips_query,train
aftershock warning for Lalitpur,aftershock_information_query,train
bridge collapsed near Lalitpur plz,road_blockage_report,train
भूकम्प अघि के के तयार राख्ने!!,preparedness_tips_query,train
my fther phone not reachable since quake,family_member_missing,train
there is  fire in Pokhara pls,fire_incident_report,train
gas ko smell airaxa bhukampa pachi,gas_leak_report,train
arko bhukampa aaunxa ki???,aftershock_information_query,train
help asap malai dheraidar lagyo,sos_help_request,train
what is hte ambulance number,emergency_contact_request,train
frist aid for a broken arm,first_aid_query,train
my grandmother fell and hur tback,injury_report,train
thank you very much,goodbye_thanks,train
सहयोग हजुर,sos_help_request,train
mero aama ghar aaunu bhako xaina ahile samma now,family_member_missing,train
छिटो मद्दत चाहियो है,sos_help_request,train
medical help needed urgently,medical_emergency_request,train
भक्तपुर को लागि निकासा योजना हजुर,evacuation_guidance_query,train
abhi ghar bhitra jana milxaa ki,building_damage_check,train
mero saathi bhukapa pachi missing hunuhuncha,family_member_missing,train
हजुरआमा सुरक्षित हुनुहुन्छ भनेर स्थिति अपडेट गर्नचाहन्छु,family_reunification_status,train
wall bhatkiyo road ma,building_collapse_report,train
bridge collapsed near Pokhara???,road_blockage_report,train
अहिले हजुरबुबा सँग भेट भयो,family_reunification_status,train
काठमाडौं मा तोकिएको सुरक्षित क्षेत्र कहाँछ,safe_location_query,train
mero ama pinned under debris malia help chai,trapped_debris_report,train
thanks yestohelpful huncha,goodbye_thanks,train
दिदी लाई सुरक्षित फेला परेको छ,family_reunification_status,train
पोखरा मा घर भत्कियो,building_collapse_report,train
बुबा को लागि खाद्यान्न चाहियो,food_water_request,train
parmtent block collapsed nearby,building_collapse_report,train
sombody help,sos_help_request,train
any reliefc amp naerby,shelter_request,train
gaun jana sakidaina road band cha,road_blockage_report,train
namaste ma euta prashna sodhna chahanchu!!!,greeting,train
pleases omeone help,sos_help_request,train
safeplace kaha xa near Gorkha,safe_location_query,train
परिवारको लागि खाद्य सामग्री चाहिोय!!,food_water_request,train
asdf urgent pls,fallback_unclear,train
bhukmpa report garna man xa ahmro area ma,earthquake_occurring_report,train
my grandmother has a deep wound,injury_report,train
जाजरकोटमा बिजलुी गएको छ,power_outage_report,train
ftershock warning for Bhaktapur help,aftershock_information_query,train
धन्यवाद हजुर,goodbye_thanks,train
राहत शिविरमा बुबा भेटियो,family_reunification_status,train
"dhanyaabd, that helped a lot",goodbye_thanks,train
उद्धार टोली चाहियो थुनिएको छु हजुर,trapped_debris_report,train
gaun najik ko pul bhtakiyo,road_blockage_report,train
छत खेसर छोरा थुनिनुभयो,trapped_debris_report,train
साथी नमस्ते,greeting,train
help pls,sos_help_request,train
najikai ko apartment bhatkiyo,building_collapse_report,train
छोरा अझै घर आउनुभएको छैन???,family_member_missing,train
found my brother at the relief cap,family_reunification_status,train
hllo dai k cha khabar,greeting,train
भक्तपुर नजिकैको घरमा आगो लागेको छ,fire_incident_report,train
thanks bro ekdamramro jankari,goodbye_thanks,train
ghar baliraxa fire brigade chai,fire_incident_report,train
mero khutta ma chotlagyo,injury_report,train
टाउकोबाट रगत बगिरहेको छ,injury_report,train
much ppreciated,goodbye_thanks,train
cannot reach Jajarkot road is closed,road_blockage_report,train
wll khaseko le mero bai lai thichyo,trapped_debris_report,train
acnnot find my son after thequake,family_member_missing,train
wht to do after an earthquake,status_check_general,train
what's your favorite food,fallback_unclear,train
building tlited slightly is it dangerous,building_damage_check,train
सबैभन्दा नजिकको सुरक्षित क्षेत्र कहाँ छ,safe_location_query,train
परिवारपुनर्मिलन प्रक्रिया के हो,family_reunification_status,train
ubilding safe cha ki kasari thaha pauney,building_damage_check,train
no power for two days now,power_outage_report,train
lost contact with my brother,family_member_missing,train
अहिले नै मद्दत चाहियो है,sos_help_request,train
mygrandmother has a deep wound,injury_report,train
mero didi ghar aaunu bhako xaina ahile samma,family_member_missing,train
bhetieko family member lai kasari register arne,family_reunification_status,train
काठमाडौंजान सिकँदैन सडक बन्द छ,road_blockage_report,train
hlello,greeting,train
electtrical fire lagyo,fire_incident_report,train
someone fainted need medical help,medical_emergency_request,train
mero buwa lai safely locaet garya,family_reunification_status,train
रगत बग्नरोक्ने उपाय के हो,first_aid_query,train
chat khasyo bhukampa ma pls,building_collapse_report,train
विपद िरपोर्टिङहटलाइन,emergency_contact_request,train
have not heard from my father since morning???,family_member_missing,train
यति नै हो धन्यवाद!!,goodbye_thanks,train
mero didi debris mun thuniyo,trapped_debris_report,train
merobuwa sanga abhi reunite bhayo,family_reunification_status,train
आमासुरक्षित हुनुहुन्छ भनेर स्थिति अपडेट गर्न चाहन्छु,family_reunification_status,train
severe bleeding need medic urgent pls,medical_emergency_request,train
cannot move stuck underconcrete malai,trapped_debris_report,train
बुबा लाई एम्बुलेन्स चाहियोछिटो,medical_emergency_request,train
need ambulance at Gorkha now,medical_emergency_request,train
need food supplies for family,food_water_request,train
furnituer lai khasnu bata kasari secure garne,preparedness_tips_query,train
the house has completelyc ollapsed,building_collapse_report,train
nmaste can you help me,greeting,train
mero saathi unconscious bhayo,medical_emergency_request,train
आमा लाई छातीमा दुखाइ भइरहेकोछ,medical_emergency_request,train
दाजु र बालबालिकाका लागि आश्रय चाहियो!!,shelter_request,train
raagat bagna roknu ko upaya k ho,first_aid_query,train
missing eprson report for my mother,family_member_missing,train
helllo,greeting,train
नजिकैको सुरक्षित ठाउँ हकाँ छ है,safe_location_query,train
bye ake care,goodbye_thanks,train
गोर्खानजिक पहिरोले सडक बन्द भयो,road_blockage_report,train
strong gas smell xabuilding ma,gas_leak_report,train
mero buw ko phone lagdaina bhukampaa dekhi,family_member_missing,train
भक्तपुर को लागि निकासा योजना,evacuation_guidance_query,train
merodidi safe cha vanera status update garna man xa,family_reunification_status,train
गीतगाउन सक्छौ,fallback_unclear,train
mero ama pinned uner debris malai help chai,trapped_debris_report,train
evacuation koroute k oh,evacuation_guidance_query,train
घरमा भूकम्प तयारीको उत्तम अभ्यास के हो,preparedness_tips_query,train
gas stove le aago lgayo,fire_incident_report,train
ambulancechaincha malai,medical_emergency_request,train
cn anyone help,sos_help_request,train
काठमाडौं जान सकिँदैन सडकबन्द छ,road_blockage_report,train
दिदी लाई छातीमा दुखाइ भइरहेको छ,medical_emergency_request,train
poleko thau ko first aid,first_aid_query,train
thanks a lotb hai,goodbye_thanks,train
"namaste, areyou there",greeting,train
bhukampaa gayo Pokhara ma,earthquake_occurring_report,train
meroo family member safe bhetiyo,family_reunification_status,train
hamro areama bijuli katti bhayo,power_outage_report,train
काठमाडौं नजिकको पुल भत्कियो???,road_blockage_report,train
medical emergency cha help garnu,medical_emergency_request,train
ghar collapse bhayo hami bhitra fasyou,trapped_debris_report,train
2 dni dekhi bijuli xaina,power_outage_report,train
mero aama pinned under debris malai help chai urgent pls,trapped_debris_report,train
school building half bhatikyo,building_collapse_report,train
nearest openg round for evacuation,safe_location_query,train
hmmm,fallback_unclear,train
पोखरा मा तोकिएको सुरक्षित क्षेत्र कहाँ छ है,safe_location_query,train
gas leak near Bhaktapur,gas_leak_report,train
"dhanyabad, bye bye",goodbye_thanks,train
where can we take sheltter safely,safe_location_query,train
smell of gsa after earthqauke,gas_leak_report,train
mero bhi safe cha vanera status update garna man xa,family_reunification_status,train
lost contact with my brother plz,family_member_missing,train
k garne vanera guide garnuhos,status_check_general,train
हजुरनमस्ते,greeting,train
मद्दत गर्नुहोस् है प्लिज,sos_help_request,train
mero khutta ma chot lagyyo,injury_report,train
जाजरकोट मा तोकिएको सुरक्षित क्षेत्र कहाँ छ,safe_location_query,train
पोखरा मा बिजलुीको तार खसेको छ,power_outage_report,train
need drinking water asap,food_water_request,train
राहत शिविरमा हजुरबुबा भेटियो,family_reunification_status,train
malai kaha jana safe hunccha,safe_location_query,train
कुन खुल्ला ठाउँ भेला हुन सुरक्षित छ है,safe_location_query,train
coo lthaanks,goodbye_thanks,train
आपतकाली नसम्पर्क नम्बरहरूको सूची???,emergency_contact_request,train
दिदी लाई एम्बुलेन्स चाहियो छिटो,medical_emergency_request,train
hamro area ko algi evacuatoin plan,evacuation_guidance_query,train
हाम्रोक्षेत्रमा बिजुली कटौती भयो,power_outage_report,train
my mother is stuck under the roof,trapped_debris_report,train
relief camp ma merob hai bhetiyo,family_reunification_status,train
hamro ghar pura bhatkiyo pls,building_collapse_report,train
हजुरबुबा लडेरढाडमा चोट लाग्यो,injury_report,train
hello ji sanchai hunuhunccha,greeting,train
njikko relief camp kaha cha,shelter_request,train
earthquake hit Pokhara jst now,earthquake_occurring_report,train
how to plana family emergency meeting point,preparedness_tips_query,train
ankle sprain bhayo hidna sakina!!!,injury_report,train
next ssteps k ho bhannu hos,status_check_general,train
हेल्लो???,greeting,train
fire spreeding fast in Lalitpur,fire_incident_report,train
safe evacuationp oint near me,safe_location_query,train
ललितपुर मा आमा लाई खोजिरहेको छु,family_member_missing,train
hostel najik gas leak bhayo,gas_leak_report,train
child helpline number???,emergency_contact_request,train
राति बस्नपाल चाहियो,shelter_request,train
aftershock update pleaes,aftershock_information_query,train
merolai help chaincha,sos_help_request,train
गोर्खा जान सकिँदैन सडक बन्द छ,road_blockage_report,train
my fther needs ambulance urgently,medical_emergency_request,train
घरभरि ग्यासको गन्ध छ प्लिज,gas_leak_report,train
buildign mafire xa hamro area najik,fire_incident_report,train
big bhukampa jasto lagyo,earthquake_occurring_report,train
gr8 thanks,goodbye_thanks,train
mero ghr lai earthuake safe kasari banaune,preparedness_tips_query,train
खानेपानीचाहियो,food_water_request,train
no house to stay need shelterrugently,shelter_request,train
दिदी लाई छातीमाद ुखाइ भइरहेकोछ,medical_emergency_request,train
bhachiyeko haat ko first aid k ho,first_aid_query,train
mero buwa lai chest ma dukheko xa,medical_emergency_request,train
my father having chest pain,medical_emergency_request,train
school building half bhatkiyo,building_collapse_report,train
नजिकैको राहत शिविर कहाँ छ,shelter_request,train
where can we get tempoary shelter,shelter_request,train
cylinder bta gaschuhi raxa,gas_leak_report,train
ym father is injured badly???,injury_report,train
ftershock warning for Pokhara,aftershock_information_query,train
the house isshaking badly,earthquake_occurring_report,train
steps to evacuate the buillding,evacuation_guidance_query,train
electrical fire lagyo,fire_incident_report,train
हामीले अस्थायी आश्रय कहाँ पाउन सक्छौं,shelter_request,train
ghar hallyobhukampa jasto,earthquake_occurring_report,train
cananyone help,sos_help_request,train
building ma fire xa bazaar najik,fire_incident_report,train
अहिले हजुरआमा सँग भेट भयो,family_reunification_status,train
भक्तपुर नजिकैको घरमा आगो लागेको छ है,fire_incident_report,train
is this ane arthquake,earthquake_occurring_report,train
aftershoock kati samma rahanxa,aftershock_information_query,train
ahile ko sitution k ho,status_check_general,train
mero bhai lai baldy injury bhayo,injury_report,train
hamro area najik ko upl bhatkiyo,road_blockage_report,train
भूकम्पपछि दाजु लाई भेट्टाउन सकिएको छैन प्लिज,family_member_missing,train
rescue ko lagi kaha phone garne???,emergency_contact_request,train
काठमाडौं को लागि निकासा योजना छिटो,evacuation_guidance_query,train
2 din dekhi bijuli xaina???,power_outage_report,train
ghar ekdam hallyo earthquake ho ki k ho,earthquake_occurring_report,train
राहत शिविरमाबुबा भेटियो,family_reunification_status,train
जाजरकोट मा बिजुली गएको छ,power_outage_report,train
mero didi laibadly injury bhayo,injury_report,train
emergency contact numbers list,emergency_contact_request,train
is it safe to stay in this house,building_damage_check,train
mero didi debri smuni thuniyo,trapped_debris_report,train
काठमाडौं को लागि निकासा योनजा,evacuation_guidance_query,train
हजुरआमा सँग सम्पर्क टुटेको छ हजुर,family_member_missing,train
aago chittaifailira xa bazaar ma,fire_incident_report,train
wall batkiyo road ma,building_collapse_report,train
स्कूल भवन आंशिक रूपमा भत्कियो,building_collapse_report,train
relief camp ma mero aaa bhetiyo,family_reunification_status,train
विस्थापितहरूलाई बस्ने ठाउँ चाहिन्छ,shelter_request,train
koi cha help garne,sos_help_request,train
buildin ma fire xa bazaar najik,fire_incident_report,train
ललितपुर नजिकको पुल भत्कियो,road_blockage_report,train
help garnu na plz,sos_help_request,train
building ma fire xa hamro area najik,fire_incident_report,train
हाम्रो घर असुरक्षित छ आश्रय चाहियो प्लिज,shelter_request,train
how to plan a family emergency meeting point plz,preparedness_tips_query,train
दाजु लाई गम्भीर चोट लागेको छ,injury_report,train
my mother has been locateds afely,family_reunification_status,train
hamro area ma safe zone kaha cha,safe_location_query,train
thank u sir ali help bhayo,goodbye_thanks,train
इँटाखसेर लाग्यो,injury_report,train
good evening,greeting,train
earthquake in Bhaktpaur,earthquake_occurring_report,train
भूकम्पपछि ग्यासको गन्ध आइरहेको छ छिटो,gas_leak_report,train
smoke coming from the house now,fire_incident_report,train
roof caved in during the quake help,building_collapse_report,train
bhukapma aayo,earthquake_occurring_report,train
my brother collapsed and not waking up pls,medical_emergency_request,train
मद्दत गर्नुहोस् है प्लिज,sos_help_request,train
hamro ghar pura bhatkiyo,building_collapse_report,train
bhukampa pachicrack aayo,building_damage_check,train
बाल हेल्पलाइन नम्बर,emergency_contact_request,train
भूकम्पपछि आगलागी भयो,fire_incident_report,train
meero didi ko phone lagdaina bhukamap dekhi,family_member_missing,train
bhukampa gao mero ghar najik ma,earthquake_occurring_report,train
bhukampa gayo hamro arae ma,earthquake_occurring_report,train
electrical firre lagyo,fire_incident_report,train
scholo buildingpartially collapsed,building_collapse_report,train
mero didi lai dee pwound xa,injury_report,train
brick khaseko le lagyo,injury_report,train
mainn road band cha,road_blockage_report,train
which open are ais safe to gather,safe_location_query,train
दिदी लाई छातीमा दुखाइ भइरहेकोछ,medical_emergency_request,train
नेपाल रेडक्रसको हेल्पलाइन नम्बर!!,emergency_contact_request,train
बच्चाको लागि फर्मुला र पानी चाहियो,food_water_request,train
which open area is saf teo gather,safe_location_query,train
haat bhachiyo help chai help,injury_report,train
random type gardai xu,fallback_unclear,train
hlo,greeting,train
bhukmpa report garna man xa mero ghar najik ma,earthquake_occurring_report,train
rescue ko lagi kaha phone garne,emergency_contact_request,train
road damaged after earthquake,road_blockage_report,train
gas leak near oGrkha,gas_leak_report,train
whho inspects building safety after earthquake,building_damage_check,train
mero ghar ma crack aayo safe cha ki,building_damage_check,train
Kathmandu ko lagi aftershock warning,aftershock_information_query,train
ok got it thanks pls,goodbye_thanks,train
धन्यवादबुवा,goodbye_thanks,train
mero saathi lai deep woun dxa asap,injury_report,train
के हामी अहिले नै निकासा गर्नुपर्छ,evacuation_guidance_query,train
waht,fallback_unclear,train
najik ko reliefcamp kaha cha,shelter_request,train
जनिकैको खाद्य वितरणस्थल,food_water_request,train
tent camp location needed,shelter_request,train
safe place kahacha,safe_location_query,train
process to report a family member found,family_reunification_status,train
malai kahaajna safe huncha,safe_location_query,train
आमा सँग सम्पर्क टुटेको छ,family_member_missing,train
म र हजुरबुबा थुनिएका छौं???,trapped_debris_report,train
gas lea knearBhaktapur,gas_leak_report,train
my father is injured baldy,injury_report,train
hmm,fallback_unclear,train
gs ko smell airaxa bhukampa pachi,gas_leak_report,train
नजिकैको खाद्य वितरणस्थल,food_water_request,train
adf,fallback_unclear,train
आज राति थप धक्का आउन सक्छ कि,aftershock_information_query,train
raati bsna tent chai,shelter_request,train
सिलिन्डरबाट ग्यास चुहिँदैछ???,gas_leak_report,train
काठमाडौं नजिकैको घरमा आगो लागेको छ???,fire_incident_report,train
entire building came downin Kathmandu,building_collapse_report,train
help pls ma dherai frihgt ma xu,sos_help_request,train
भवनबाट निकासा गर्ने चणरहरू,evacuation_guidance_query,train
fire spreading fast in BBhaktapur,fire_incident_report,train
पोखरा निजकैको घरमा आगो लागेको छ,fire_incident_report,train
evacuation plan for Pokhara plz,evacuation_guidance_query,train
hami kaha shelter linna sakxam safely,safe_location_query,validation
ntional emergency peration center number,emergency_contact_request,validation
appreciat eit,goodbye_thanks,validation
"can't move, trapped under concrete",trapped_debris_report,validation
meroaama lai ambulance chai urgent,medical_emergency_request,validation
which open area is saf eto gather,safe_location_query,validation
how ot help someone who fainted,first_aid_query,validation
पोखरा नजिक ग्यास चुहावट भयो,gas_leak_report,validation
food distribution point najik cha ki now,food_water_request,validation
काठमाडौं मा बजिुली गएको छ,power_outage_report,validation
family ko lagi food supply cahi,food_water_request,validation
भान्सामा सानो आगो लागेको छ!!,fire_incident_report,validation
काठमाडौं कोलागि पराकम्प चेतावनी,aftershock_information_query,validation
mero bhai lai deep woound xa,injury_report,validation
hmro ghar najiik gas leak bhayo,gas_leak_report,validation
please rescueme malai help chai,sos_help_request,validation
ehy there now,greeting,validation
ललितपुर मा जोडदार धक्का महसुस भयो!!,earthquake_occurring_report,validation
"namatse bot,are u online",greeting,validation
hi bhai kasto cha???,greeting,validation
पोखरा मा जोडदारध क्का महसुस भयो,earthquake_occurring_report,validation
power outgae in Bhaktapur,power_outage_report,validation
123456 pls,fallback_unclear,validation
अहिले भूकम्प गयो,earthquake_occurring_report,validation
भक्तपुर नजिक ग्यास चुहावट भयो,gas_leak_report,validation
सुप्रभात,greeting,validation
mero didi lai safely locate garya,family_reunification_status,validation
schoool building half bhatkiyo,building_collapse_report,validation
जाजरकोट मा आगोलागेको छ,fire_incident_report,validation
हजुरबुबाबहेोस हुनुभयो,medical_emergency_request,validation
doctor chai ax abhi nai,medical_emergency_request,validation
building collapsed in Gorkha,building_collapse_report,validation
kasari safely evacuate garne now,evacuation_guidance_query,validation
kun khulla thau safe cha gather garna pls,safe_location_query,validation
bhukampa gayomero ghar najik ma,earthquake_occurring_report,validation
mero buwa la ichest ma dukhekox a,medical_emergency_request,validation
awll m acrack dekhiyo,building_damage_check,validation
भूकम्पपछि ग्यासको गन्ध आइरहेको छ???,gas_leak_report,validation
tourist police konumber dinu hos,emergency_contact_request,validation
found my grandmother at hte relief camp,family_reunification_status,validation
सहयोग चाहियो???,sos_help_request,validation
बाई है प्लिज,goodbye_thanks,validation
malai bachau pleae,sos_help_request,validation
wall khaseko le mero saathi lai thiichyo,trapped_debris_report,validation
building on fire near Lalitpur,fire_incident_report,validation
mero saathi pinned under debris malai help chai,trapped_debris_report,validation
दिदी लाई छातीमा दुखाइभइरहेको छ,medical_emergency_request,validation
tourist polic koo number dinu hos,emergency_contact_request,validation
found my grndmother at hte relief camp,family_reunification_status,validation
mero bbhi ghar aaunu bhako xaina ahile samma,family_member_missing,validation
भान्सामाग ्यास धेरै चुहिँदैछ है,gas_leak_report,validation
काठमाडौं मा तोकिएको सुरक्षित क्षेत्र कहाँ छ!!,safe_location_query,validation
power outage cha hamro aera ma???,power_outage_report,validation
doctor chai xa abhi nai,medical_emergency_request,validation
aago chiittai failira xa Kathmandu ma,fire_incident_report,validation
hamro ghar najik gas leak bhayo,gas_leak_report,validation
भूकम्पदेखिहजुरबुबा को फोन लाग्दैन,family_member_missing,validation
thanksyesto helpful huncha,goodbye_thanks,validation
mero buwa lai deep wound xa,injury_report,validation
दिदी र बालबालिकाका लागि आश्रय चाहियो है,shelter_request,validation
mero buwa debrimsuni thuniyo,trapped_debris_report,validation
दाजु सुरक्षित हुनुहुन्छ भनेर स्थिति अपडेट गर्न चाहन्छु है,family_reunification_status,validation
भर्खरैभूकम्प आयो,earthquake_occurring_report,validation
ahile k garne ma,status_check_general,validation
जहुरनमस्ते,greeting,validation
पर्यटक प्रहरीको नम्बर दिनुहोस्!!,emergency_contact_request,validation
earthqukae inLalitpur,earthquake_occurring_report,validation
nearesst open ground for evacuation,safe_location_query,validation
tnhx,goodbye_thanks,validation
जाजरकोटमा बिजुली गएको छ,power_outage_report,validation
दिदी लडेरढाडमा चोटलाग्यो,injury_report,validation
khanara pani sakiyo,food_water_request,validation
merosathi lai ambulance chai urgent,medical_emergency_request,validation
मद्दत गर्नुहोस् है,sos_help_request,validation
o bey,goodbye_thanks,validation
मुख्य सडक नब्द छ,road_blockage_report,validation
गोर्खा नजिक ग्यास चुहावट भयो,gas_leak_report,validation
सडकमा पर्खालभत्कियो,building_collapse_report,validation
दाजुलाई गम्भीर चोट लागेको छ,injury_report,validation
ललितपुर जान सकिँदैनसडक बन्द छ,road_blockage_report,validation
who do i call for rescue,emergency_contact_request,validation
sas pherna sakeko xaina koi,medical_emergency_request,validation
"namastebot, are u online",greeting,validation
ललितपुरम ा बिजुलीको तार खसेकोछ,power_outage_report,validation
building safe cha kikasari thaha pauney,building_damage_check,validation
अहँ!!,fallback_unclear,validation
bhukampa gayo hamro area ma???,earthquake_occurring_report,validation
तिमीले के के गर्न सक्छौ???,fallback_unclear,validation
नजिकैको सुरक्षित ठाउँ कहाँ छ,safe_location_query,validation
process to report  family member found,family_reunification_status,validation
frsit aid for a broken arm,first_aid_query,validation
najik ko assebmly point kaha cha,safe_location_query,validation
i need help now,sos_help_request,validation
what steps sshould i follow now,status_check_general,validation
helpp asap malai dherai dar lagyo,sos_help_request,validation
need ambulance ta Gorkha now,medical_emergency_request,validation
rleief camp ma mero didi bhetiyo,family_reunification_status,validation
ललितपुर नजिकैको घरमा आगोलागेको छ,fire_incident_report,validation
who inspects buidling safety after earthquake,building_damage_check,validation
पोखरा नजिकको पुल भत्कियो छिटो,road_blockage_report,validation
भूकम्पपछि छोरी लाई भेट्टाउन सकिएको छैन,family_member_missing,validation
दाजु को लागि खाद्यान्न चाहयिो,food_water_request,validation
dheai raagat bagira xa medic chai xa,medical_emergency_request,validation
derbis le highway band bayo,road_blockage_report,validation
bhukampa pachi mero aama lai bhettauna sakna,family_member_missing,validation
नजिकैको खाद्य वितरण स्थल,food_water_request,validation
hello dai malai ekhi sodhnu thiyo,greeting,validation
my sister has been located safely,family_reunification_status,validation
gas stove caused frie,fire_incident_report,validation
my brother fell and hurt back urgent pls,injury_report,validation
ran out of foodand water,food_water_request,validation
ghar hallyo bhukampa jasto,earthquake_occurring_report,validation
evacuatio nplan for Pokhara plz,evacuation_guidance_query,validation
पर्खालले थिचेको छ हल्लन सक्दिन है,trapped_debris_report,validation
आमा लाई छातीमा दुखाइ भइरहेको छ,medical_emergency_request,validation
गोर्खा को लागि निकासा योजना,evacuation_guidance_query,validation
छिमेकभरि बिजुली गएको छ!!,power_outage_report,validation
asdkkjasd,fallback_unclear,validation
help hellp,sos_help_request,validation
thank u sir ali help bhayo now,goodbye_thanks,validation
घरबाट धुवाँआइरेहको छ,fire_incident_report,validation
how to secure furniture from falling,preparedness_tips_query,validation
दाजु बेहोसहुनुभयो,medical_emergency_request,validation
अर्ोक चरणहरू भन्नुहोस्,status_check_general,validation
ग्यास चुहियो,gas_leak_report,validation
ehy there,greeting,validation
wall khaseko le mero saathi lai thichyo,trapped_debris_report,validation
हजुरबुबा को बेपत्ता व्यक्ति रिपोर्ट,family_member_missing,validation
merobhai sanga abhi reunite bhayo,family_reunification_status,validation
भक्तपुरमा आगो छिट्टै फैलिदँैछ,fire_incident_report,validation
छोरी अझै घर आउनुभएको छैन,family_member_missing,validation
gharbhatkioy gaun ma,building_collapse_report,validation
भक्तपुर जान सकिँदैन सडक बन्द छ!!,road_blockage_report,validation
bihna dekhi mero aama bata khabar xaina,family_member_missing,validation
k ho yo bot,fallback_unclear,validation
haat bhachiyo help chai pls,injury_report,validation
my son is trapped under debris,trapped_debris_report,validation
म र छोरी थुनिएका छौं,trapped_debris_report,validation
mero bhai lai deep woud xa,injury_report,validation
mero mama sanga coontact tutyo,family_member_missing,validation
power outage in Kathmndu,power_outage_report,validation
छत खसेर दिदी थुनिनभुयो है,trapped_debris_report,validation
taaauko bata raagat bagira xa,injury_report,validation
mero buwa lai badly injuyr bhayo,injury_report,validation
evacuation instructions please,evacuation_guidance_query,validation
power lines down in oGrka,power_outage_report,validation
नेपाल रेडक्रसको हेल्पलाइन नम्बर छिटो,emergency_contact_request,validation
hamro area ma fire lagyo,fire_incident_report,validation
mydaughter is trapped under debris,trapped_debris_report,validation
earthquakbehayo hamro area ma,earthquake_occurring_report,validation
के पराकम्प आउनेछ,aftershock_information_query,validation
hamro ghar najik gas leakbhayo,gas_leak_report,validation
power lines down in Pokhara,power_outage_report,validation
ललितपुर मा घर भत्कियो छिटो,building_collapse_report,validation
ललितपुर को लागि निकासा योजना,evacuation_guidance_query,validation
अहँ,fallback_unclear,validation
have nnot heard from my mother since morning,family_member_missing,validation
hamro area ma bijulikatti bhayo,power_outage_report,validation
evacuationplan for Kathmandu,evacuation_guidance_query,validation
घरमा भूकम्प तयारीको उत्तम अभ्यास के हो प्लिज,preparedness_tips_query,validation
दिदी भग्नावशेषमुनि थुनिनुभयो,trapped_debris_report,validation
दिदी लडेरढाडमा चोट लाग्यो,injury_report,validation
my brother has a deepw ound,injury_report,validation
हाइ,greeting,validation
emro bai lai ambulance chai urgent,medical_emergency_request,validation
तिमी कति उमेरको हौ है,fallback_unclear,validation
where should i go for safety,safe_location_query,validation
पोखरा मा बिजुली गएको छ हजुर,power_outage_report,validation
वृद्धवृद्धाहरूसँग कसरी निकासा गर्ने छिटो,evacuation_guidance_query,validation
rod block bhayo landslide le hamro area najik help,road_blockage_report,validation
भूकम्पपछि चिरा देखा पर्यो,building_damage_check,validation
bhukampa aay obhi,earthquake_occurring_report,validation
cracks appeared after the quake help,building_damage_check,validation
hijo dekhi khana xaina urgent pls,food_water_request,validation
hii tapai ko naa mk ho,greeting,validation
ललितपुरमा आोग लागेको छ,fire_incident_report,validation
relief cpm najik cha ki,shelter_request,validation
नजिकैको अपार्टमेन्ट भत्कियो,building_collapse_report,validation
bhukampa gayo Pokhara ma,earthquake_occurring_report,validation
काठमाडौं मा बिजुली गएको छ,power_outage_report,validation
thanks thats' all,goodbye_thanks,validation
गोर्खा मा आगो छिट्टै फैलिँदैछ,fire_incident_report,validation
टाउकोबाट रगत बगिहरेको छ प्लिज,injury_report,validation
मलाईचोट लागेको छ,injury_report,validation
घाउ भएको ठाउँमा कसरी उपचार गर्ने है,first_aid_query,validation
मद्दतकोलागि धन्यवाद,goodbye_thanks,validation
हजुरबुबा लाई गम्भीर चोटलागेको छ,injury_report,validation
cut on my leg beleding now,injury_report,validation
मलाई थाहा छैनके गर्ने,status_check_general,validation
bhukampa aayo bhi,earthquake_occurring_report,validation
पोलेको ठाउँको लागि प्राथमिक उपचार???,first_aid_query,validation
hellp pls,sos_help_request,validation
काठमाडौं नजिकको पुल भत्कियो,road_blockage_report,validation
bihana dekih mero didi bata khabar xaina,family_member_missing,validation
my house has cracks is it sae,building_damage_check,validation
आमा बेहोस हुनुभयो,medical_emergency_request,validation
ल ठिक छधन्यवाद,goodbye_thanks,validation
where can we atke sheltter safely,safe_location_query,validation
bhukampa gayo Gorkhama,earthquake_occurring_report,validation
hey bot k x ahalkhabar,greeting,validation
thaank you,goodbye_thanks,validation
we just felt an earthquake in Gorkha???,earthquake_occurring_report,validation
poleko thau ko firstaid,first_aid_query,validation
mero bhai sangaabhi reunite bhayo,family_reunification_status,validation
my grandmother is stuck under the roof,trapped_debris_report,validation
गोर्खा मा आगो लागेको छ!!,fire_incident_report,validation
wll ma crack dekhiyo now,building_damage_check,validation
123456,fallback_unclear,validation
yaha ma safe zone kaha cha now,safe_location_query,validation
safe place nearr me,safe_location_query,validation
bridge collapsed near Lalitpur asap,road_blockage_report,validation
just tsting123,fallback_unclear,validation
पोखरा मा आगो छिट्टै फैलिँदैछ,fire_incident_report,validation
"namaste bot, are u olnine",greeting,validation
भूकम्पदेखि छोरी को फोन लाग्दैन प्लिज,family_member_missing,validation
please rescue me mlai help chai,sos_help_request,validation
what tokeep ready before an earthquake,preparedness_tips_query,validation
safe place kaha xa nera Jajarkot,safe_location_query,validation
my garndfather has been located safely,family_reunification_status,validation
wall collapsed on thestreet,building_collapse_report,validation
hello dai k cha khabar,greeting,validation
"dhanyabbad, bye bye",goodbye_thanks,validation
"thank you, tha helped",goodbye_thanks,validation
who do i callfor rescue,emergency_contact_request,validation
reunited with my brother nw,family_reunification_status,validation
helo there,greeting,validation
khana ra apn sakiyo,food_water_request,validation
हजुरआमा लाई गम्भीर चोट लागेको छ,injury_report,validation
wall collapsed onthe street,building_collapse_report,validation
राष्ट्रिय आपतकालीन कार्य केन्द्रको नम्बर,emergency_contact_request,validation
मर्केको खुट्टाको लागि के गर्ने,first_aid_query,validation
how to prepare kids for earthquake drills,preparedness_tips_query,validation
हाम्रो घर असुरक्षित छ आश्रयचाहियो,shelter_request,validation
where is the designated safee zone in Jajarkot,safe_location_query,validation
hello sir,greeting,validation
this is not related to eeatrhquake,fallback_unclear,validation
mero hbai pinned unde debris malai help chai,trapped_debris_report,validation
my grandmother fell and hurt back,injury_report,validation
strong tremor bhuampa jasto,earthquake_occurring_report,validation
hmmm,fallback_unclear,validation
दाजु लाई छातीमा दुखाइ भइरहेको छ!!,medical_emergency_request,validation
एम्बुलेन्सको नम्बर केहो,emergency_contact_request,validation
power uotage in Pokhara,power_outage_report,validation
massive hsaking right now,earthquake_occurring_report,validation
अहिले आमा सँग भेट भयो???,family_reunification_status,validation
good aftneroon,greeting,validation
aftershock aaunxa ki,aftershock_information_query,validation
हजुरलाईनमसक्ार,greeting,validation
hamroarea najik ko pul bhatkiyo,road_blockage_report,validation
मर  छोरी थुनिएका छौं!!,trapped_debris_report,validation
भत्किएको घरभित्र फसेको छु,trapped_debris_report,validation
hamro ghar unsafexa shelter chai,shelter_request,validation
सुरक्षित रूपमा कसरी निकासा गर्ने???,evacuation_guidance_query,validation
mero bhai lai ambulanec chai urgent,medical_emergency_request,validation
wneed help,sos_help_request,validation
गोर्खामा आगो छिट्टै फैलिँदैछ,fire_incident_report,validation
shelter chainca mero family ko lagi,shelter_request,validation
भूकम्प अघि के के तयार राख्ने हजुर,preparedness_tips_query,validation
bridge collapsed near Pokhara,road_blockage_report,validation
पोखरा मा बिजुली गएको छ,power_outage_report,validation
my grandmother is injure badly,injury_report,validation
ghar bata dhhuwa airaxa,fire_incident_report,validation
pura building dhalyo hamro areama,building_collapse_report,validation
म र दिदी थुनिएका छौं,trapped_debris_report,validation
हजुरबुबाको बेपत्ता व्यक्ति रिपोर्ट,family_member_missing,validation
"thankyou, that helped",goodbye_thanks,validation
need baby formula and water,food_water_request,validation
rndom text here,fallback_unclear,validation
हजुरआमा लाईगम्भीर चोट लागेको छ,injury_report,validation
bhukampa pachi k garne,status_check_general,validation
भवन अलिकति ढल्किएोक छ खतरा छ कि हजुर,building_damage_check,validation
"dhanyabad, that heped a lot",goodbye_thanks,validation
भक्तपुर नजिक पहिरोले सडक बन्द भयो,road_blockage_report,validation
njikai ko safe zonee kaha cha,safe_location_query,validation
my house hs cracks is it sae,building_damage_check,validation
cooll thanks,goodbye_thanks,validation
ghr baliraxa fire brigade chhai,fire_incident_report,validation
hmro area ko lagi evacuation plan???,evacuation_guidance_query,validation
what should be in an emergency kit,preparedness_tips_query,validation
ghar baliraxa fire brigade chhai,fire_incident_report,validation
ललितपुर मा तोकिएको सुरक्षित क्षेत्र कहाँ छ है,safe_location_query,validation
पोखरा मासम्पूर्ण भवन ढल्यो,building_collapse_report,validation
khane pani chaincha,food_water_request,validation
पोखरा कोलागि निकासा योजना,evacuation_guidance_query,validation
fire broke out fter the earthquake,fire_incident_report,validation
rsecue chai xa ma thuniyekoxu,trapped_debris_report,validation
cannot reach Jajarkot roda is closed,road_blockage_report,validation
बुबा लडेरढाडमा चोट लाग्यो,injury_report,validation
bihana dekhi mero mama bata habar xaina,family_member_missing,validation
hii tapia ko naam  kho,greeting,validation
we just felt an earthquake in Gorkha,earthquake_occurring_report,validation
अहिले भूकम्प गयो???,earthquake_occurring_report,validation
उद्ाधरकालागि नजिकैको खुल्ला ठाउँ,safe_location_query,validation
sprain bhayeko khutta ko lagi k garne,first_aid_query,validation
पोलेको ठाउँको लागि प्राथमिक उपचार है,first_aid_query,validation
भूकम्पपछि चिरा देखा पर्यो,building_damage_check,validation
bab yformula ra pani cahi,food_water_request,validation
hamro area ko lagi evacuation plan,evacuation_guidance_query,validation
घरपूर्ण रूपमा भत्कियो,building_collapse_report,validation
aaja rati arko jhatka aaunxa ki,aftershock_information_query,validation
आमा लाई छातीमा दुखाइ भइरहेकोछ,medical_emergency_request,validation
एस ओ सए,sos_help_request,validation
our house collapsed completely,building_collapse_report,validation
सडकमा पर्ाखलभत्कियो,building_collapse_report,validation
mero saathi harura kids ko lagi shelter chai,shelter_request,validation
mero didi lai dee pwound xa,injury_report,validation
सहयोगको लािग धन्यवाद,goodbye_thanks,validation
we are trapped inside the building,trapped_debris_report,validation
want to update status that my grandmother is safe,family_reunification_status,validation
we just felt anearthquake in Kathmandu,earthquake_occurring_report,validation
धन्यवाद बुवा छिटो,goodbye_thanks,validation
शुभप्रभात,greeting,validation
my fathe ris trapped underdebris,trapped_debris_report,validation
hi are u working offline,greeting,validation
hi malai chahiy ohelp,greeting,validation
mero ghar ma help chai xa help,sos_help_request,validation
power outage in Jjaarkot,power_outage_report,validation
evacuation ko instructions dinu hos,evacuation_guidance_query,validation
काठमाडौंमा बिजुली गएको छ,power_outage_report,validation
medical helpneeded urgently,medical_emergency_request,validation
मेडिकल इमर्जेन्सी छ मद्दत गर्नुहोस् हजुर,medical_emergency_request,validation
bihana dekhi mero didi bata kabar xaina,family_member_missing,validation
bhukampa pachi mero saathi lai bhettauna sakina,family_member_missing,validation
cannot find my mother after the quake help,family_member_missing,validation
gaunj ana akidaina road band cha,road_blockage_report,validation
हजुरआमा को बेपत्ता व्यक्ति रिपोर्ट ्पलिज,family_member_missing,validation
pleaesh elp me,sos_help_request,validation
आपतकालीन सामान कति पटक जाँच्ने हजुर,preparedness_tips_query,validation
bridge collapsed near Kathmandu,road_blockage_report,validation
के छ त,greeting,validation
how to make my house eearthquake safe,preparedness_tips_query,validation
how many aftershocks re expected,aftershock_information_query,validation
my garndfather is stuck under the roof,trapped_debris_report,validation
भाँचिएको हातको लागि प्राथमिक उपचार???,first_aid_query,validation
सडक चिरा परेर जान सकिँदैन,road_blockage_report,validation
दुई दिनदेखि बिजुली छैन प्लिज,power_outage_report,validation
he app,greeting,validation
सुरक्षित रूपमा कसरी निकासा गर्ने छिटो,evacuation_guidance_query,validation
fire spreading fast in Kathmandu,fire_incident_report,validation
bhukampa dekhi bijuli xaia,power_outage_report,validation
evcuation pla nfor Gorkha,evacuation_guidance_query,validation
safe evacuatoinp oint near me,safe_location_query,validation
what to keep ready before an earthquake,preparedness_tips_query,validation
नजिकैकोराहत शिविर कहाँ छ,shelter_request,validation
के हामी तुरुन्तैनिकासा गर्नुपर्छ,evacuation_guidance_query,validation
hi are  uworking offline asap,greeting,validation
यो घरमा बस्न सुरक्षित छ कि छैन है,building_damage_check,validation
mer oaaam debris muni thuniyo,trapped_debris_report,validation
gas leak nar Gorkha,gas_leak_report,validation
भूकम्पदेखि हजुरबुबा बेपत्ता हुनुभएको छ हजुर,family_member_missing,validation
गोर्खा मा घर भत्कियो!!,building_collapse_report,validation
राहत शिविरमा बुबा भेटियो है,family_reunification_status,validation
road blcokked by landslide near Jajarkot,road_blockage_report,validation
gana gauna aknu hunhca,fallback_unclear,validation
khutta ma chot lagyo running bela now,injury_report,validation
my gradmother has been located safely,family_reunification_status,validation
my brother fell and hurt back,injury_report,validation
आमा रब ालबालिकाका लागि आश्रय चाहियो???,shelter_request,validation
taauko bata raagat bagira xa,injury_report,validation
बहिनी नमस्ते,greeting,validation
is aonther earhtquake coming,aftershock_information_query,validation
mero ama kophone lagdaina bhukampa dekhi,family_member_missing,validation
भक्तपुर मा आगो छिटट्ै फैलिँदैछ,fire_incident_report,validation
bhukmpa pachi mero mama lai bhettaunasakina,family_member_missing,validation
भूकम्प गयो,earthquake_occurring_report,validation
bridg collapsed near Kathmandu,road_blockage_report,validation
school najik ma fire lagyo,fire_incident_report,validation
bijuli kahilea aunxa,power_outage_report,validation
दाजु अझै घर आउनुभएको छैन,family_member_missing,validation
sas pherna sakeko xxaina koi,medical_emergency_request,validation
ehlp garnuna plz,sos_help_request,validation
म डराकएो छु मद्दत गर्नुहोस्???,sos_help_request,validation
gsa leak bhayo,gas_leak_report,validation
wherecan we get temporary shelter,shelter_request,validation
bhukampako jhatka aaile feel bahyo,earthquake_occurring_report,validation
please ehlp me,sos_help_request,validation
अहिले मैलेके गर्नुपर्छ,status_check_general,validation
उद्धारका लागि कहाँ फनो गर्ने,emergency_contact_request,validation
धन्यवाद बहिनी छिटो,goodbye_thanks,validation
my mther collapsed and not waking up,medical_emergency_request,validation
bridge collapsed near Jajakot,road_blockage_report,validation
ok thanks bye,goodbye_thanks,validation
मलाई बचाउनुहोस् हजुर,sos_help_request,validation
नमस्ते बहिीन!!,greeting,validation
अहिले कुन चरण पालना गर्ने,status_check_general,validation
mero bhai unconscious bhayo,medical_emergency_request,validation
pani ko supply band bhayo pani chai asap,food_water_request,validation
fire spreading fast in Kathmandu!!!,fire_incident_report,validation
fteshock aaunxa ki,aftershock_information_query,validation
धन्यवादहजुर,goodbye_thanks,validation
bridge collapsed near Bhaktapur,road_blockage_report,validation
हामीलाई मद्दत चाहियो???,sos_help_request,validation
missing person report for my brother plz,family_member_missing,validation
mero didi pinned under debrism alai help chai,trapped_debris_report,validation
powre outage in Jajarkot,power_outage_report,validation
my brother hs been located safely help,family_reunification_status,validation
बुबा लाई सुरक्षित फेला परेको छ है,family_reunification_status,validation
gas stove cause fire,fire_incident_report,validation
भूकम्पदेखि बुबा को फोनलाग्दैन,family_member_missing,validation
merofamily member safe bhetiyo,family_reunification_status,validation
gas pipe broke during qukae,gas_leak_report,validation
यो घरमा बस्न ुसरक्षित छ कि छैन हजुर,building_damage_check,validation
मद्दत गर्नुहोस् है,sos_help_request,validation
hii k help garna saknu unxa,greeting,validation
najik ko releif camp kaha cha,shelter_request,validation
fire brigade contact number,emergency_contact_request,validation
mero sathi pinned under debris malai ehlp chai,trapped_debris_report,validation
food distribution point najik cha ki asap,food_water_request,validation
raati basna tent chai,shelter_request,validation
help asap malai dheerai dar lagyo,sos_help_request,validation
nepal red cross helpline number,emergency_contact_request,validation
कोहि छैन र मद्दत गर्ने छिटो,sos_help_request,validation
mero didi ghar aaunu bhako xain aahile samma,family_member_missing,validation
mero bhai lai deep wound xa,injury_report,validation
बबुाको बेपत्ता व्यक्ति रिपोर्ट,family_member_missing,validation
mero bhai laib adly injury bhayo plz,injury_report,validation
म र दाजु थुनिएका छौं है,trapped_debris_report,validation
mausam kastcoha,fallback_unclear,validation
ghar bata dhuwa airaxa,fire_incident_report,validation
thanksbro,goodbye_thanks,validation
yahasaaf pani xaina,food_water_request,validation
नजिकै कुनै राहत शिविर छकि,shelter_request,validation
ललितपुर मा सम्पूर्ण भवन ढल्यो प्लिज,building_collapse_report,validation
entire building came down in Kathmandu,building_collapse_report,validation
pinnd under debris,trapped_debris_report,validation
hamro area ma power line khasekocha,power_outage_report,validation
पोखरा नजिक पहिरोले सडकबन्द भयो,road_blockage_report,validation
बालबालिकालाई भूकम्प अभ्यासको लागि कसरी तयार पार्ने छिटो,preparedness_tips_query,validation
हजुरआमा लडेरढाडमा चोटलाग्यो,injury_report,validation
bihana dekhi mero bhaibata khabar xaina,family_member_missing,validation
bridge collapsed near Gorkha,road_blockage_report,validation
heart attack symptoms need doctor,medical_emergency_request,validation
khutt ma cho tlagyo running bela,injury_report,validation
Kathmandu ko lagi aftershocck warning,aftershock_information_query,validation
छिटोनकिाल्नुहोस् थुनिएको छु,trapped_debris_report,validation
family ko lgai food supply chai,food_water_request,validation
mero buw alai badly injuyr bhayo,injury_report,validation
reathquake,earthquake_occurring_report,validation
घाउमापट्ट ीकसरी बाँध्ने,first_aid_query,validation
ल ठिकछ बाई,goodbye_thanks,validation
आमासँग सम्पर्क टुटेको छ,family_member_missing,validation
h?i??,greeting,validation
भक्तपुर मा घर भत्िकयो!!,building_collapse_report,validation
somebody elp,sos_help_request,validation
sdkjasd,fallback_unclear,validation
के गर्ने भेनरमलाई मार्गदर्शन गर्नुहोस्,status_check_general,validation
कोही छ सहयोग गर्नुहोस् है,sos_help_request,validation
gas stove le aagoo lagyo,fire_incident_report,validation
searching for my grandfather in Bhaktapur,family_member_missing,validation
bhukampa pachi mero bhai lai bhettauna sakina,family_member_missing,validation
दिदी बेहोस हुनुभय ोहै,medical_emergency_request,validation
need ration for myfather,food_water_request,validation
burned myhand slightly,injury_report,validation
बुबा लाई गम्भीर चोट लागेको छ हजुर,injury_report,validation
धेरै रगत बगिरहेको छ मेडिक चाहियो,medical_emergency_request,validation
mero aama buwa ra kids ko lagi shelter chai,shelter_request,validation
wallhas big cracks should i evacuate,building_damage_check,validation
koi vane help gaa na,sos_help_request,validation
mero buwa safe cha vanera status update garna man xa,family_reunification_status,validation
विस्थापितहरूलाई बस्नेठाउँ चाहिन्छ,shelter_request,validation
road block bhayo landslide le hamro area najik,road_blockage_report,validation
गोर्खा मा घर भत्कियो,building_collapse_report,validation
cannot reach Kathmandu road is closed,road_blockage_report,validation
rod bloccked by landslide near Jajarkot,road_blockage_report,validation
how to help chokingg person,first_aid_query,validation
need baby formula aand water,food_water_request,validation
आज राति थप धक्का आउन सक्छ कि हजुर,aftershock_information_query,validation
hostel najik gas leak bhayo now,gas_leak_report,validation
hamro area ko lagi eavcuation plan,evacuation_guidance_query,validation
मेरो भवन सुरक्षित छ कि भनेर कसरी थाहा पाउने प्लिज,building_damage_check,validation
बुबा र बालबालिकाका लागि आश्रय चाहियो,shelter_request,validation
help garnu na lpz,sos_help_request,validation
appreciate it,goodbye_thanks,validation
राहतशिविरमा दाजु भेटियो,family_reunification_status,validation
जाजरकोट जान सकिँदैन सडक बन्द छ,road_blockage_report,validation
प्रहरी आपतकालीन नम्बर दिनुहोस्,emergency_contact_request,validation
mauusam kastoc ha,fallback_unclear,validation
cannot reach Pokhararoad is cloesd,road_blockage_report,validation
jhatka mahsus bayo 5 minute agadi,earthquake_occurring_report,validation
safe evacuation point near me,safe_location_query,validation
घर बलिरहेको छ दमकल चाहियो प्लिज,fire_incident_report,validation
sfe place kaha xa near Bhaktapur plz,safe_location_query,validation
मुख्य सडक बनद्छ,road_blockage_report,validation
my grandmother needs ambulnce urgently,medical_emergency_request,validation
प्राथमिक उपचार किटमा के चाहिन्छ,first_aid_query,validation
want to update status that my mother is safe,family_reunification_status,validation
ललितपुर मा आमा लाई खोजिरहेको छु प्लिज,family_member_missing,validation
tapai k k garna saknu hunncah,fallback_unclear,validation
my grandfathre did not come home yet,family_member_missing,validation
my grandmother collapsed and no waking up,medical_emergency_request,validation
धन्यवाददाई,goodbye_thanks,validation
can i go back inside my hosue now,building_damage_check,validation
wall ma thulo crack cha evacuate garneki,building_damage_check,validation
saefst wy to leave the building,evacuation_guidance_query,validation
my grandmotheris unconscious,medical_emergency_request,validation
bhukampa gayo Kathmandu ma???,earthquake_occurring_report,validation
भूकम्प तयारीका सुझावहरू दिनुहोस् हजुर,preparedness_tips_query,validation
"dhanyaabd, bye bye",goodbye_thanks,validation
bhukampa report garna man xa hamro area ma,earthquake_occurring_report,validation
searching for my sister i nKathmandu!!!,family_member_missing,validation
पोखरा मा आगो लाेगको छ छिटो,fire_incident_report,validation
Kathmandu jana sakidaina road band cha,road_blockage_report,validation
hamro area mafire lagyo,fire_incident_report,validation
naamste,greeting,validation
mydughter is trapped under debris,trapped_debris_report,validation
haat ma minor chotxa,injury_report,validation
mero aama unconsciousbhayo,medical_emergency_request,validation
अहिले दिदी सँग भेट भयो प्लिज,family_reunification_status,validation
बुबा लाई गम्भीर चोट लागेको छ,injury_report,validation
दमकलको सम्पर्क नम्बर छिटो,emergency_contact_request,validation
छिटोनिकाल्नुहोस् थुनिएको छु,trapped_debris_report,validation
power outage cha Kathmanu ma,power_outage_report,validation
raagat bagna roknu ko upayak ho,first_aid_query,validation
mero bhai pinned unde debris malai help chai,trapped_debris_report,validation
घरमा भूकम्प तयारीको उत्तमअ भ्यास के हो,preparedness_tips_query,validation
cannot reach Gorkha road is closed!!!,road_blockage_report,validation
गोर्खा मा आगो लागेको छ,fire_incident_report,validation
hii tapaiko naam k ho,greeting,validation
gas leak bhayo,gas_leak_report,validation
उद्धारका लागि नजिकैको खुल्ला ठाउँ,safe_location_query,validation
bhukamp aaayo,earthquake_occurring_report,validation
कसैले सहयोग गर्नुहोस्???,sos_help_request,validation
my grandfather is stuck under the roof???,trapped_debris_report,validation
भूकम्पदेखि हजुरबुबा को फोन लाग्दैन,family_member_missing,validation
smell of gas after earthquake,gas_leak_report,validation
नमस्ते बहिनी!!,greeting,validation
ललितपुरमा आगो लागेको छ,fire_incident_report,validation
भान्सामा सानो आगो लागेको छ,fire_incident_report,validation
नजिकैकोराहत शवििर कहाँ छ,shelter_request,validation
म र आमाथुनिएका छौं,trapped_debris_report,validation
भूकम्पपछि हजुरबुबा लाई भेट्टाउन सकिएको छैन प्लिज,family_member_missing,validation
ok got it thanks???,goodbye_thanks,validation
how to bandage a wound proprely,first_aid_query,validation
cylidner bata gas chuhi raxa,gas_leak_report,validation
सडक चिरापरेर जान सकिँदैन,road_blockage_report,validation
need shelter formy family,shelter_request,validation
बचाउनुहोस्???,sos_help_request,validation
भूकम्पपछि के गर्ने,status_check_general,validation
trappe dunder rubble,trapped_debris_report,validation
ago lagyo bhukampa pachi pls,fire_incident_report,validation
दाजु भग्नावशेषमुनि थुनिनुभयो,trapped_debris_report,validation
जाजरकोट मा भूकम्प गयो,earthquake_occurring_report,validation
भूकम्पपछि केगर्ने,status_check_general,validation
mero aama pinned under debris malia help chai,trapped_debris_report,validation
power lines down in Bhaktapur,power_outage_report,validation
दाजुसुरक्षित हुनुहुन्छ भनेर स्थिति अपडेट गर्न चाहन्छु,family_reunification_status,validation
fire spreadng fast in Jajarkot,fire_incident_report,validation
gas leak near Bhaktapuur,gas_leak_report,validation
tourist polic ko number dinu hos,emergency_contact_request,validation
aftershock warning for Bhaktapur,aftershock_information_query,validation
entire building came downi n Gorkha,building_collapse_report,validation
bleeding from head,injury_report,validation
relief camp ma mero diidi bhetiyo,family_reunification_status,validation
najikai ko sfae zone kaha cha,safe_location_query,validation
justt testing 123,fallback_unclear,validation
भान्सामा ग्यास धेरै चुहिँदैछ,gas_leak_report,validation
bhukampa ko jhakta aaile feel bhayo,earthquake_occurring_report,validation
काठमाडौं नजिकैको घरमा आगो लागेको छ???,fire_incident_report,validation
building on fire near Gorkha,fire_incident_report,validation
my sister iis unconscious,medical_emergency_request,validation
found my grandmother at the relief camp,family_reunification_status,validation
school building half bhtakiyo,building_collapse_report,validation
हाम्रो घर पूर्ण रूपमाभत्कियो,building_collapse_report,validation
sfeplace kaha xa near Gorkha,safe_location_query,validation
entire building came down in Gorkha asap,building_collapse_report,validation
घरमा ग्यास चुहावट भयो प्लिज,gas_leak_report,validation
want to update status that my grandfather issafe,family_reunification_status,validation
aago chittai failira xa school najikma,fire_incident_report,validation
my brother is stck under the roof,trapped_debris_report,validation
भवनबाट निकासा गर्ने चरणहरू,evacuation_guidance_query,validation
no foodd since yesterday,food_water_request,validation
गोर्खा मा बिजुलीको तार खसेको छ!!,power_outage_report,validation
mero aama lai safely locate garya,family_reunification_status,validation
our house is unsafeneed shetler,shelter_request,validation
mero bhi sanga abhi reunite bhayo,family_reunification_status,validation
my grandfather has been located safely,family_reunification_status,validation
gas lea kbhayo ghar ma,gas_leak_report,validation
बच्चाको लागि फर्मुला र पानीचाहियो,food_water_request,validation
howstrong will aftershocks be,aftershock_information_query,validation
भूकम्पपछि आमालाई भेट्टाउन सकिएको छैन,family_member_missing,validation
khutta ma chot lagyo running bela,injury_report,validation
need ration for my sister plz,food_water_request,validation
दिदीलाई एम्बुलेन्स चाहियो छिटो,medical_emergency_request,validation
गय्ासचुहियो,gas_leak_report,validation
भक्तपुर नजिकको पुल भत्कियो है,road_blockage_report,validation
road block bhayo landslide le Kathmandu najik,road_blockage_report,validation
छोरा अझै घर आउनुभएको छैन,family_member_missing,validation
बुबाको बेपत्ता व्यक्ति रिपोर्ट,family_member_missing,validation
please help garnu bhaai,sos_help_request,validation
भान्सामा सानो आगो लागेकोछ,fire_incident_report,validation
takns,goodbye_thanks,validation
म र हजुरबुबा थुनिएका छौं,trapped_debris_report,validation
mero saathi lai ambulnace chai urgent,medical_emergency_request,validation
hostelma ambulance patau na,medical_emergency_request,validation
evacuation plan for Gorkha,evacuation_guidance_query,validation
gas pipe broke during quake,gas_leak_report,validation
हजुरआमा लाई छातीमादुखाइ भइरहेको छ,medical_emergency_request,validation
दाजु लाई छातीमा दुखाइ भइरहेको छ,medical_emergency_request,validation
घर बलिरहेको छ दमलकचाहियो,fire_incident_report,validation
relief cmp ma mero aama bhetiyo,family_reunification_status,validation
wallk haseko le mero buwa lai thichyo,trapped_debris_report,validation
road blocked by landslide near Jajarkot,road_blockage_report,validation
ghar ekdam hallyo earthquake ho ki k ho now,earthquake_occurring_report,validation
what to do duringevacuation,evacuation_guidance_query,validation
needr ation for myfather,food_water_request,validation
दमकलकोसम्पर्क नम्बर,emergency_contact_request,validation
earthquake in Pokhara,earthquake_occurring_report,validation
पोखरामा एम्बुलेन्स चाहियो,medical_emergency_request,validation
"structure collapsed, people may be inside",building_collapse_report,validation
entire building came down i nGorkha,building_collapse_report,validation
संरचना भत्कियो मानिसहरू भित्रै हुन सक्छन्???,building_collapse_report,validation
अहिले कुन चरण पालना गर्ने???,status_check_general,validation
bhukmpa aayo,earthquake_occurring_report,validation
aago chittai failira xa hamro area ma pls,fire_incident_report,validation
दिदी लाई एम्बुलेन्स चाहियो छिटो,medical_emergency_request,validation
ghar ekdamm hallyo earthquake ho ki k ho,earthquake_occurring_report,validation
joke bhhannas aknu huncha,fallback_unclear,validation
ओके धन्यवाद!!,goodbye_thanks,validation
छतखसेर बुबा थुनिनुभयो,trapped_debris_report,validation
उद्धारकालागि नजिकैको खुल्ला ठाउँ,safe_location_query,validation
hve nnot heard from my mother since morning,family_member_missing,validation
अहिले दिदी सँग भेट भयो,family_reunification_status,validation
the house isshakingb adly,earthquake_occurring_report,validation
mero didi pinnedu nder debris malai help chi,trapped_debris_report,validation
दाजु लाई गहिरो घाउ छ,injury_report,validation
mero aama safe cha vanera status update garnaman xa,family_reunification_status,validation
भूकम्पको धक्का महसुस भयो!!,earthquake_occurring_report,validation
anjikko relief camp kaha cha,shelter_request,validation
sfe place kaha xa near Pokhara,safe_location_query,validation
which open rea is safe to gather,safe_location_query,validation
please help garnu bhai,sos_help_request,validation
पोखरा मा जोडदार धक्का महसुस भयो,earthquake_occurring_report,validation
njikai ko sfae zone kaha cha,safe_location_query,validation
mero didi lai badly injur ybhayo,injury_report,validation
bhukampa pachi mero didi lai bhettauna sakina urgent pls,family_member_missing,validation
food dsitribution point najik cha ki now,food_water_request,validation
एस ओ एस,sos_help_request,validation
mero bhi unconscious bhayo,medical_emergency_request,validation
बालबालिकालाई भूकम्प अभ्यासको लागि कसरीतयार पार्ने,preparedness_tips_query,validation
ललितपुर नजिकैको घरम ाआगो लागेको छ,fire_incident_report,validation
safe place kaha x anear Kathmandu,safe_location_query,validation
evacuation plan for Pokhara,evacuation_guidance_query,validation
म र छोरीथुनिएका छौं,trapped_debris_report,validation
भक्तपुर मा बिजुलीको तार खसेको छ छिटो,power_outage_report,validation
do w eneed to evacuateimmediately,evacuation_guidance_query,validation
safe place near em,safe_location_query,validation
how to help someone who fainted,first_aid_query,validation
gas leak bhayo ghra ma,gas_leak_report,validation
namastecan you help me,greeting,validation
building bata bahira niskane safest tarika,evacuation_guidance_query,validation
भक्तपुर नजिक पहिरोले सडक बन्द भयो प्लिज,road_blockage_report,validation
what to do after an earthquake pls,status_check_general,validation
mero aama kophone lagdaina bhukampa dekhi,family_member_missing,validation
power outagein Lalitpur,power_outage_report,validation
abzara ma fire lagyo,fire_incident_report,validation
hey re youthe earthquake bot,greeting,validation
पराकम्प कति शक्तिशाली हुन्छ छिटो,aftershock_information_query,validation
sos oss help pls,sos_help_request,validation
chat khasyobhukampa ma,building_collapse_report,validation
bijulii khile aaunxa,power_outage_report,validation
aftershockupdate please,aftershock_information_query,validation
भूकम्पको लागि गो-ब्याग कसरी तयार पार्ने,preparedness_tips_query,validation
landsllide blocking the olny road out,road_blockage_report,validation
small ifrein the kitchen,fire_incident_report,validation
pleaserescue me malai help chai,sos_help_request,validation
हजुरबुबा को बेपत्ता व्यक्ति रिपोर्ट हजुर,family_member_missing,validation
hey there now,greeting,validation
first id forburns,first_aid_query,validation
bhukampa pacih k garne,status_check_general,validation
mero buwa lai safey locate garya,family_reunification_status,validation
कुन खुल्ला ठाउँ भेला हुन सुरक्षित छ,safe_location_query,validation
thank you so much for helping,goodbye_thanks,validation
mero didi ghar aaunu bhako xiana ahile samma,family_member_missing,validation
thank you so much forhelping,goodbye_thanks,validation
aftershock warning for Pokhraa,aftershock_information_query,validation
हिजोदेखि खाना छैन है,food_water_request,validation
ओके धन्यवाद!!,goodbye_thanks,validation
मेरो रपिवारको सदस्य सुरक्षित भेटियो,family_reunification_status,validation
mero saathi lai ambulance chai urgent,medical_emergency_request,validation
haa tma minor chot xa,injury_report,validation
pollice emergency number please,emergency_contact_request,validation
sos maali help chai,sos_help_request,validation
my sister hs been located safely,family_reunification_status,validation
जाजरकोट मा जोडदार धक्का महुसस भयो,earthquake_occurring_report,validation
संरचना भत्कियोमानिसहरू भित्रै हुन सक्छन्,building_collapse_report,validation
rescue ko lgi kaha phone garne,emergency_contact_request,validation
ललितपुर नजिकैको घरमा आगो लागेको छ,fire_incident_report,validation
bhukampa gayo hamro area ma,earthquake_occurring_report,validation
bhukampa report garna man xa meero ghar najik ma,earthquake_occurring_report,validation
हजुरआमा बेहोस हुनुभयो है,medical_emergency_request,validation
काठमाडौं को लागि पराकम्प चेतावनी,aftershock_information_query,validation
road bolck bhayo landslide le Kathmandu najik???,road_blockage_report,validation
tapai kati umer ko hunuuhuncha,fallback_unclear,validation
aftershock warning for Bhaktapur help,aftershock_information_query,validation
evacuation planfor Bhaktaupr,evacuation_guidance_query,validation
बचाउनुहोस्,sos_help_request,validation
बुबा र बालबालिकाका ालगि आश्रय चाहियो,shelter_request,validation
malai bacahu pelase,sos_help_request,validation
"structure collapsed, peopl may be inside",building_collapse_report,validation
bhukampa gayo mero ghar najik ma,earthquake_occurring_report,validation
cannot find my son after thequake,family_member_missing,validation
पराकम्पकोजानकारी दिनुहोस्,aftershock_information_query,validation
अहिले मैले के कदम चाल्ने प्लिज,status_check_general,validation
debris le highway band bhayo,road_blockage_report,validation
pinned under debris,trapped_debris_report,validation
दाजु भग्नावशेषमुनिथुनिनुभयो,trapped_debris_report,validation
नमस्ते दाइ!!,greeting,validation
my grandmoher fell and hurt back,injury_report,validation
need ambulance at Gorkha,medical_emergency_request,validation
दाजु बेहोस हुनुभयो,medical_emergency_request,validation
मेरोभवन सुरक्षित छ कि भनेर कसरी थाहा पाउने,building_damage_check,validation
दिदी रबालबालिकाका लागि आश्रय चाहियो,shelter_request,validation
relief camp ma mero iddi bhetiyo,family_reunification_status,validation
wall ma crack dekhiyo now,building_damage_check,validation
mero bai lai ambulance chai urgent,medical_emergency_request,validation
भूकम्प भर्खरै आएको हो,earthquake_occurring_report,validation
भवनबाट निकासा गर्ने चरणहरू प्लिज,evacuation_guidance_query,validation
have not heard from my father since morning,family_member_missing,validation
आमा लाई सुरक्षित फलेा परेको छ है,family_reunification_status,validation
cannot reach Lalitpur road is closed,road_blockage_report,validation
kitchen mag as dhreai chuhira xa,gas_leak_report,validation
temporar yshelter kaha paunxa,shelter_request,validation
भूकम्प आयो है,earthquake_occurring_report,validation
राहत शिविरमा हजुरआमाभेटियो,family_reunification_status,validation
my sisterhs a deep wound,injury_report,validation
भूकम्पपछि दाजु लाई भेट्टाउन सकिएको छैन,family_member_missing,validation
just testing123,fallback_unclear,validation
mero aamako phone lagdaina bhukampa dekhi,family_member_missing,validation
need food supplies for family,food_water_request,validation
main road ban dcha,road_blockage_report,validation
entre building cme down in Bhaktapur,building_collapse_report,validation
khana ra pani sakiyo help,food_water_request,validation
how to stoop bleeding,first_aid_query,validation
हअिले मैले के कदम चाल्ने प्लिज,status_check_general,validation
काठमाडौंमा मस्पूर्ण भवन ढल्यो,building_collapse_report,validation
earthquake just occurred 5 minutesago,earthquake_occurring_report,validation
hii k help garna saknu hunxa,greeting,validation
critical patient needs ambulance now pls,medical_emergency_request,validation
road block bhayo landslide le hamro area najik help,road_blockage_report,validation
my sister is trapped under debris???,trapped_debris_report,validation
bhukampa aayo help,earthquake_occurring_report,validation
water supply cut offneed water,food_water_request,validation
thank u sira li help bhayo,goodbye_thanks,validation
strong gas smell in the building,gas_leak_report,validation
bhukampa pachi mero bhai lai bhettauna sakina pls,family_member_missing,validation
pani ko supply band bhayo pani chai,food_water_request,validation
my fther is uconscious,medical_emergency_request,validation
बुबा लाई सुरक्षित फेला परेको छ,family_reunification_status,validation
arko bhukampa aaunxaki,aftershock_information_query,validation
my grandfatther did not come home yet,family_member_missing,validation
found my grandmother at the relief camp asap,family_reunification_status,validation
ललितपुर मा जोडदार धक्का महसुस भयो???,earthquake_occurring_report,validation
dispalced nede a place to stay,shelter_request,validation
strong tremor felt justnow,earthquake_occurring_report,validation
can you sing a song urgent pls,fallback_unclear,validation
are you a real person urgent pls,fallback_unclear,validation
random tyype gardai xu,fallback_unclear,validation
आपतकालीन किटमा केके हुनुपर्छ,preparedness_tips_query,validation
next stepsk ho bhannu hos,status_check_general,validation
मेरो परिवारको सदस्य सुरक्षित भेटियो,family_reunification_status,validation
mero bhai lai chest ma duhkeko xa,medical_emergency_request,validation
what is th eevacuation route,evacuation_guidance_query,validation
wall khaseko le mero saathi lai tichyo,trapped_debris_report,validation
hiii,greeting,validation
पोखरा मा बिजुलीको तार खसेको छ,power_outage_report,validation
relief cmap najik cha ki pls,shelter_request,validation
hamro ghar pura bhatkiyo help,building_collapse_report,validation
process to reporta  family member found,family_reunification_status,validation
searching for my father in Kathmandu,family_member_missing,validation
राहत शिविरमा दाजु भेटियो छिटो,family_reunification_status,validation
ललितपुर मा बिजुली गएको छ प्लिज,power_outage_report,validation
आपतकालीन सामान कति पटक जाँच्ने???,preparedness_tips_query,validation
wll bhatkiyo roadma,building_collapse_report,validation
bhuakmpa aayo,earthquake_occurring_report,validation
राहत शिविरमा हजुरआमा भेटियो,family_reunification_status,validation
mero bhaisafe cha vanera status update garna man xa,family_reunification_status,validation
नमस्कार,greeting,validation
mero aama unconscious bhayo plz,medical_emergency_request,validation
building aliakti tilt bhayo danger cha ki,building_damage_check,validation
safe plcae kaha xa near Lalitpur pls,safe_location_query,validation
smell of gas after earthqauke,gas_leak_report,validation
ललितपुर माआगो लागकेो छ,fire_incident_report,validation
bhukampar eport garna man xa Kathmandu ma,earthquake_occurring_report,validation
howw to bandage a wound properly,first_aid_query,validation
नजिकै कुनै राहत शिविर छ कि,shelter_request,validation
my sister having chest pain,medical_emergency_request,validation
bhukampa gayo hamr oarea ma,earthquake_occurring_report,validation
we are stuck inside walls collapsed,trapped_debris_report,validation
Kathmandu najikk gas leak bhayo,gas_leak_report,validation
पराकम्प कति समयसम्म रहन्छ,aftershock_information_query,validation
gana gauna sakn uhuncha,fallback_unclear,validation
dhanyabad ekdum helpful thiyo,goodbye_thanks,validation
हामीलेअस्थायी आश्रय कहाँ पाउन सक्छौं,shelter_request,validation
हजुरबुबाभग्नावशेषमुनि थुनिनुभयो,trapped_debris_report,validation
behosh bhako manxe lai kasari elp garne,first_aid_query,validation
earthquake preparedness k otips dinu hos,preparedness_tips_query,validation
electricity is out across the neighborhood,power_outage_report,validation
जाजरकोट मा तोकिएको सुरक्षित क्षेत्र कहाँछ,safe_location_query,validation
बेहोस भएको मान्छेलाई कसरी मद्दत गर्ने छिटो,first_aid_query,validation
relief camp najik cha ki pls,shelter_request,validation
ghar bata dhuwa airaxa asap,fire_incident_report,validation
searching for my grandfather iin Lalitpur,family_member_missing,validation
police emergency number please,emergency_contact_request,validation
dhannyabad ekdum helpful thiyo,goodbye_thanks,validation
ठिकैछ छोड्नुहोस्,goodbye_thanks,validation
wall khaseko le mero buwa lai thichyo,trapped_debris_report,validation
bihana dkehi mero bhaibata khabar xaina,family_member_missing,validation
smoke coming from the hosue now,fire_incident_report,validation
will there be aftershocks???,aftershock_information_query,validation
earthquake hti Kathmandu just now,earthquake_occurring_report,validation
merobhai lai safely locate garya,family_reunification_status,validation
he yapp!!!,greeting,validation
क क क है,fallback_unclear,validation
जाजरकोट मा बिजुलीको तार खसेको छ!!,power_outage_report,validation
आमा लाई गहिरो घाउ छ,injury_report,validation
i need elp,sos_help_request,validation
के गर्ने भनेर मलाई मार्गदर्शन गर्नुहोस्,status_check_general,validation
ठिकै छ छोड्नुहोस् प्लिज,goodbye_thanks,validation
meero didi ko phone lagdaina bhukampa dekhi,family_member_missing,validation
emergency help neeedd,sos_help_request,validation
जाजरकोट नजिकैको घरमा आगो लागेको छ,fire_incident_report,validation
tell me what to do immedaitely,status_check_general,validation
my sister collapsed and not waking up,medical_emergency_request,validation
mero bhai lai chest ma dukheko xa,medical_emergency_request,validation
hey bhauju k cha asap,greeting,validation
brigde collapsed near Gorkha!!!,road_blockage_report,validation
safe place near me,safe_location_query,validation
भक्तपुर मा सम्ूपर्ण भवन ढल्यो छिटो,building_collapse_report,validation
सडकमा पर्खाल भत्कियो छिटो,building_collapse_report,validation
earthquake just occurred 5 minutes ago!!!,earthquake_occurring_report,validation
बुबा लाई एम्बुलेन्सचाहियो छिटो,medical_emergency_request,validation
hello madam!!!,greeting,validation
भक्तपुर को लागि निकासा योजना है,evacuation_guidance_query,validation
idk,fallback_unclear,validation
बेहोस भएको मान्छेलाई कसरी मद्दत गर्ने,first_aid_query,validation
नमस्ते दाइ,greeting,validation
हजुरआमा भग्नावशेषमुनिथुनिनुभयो,trapped_debris_report,validation
म डराएको छु मद्दत गर्नुहोस्,sos_help_request,validation
electricity cut off in our rea asap,power_outage_report,validation
गोर्खा नजिकको पुल भत्कियो,road_blockage_report,validation
तिमी को हौ हजुर,fallback_unclear,validation
के गर्ने भनेरमलाई मार्गदर्शन गर्नुहोस्,status_check_general,validation
mero bhai lai badly injury bhayo plz,injury_report,validation
where shoul di go for safety,safe_location_query,validation
merobuwa lia badly injury bhayo,injury_report,validation
help!!,sos_help_request,validation
अर्को भूकम्प आनउे छ कि प्लिज,aftershock_information_query,validation
पराकम्पकोजानकारीद िनुहोस्,aftershock_information_query,validation
emergency kit ma k khunu parxa,preparedness_tips_query,validation
weneed help,sos_help_request,validation
राष्ट्रिय आपतकाीलन कार्य केन्द्रको नम्बर,emergency_contact_request,validation
school rea ma ambulance patau na,medical_emergency_request,validation
where can we take shelter safely,safe_location_query,validation
haat bhachiyo help chai,injury_report,validation
mero didisnga abhi reunite bhayo,family_reunification_status,validation
हजुरआमा भग्नावशेषमुनि थुनिनुभयो,trapped_debris_report,validation
पोखरा मा तोकिएको सुरक्षित क्षेत्र कहाँ छ,safe_location_query,validation
"trapped, please send rrescue",trapped_debris_report,validation
mero buw debris muni thuniyo,trapped_debris_report,validation
mero bbhai ghar aaunu bhako xaina ahile smama,family_member_missing,validation
गर्भवतीमहिलालाई उपचार चाहियो,medical_emergency_request,validation
the house is shaking badly pls,earthquake_occurring_report,validation
mero mama ko phone lagdaina bhukampa dekhi???,family_member_missing,validation
help me right now urgent pls,sos_help_request,validation
earthquake in Gorka,earthquake_occurring_report,validation
hamro area ko lagi aftershock warning,aftershock_information_query,validation
my brother is inured badly,injury_report,validation
my hous ehas cracks is it safe,building_damage_check,validation
हजुर नमस्ते???,greeting,validation
safe place kaha xa near Bhaktapur,safe_location_query,validation
भूकम्पमा छत खस्यो है,building_collapse_report,validation
हेल्लो हजुर हजुर,greeting,validation
ok bye ta dhanyabbad,goodbye_thanks,validation
sabai hallyo bhukampa le,earthquake_occurring_report,validation
bhukapma pachi mero aama lai bhettauna sakina,family_member_missing,validation
काठमाडौं नजिक ग्यास चुहावट भयो,gas_leak_report,validation
मद्दतको लागिधन्यवाद,goodbye_thanks,validation
mero buwa pinned under debris malaih elp chai,trapped_debris_report,validation
bhukmpa pachi crack aayo pls,building_damage_check,validation
भूकम्पपछि भवनको सुरक्षाजाँच कसले गर्छ,building_damage_check,validation
earthquake hit Bhaktapur just now,earthquake_occurring_report,validation
भूकम्प अघि के के तयार राख्ने,preparedness_tips_query,validation
rescue chai xa ma thuniyeko xu,trapped_debris_report,validation
entirebuilding came down in Jajarkot,building_collapse_report,validation
any reilef cmap nearby,shelter_request,validation
ललितपुर मा आगो छिट्टै फैलिँदैछ,fire_incident_report,validation
भक्तपुरम ा बिजुली गएको छ,power_outage_report,validation
bhukampaaayo abhi,earthquake_occurring_report,validation
काठमाडौं नजिक पहिरोले सडकबन्द भयो,road_blockage_report,validation
relief camp ma mero buwa bhetiyo,family_reunification_status,validation
भूकम्पपछि आगलागी भयो,fire_incident_report,validation
is my partmnt structurally safe now,building_damage_check,validation
हिजोदेखि खानाछैन,food_water_request,validation
५ मिनेट अगाडि भूकम्प आयो!!,earthquake_occurring_report,validation
राति बस्न पाल चाहियो,shelter_request,validation
mero saathi lai chest ma dukehko xa,medical_emergency_request,validation
mero aama sangaabhi reunite bhayo,family_reunification_status,validation
najkai ko apartment bhatkiyo,building_collapse_report,validation
मलाईबचाउनुहोस्,sos_help_request,validation
i dont know whatto do,status_check_general,validation
भूकम्पपछि छोरीलाई भेट्टाउन सकिएको छैन,family_member_missing,validation
भक्तपुर को लगाि पराकम्प चेतावनी छिटो,aftershock_information_query,validation
bhukmapa gayo Pokhara ma,earthquake_occurring_report,validation
does this thing work,fallback_unclear,validation
यहाँ सफा पानी उपलब्ध छैन प्लिज,food_water_request,validation
my mother is trapped udner debris,trapped_debris_report,validation
भवन अलिकति ढल्किएको छ खतरा छ कि,building_damage_check,validation
chta khasyobhukampa ma,building_collapse_report,validation
stuck under a collapsed wall,trapped_debris_report,validation
steps to evcuate the buillding,evacuation_guidance_query,validation
निकासाको मार्ग के हो,evacuation_guidance_query,validation
woh made you,fallback_unclear,validation
hamro area ma safezone kaha cha,safe_location_query,validation
help???,sos_help_request,validation
पोखरा मा आगो लागेको छ,fire_incident_report,validation
my house has cracks is it safe,building_damage_check,validation
najikai ko apartmentbhatkiyo,building_collapse_report,validation
wnt to update status that my brother is safe,family_reunification_status,validation
ok got it dhnayabad bahini,goodbye_thanks,validation
सहयोग रग्नु न,sos_help_request,validation
आमा लाई गम्भीर चोट लागेको छ,injury_report,validation
hey SQAFE,greeting,validation
काठमाडौं मा बिजुलीकोतार खसेको छ,power_outage_report,validation
my brother has been located safely,family_reunification_status,validation
परिवारको भेला हुने ठाउँ कसरी योजना बनाउने,preparedness_tips_query,validation
पहिरोले एकमात्र सडक बन्द भयो,road_blockage_report,validation
पोखरा मा घर भत्कियो!!,building_collapse_report,validation
meero mama sanga contact tutyo,family_member_missing,validation
my grndfater is injured badly,injury_report,validation
help requied,sos_help_request,validation
building collapsedin Jajarkot,building_collapse_report,validation
mero bhai sanga contact tutyo,family_member_missing,validation
cylinder batagas chuhi raxa,gas_leak_report,validation
hi bot plz,greeting,validation
malaip illar le thichyo cannot move,trapped_debris_report,validation
aftershock kati strong uhncha,aftershock_information_query,validation
my grandmother is stuc kunder the roof,trapped_debris_report,validation
hamro raea najik ko pul bhatkiyo,road_blockage_report,validation
जाजरकोट मा घर भत्कियो हजुर,building_collapse_report,validation
आमा लाई छातीमा दुखाइ भइरहेोक छ प्लिज,medical_emergency_request,validation
hello jisanchai hunuhuncha,greeting,validation
भवनबाट निकासा गर्ने चरणहरू!!,evacuation_guidance_query,validation
गोर्खा नजिक पहिरोलेसडक बन्द भयो,road_blockage_report,validation
के म भवनभित्र फेरि जानमिल्छ,building_damage_check,validation
meroli help chaincha,sos_help_request,validation
क क क,fallback_unclear,validation
emergency supplies kati choti check ganre now,preparedness_tips_query,validation
how to evacuate wiith elderly people,evacuation_guidance_query,validation
building liaktitilt bhayo danger cha ki,building_damage_check,validation
भकूम्पपछि भवनको सुरक्षाजाँच कसले गर्छ,building_damage_check,validation
how to prepare kids foor earthquake drills,preparedness_tips_query,validation
food distribution pointnearby,food_water_request,validation
घरबाट धुवाँआइरहेको छ,fire_incident_report,validation
दाजु लडेरढाडमा चोटलाग्यो,injury_report,validation
can't move trapped under concrete,trapped_debris_report,validation
baby formula ra paani chai,food_water_request,validation
नमस्तेदाइ,greeting,validation
found my mother at the relief camp,family_reunification_status,validation
अहिले बुबासँग भेट भोय,family_reunification_status,validation
stuck can't get out,trapped_debris_report,validation
टाउकोबाट रगत बगिरेहको छ,injury_report,validation
सी पीआर कसरी गर्ने,first_aid_query,validation
random type gadai xu,fallback_unclear,validation
cut on my leg bleeding,injury_report,validation
aago chittai failira xa bazaar ma pls,fire_incident_report,validation
whatis the ambulance number,emergency_contact_request,validation
ल ठिक छ बाई,goodbye_thanks,validation
help required,sos_help_request,validation
कति पराकम्प आउने अपेक्षा छ,aftershock_information_query,validation
fire spreading fast inP okhara,fire_incident_report,validation
ok got it dhanyabad bahini,goodbye_thanks,validation
wall khaseko le mero aama lai thichyo,trapped_debris_report,validation
k garne vanera guide garnu hos help,status_check_general,validation
mausam kastocha,fallback_unclear,validation
highway blocked due to debris,road_blockage_report,validation
joke bhanna saknu huncha,fallback_unclear,validation
helpp,sos_help_request,validation
road bolck bhayo landslide le Kathmandu najik,road_blockage_report,validation
pinned under debris,trapped_debris_report,validation
बुबा र बालबालिकाका लागि आश्रयचाहियो,shelter_request,validation
काठमाडौं कोलागि पराकम्प चेतावीन,aftershock_information_query,validation
how ofte nsholud i check emergency supplies,preparedness_tips_query,validation
जे पनि टाइप गर्दैछु,fallback_unclear,validation
bihana dekhi mero aama bata khabar xaina,family_member_missing,validation
mero aama bbuwa ra kids ko lagi shelter chai,shelter_request,validation
पोखरा को लागि पराकमप् चेतावनी हजुर,aftershock_information_query,validation
worried about gas leak in apartment,gas_leak_report,validation
जारजकोट नजिकैको घरमा आगो लागेको छ,fire_incident_report,validation
help now,sos_help_request,validation
के हामी अहिले नै निकासा गर्नुपर्छ छिटो,evacuation_guidance_query,validation
my grandmother needs mabulance urgently,medical_emergency_request,validation
mero buwa lai deep wound xxa,injury_report,validation
हजुरआमा लाई छातीमा दुखाइ भइरहेको छ है,medical_emergency_request,validation
sos mai help chai,sos_help_request,validation
दाजु लाई सुरक्षित फेलापरेको छ,family_reunification_status,validation
emergency kit ma k k hunu parxa,preparedness_tips_query,validation
aago chittai faiira xa bazaar ma,fire_incident_report,validation
khana ra pan sakiyo,food_water_request,validation
हजुरबुबालाई एम्बुलेन्स चाहियो छिटो,medical_emergency_request,validation
सहयोग गर्नु ोहला,sos_help_request,validation
aftershock pachi ghar bhitra sutna safe cha ki,aftershock_information_query,validation
दाजु लाई सुरक्षित फेला परेको छ,family_reunification_status,validation
emergency helpeneded,sos_help_request,validation
काठमाडौं नजिक पहिरोले सडक बन्दभयो,road_blockage_report,validation
खुट्टामा घाउ भएर रगत बगिरहेको छ,injury_report,validation
tourist police ko number dinu hos,emergency_contact_request,validation
सहयोगको लागि धन्यवाद,goodbye_thanks,validation
mero buw sanga abhi reunitebhayo,family_reunification_status,validation
मलाई तुरुन्तै के गर्ने भनेर भन्नुहोस्,status_check_general,validation
घरमा ग्यास चुाहवट भयो,gas_leak_report,validation
tourist police number please,emergency_contact_request,validation
ftershock katistrong huncha,aftershock_information_query,validation
where can we get temporary shelter,shelter_request,validation
lost contact withmy mother,family_member_missing,validation
thnak you,goodbye_thanks,validation
ebhosh bhako manxe laikasari help garne,first_aid_query,validation
my father is innjured badly,injury_report,validation
who madeyou,fallback_unclear,validation
भेटिएको परिवार सदस्य कसरी दर्ता गर्ने???,family_reunification_status,validation
फेरि भेटौंला है,goodbye_thanks,validation
what actions should i take now,status_check_general,validation
mero bhi lai badly innjury bhayo,injury_report,validation
yahsaaaf pani xaina,food_water_request,validation
buhkampa pachi mero bhai lai bhettauna sakina pls,family_member_missing,validation
hey there,greeting,validation
found my brother at the relief camp,family_reunification_status,validation
आमा लाई छातीमा दुखाइ भइरहेको छ प्लिज,medical_emergency_request,validation
ghar ekdam hallyo earthquake hokik  ho,earthquake_occurring_report,validation
ahile  garne ma,status_check_general,validation
mlai pillar le thichyo cannot move,trapped_debris_report,validation
